album_mbid,album_name,artist_name,album_key
,Nothing Was the Same (Deluxe),Drake,nothing was the same (deluxe)||drake
5d4d0579-202b-4b63-9e3b-e2d22c3c1cb5,Friday Night Lights,J. Cole,friday night lights||j. cole
32ef7c3f-96bb-44a3-aa4d-7aa8c9640cf9,2014 Forest Hills Drive,J. Cole,2014 forest hills drive||j. cole
399f294f-a7a1-4cd4-a19b-7f32afa7dd13,Scorpion,Drake,scorpion||drake
,Mute,Jan Blomqvist,mute||jan blomqvist
31542e2b-a7ad-4259-ab5b-f4bf22ff4e2c,Breathing,Ben Böhmer,breathing||ben böhmer
2e4eea24-84b8-460f-a871-89b00ad2ab3d,Far Away Place (Jody Wisternoff & James Grant Remix),Xinobi,far away place (jody wisternoff & james grant remix)||xinobi
,Excuse My French (Deluxe),French Montana,excuse my french (deluxe)||french montana
178b087a-2e9a-4051-b81e-0e5e365f64af,Trilogy,The Weeknd,trilogy||the weeknd
,ASTROWORLD,Travis Scott,astroworld||travis scott
,Her Love Still Haunts Me Like a Ghost,Montell Fish,her love still haunts me like a ghost||montell fish
79014bd3-d9ee-4ae8-8c3d-64ee19c2d3f1,Because the Internet,Childish Gambino,because the internet||childish gambino
1475431a-cfd3-43ad-bf09-b3826118446f,In Rainbows,Radiohead,in rainbows||radiohead
e563292f-5a19-4cf4-87ca-a6820f9dc96e,La Familia 013,Charlie Brown Jr.,la familia 013||charlie brown jr.
0ec052ee-8c50-48f3-8682-501778dfc823,Parachutes,Coldplay,parachutes||coldplay
,Kiss Land (Deluxe),Kavinsky,kiss land (deluxe)||kavinsky
04429e02-5d69-48c9-9e5a-22ba084e1e40,dont smile at me,Billie Eilish,dont smile at me||billie eilish
fcfc37b7-183d-4d02-af46-1c0d15845a15,The Boy Who Played the Harp,Dave,the boy who played the harp||dave
29f224ac-498d-4dcb-9a07-22b1293288ae,21,Adele,21||adele
2e817d2f-34a3-3e6a-97e9-376453421fea,808s & Heartbreak,Kanye West,808s & heartbreak||kanye west
,Born Sinner (Deluxe Version),J. Cole,born sinner (deluxe version)||j. cole
0b92cfbb-3d3f-42c0-8f24-b9ffed2179ea,More Life,Drake,more life||drake
2a69b7f2-5373-47fe-8ec3-d80571117c41,Summer Pack,Childish Gambino,summer pack||childish gambino
2728659f-ae53-44b2-acd8-993d0e803b56,Love Deluxe,Sade,love deluxe||sade
63940991-61dd-4f63-a142-d6ddfa7700dd,"My Dear Melancholy,",The Weeknd,"my dear melancholy,||the weeknd"
5dea9c0e-cadd-4edf-86ff-aa35f63fb7d4,Views,Drake,views||drake
45127ff8-0a5e-41a8-94e4-53b0184b0fe8,Saturday Night Wrist,Deftones,saturday night wrist||deftones
e7d73cae-52a1-46a1-b7ea-ad4b8061f3de,Surrender,RÜFÜS DU SOL,surrender||rüfüs du sol
2ac33cc2-a2e3-4275-8afd-fb01cf016465,White Pony,Deftones,white pony||deftones
,Be Someone,KVSH,be someone||kvsh
,333,Matuê,333||matuê
16ff2d98-395c-4c87-aac8-cc4d62a853ec,Kiss Land,The Weeknd,kiss land||the weeknd
,The Odyssey (Original Motion Picture Soundtrack),James Blake,the odyssey (original motion picture soundtrack)||james blake
3b8d3080-2dad-4184-b603-f1ff226dea4d,Say Yes,Iyeoka,say yes||iyeoka
,The E.N.D. (The Energy Never Dies) [Deluxe Version],Black Eyed Peas,the e.n.d. (the energy never dies) [deluxe version]||black eyed peas
43869ac5-c515-41a4-8ce1-d4a0c67e30c1,HIT ME HARD AND SOFT,Billie Eilish,hit me hard and soft||billie eilish
,Take Care (Deluxe),Drake,take care (deluxe)||drake
16a0fd7d-307d-4721-9c2b-ddb0d1d847d8,What You Heard,Sonder,what you heard||sonder
,Snow On Tha Bluff,J. Cole,snow on tha bluff||j. cole
620e4932-cae3-49d0-9d87-a2685bd4c9c0,4 Your Eyez Only,J. Cole,4 your eyez only||j. cole
4e102cda-b8f6-4242-b4ae-ce2d16a5eac7,Say Yes to Heaven,Lana Del Rey,say yes to heaven||lana del rey
,Born to Die - The Paradise Edition,Lana Del Rey,born to die - the paradise edition||lana del rey
,Ultraviolence (Deluxe),Lana Del Rey,ultraviolence (deluxe)||lana del rey
0c6272c4-f50a-4f80-a302-497038a7f5a0,Young and Beautiful,Lana Del Rey,young and beautiful||lana del rey
00d42a8c-af17-46c3-a20f-f439b46ffe77,Lust for Life,Lana Del Rey,lust for life||lana del rey
017e0265-782e-4242-b471-1f83bba572d2,Honeymoon,Lana Del Rey,honeymoon||lana del rey
08674cb6-f3a6-4898-90da-773e5ef42fc1,Norman Fucking Rockwell!,Lana Del Rey,norman fucking rockwell!||lana del rey
15abc386-ded2-4fda-b1a2-5a25239f922b,Globalization,Pitbull,globalization||pitbull
,Thursday (Original),The Weeknd,thursday (original)||the weeknd
02d78856-1aac-4ef7-a1ed-356aaad0eb35,War & Leisure,Miguel,war & leisure||miguel
042e3733-608b-44f8-8976-a5a7fd537d2b,The Eminem Show,Eminem,the eminem show||eminem
04a39f6a-60fd-4b78-9884-7fd18451c720,Believe,Justin Bieber,believe||justin bieber
03df4db8-d281-47af-acbe-e21e38ad8806,Evil Genius,Gucci Mane,evil genius||gucci mane
,$ome $exy $ongs 4 U,PARTYNEXTDOOR,$ome $exy $ongs 4 u||partynextdoor
793f7f24-2c69-4bb7-87e4-9b5c6f535535,Born in the Wild,Tems,born in the wild||tems
20933c42-2775-4793-9b7d-28573d5050bd,Shine,Estelle,shine||estelle
1fadba07-1755-48ec-bced-07dd7080886c,ICEMAN,Drake,iceman||drake
16f3fcf2-4511-4c8c-93bb-b4c8910aa9db,Novacane,Frank Ocean,novacane||frank ocean
bbf59414-c368-431c-b8c5-59b2806059ee,Sail Out,Jhené Aiko,sail out||jhené aiko
,NOT ALL HEROES WEAR CAPES (Deluxe),Metro Boomin,not all heroes wear capes (deluxe)||metro boomin
04eb758b-00ef-4ea7-98ee-635581bdadd2,KOD,J. Cole,kod||j. cole
,East Atlanta Love Letter,6LACK,east atlanta love letter||6lack
0e407fbd-58c1-45b3-adc5-a6ac5d945509,Camp,Childish Gambino,camp||childish gambino
0ecabc36-053c-405f-92eb-00333aa23ec5,Comedown Machine,The Strokes,comedown machine||the strokes
e187359c-f47b-4dd8-9172-565be0893c10,All I Want Is You,Miguel,all i want is you||miguel
66de5e14-0642-4803-998c-3ecdf504134d,HEROES & VILLAINS,Metro Boomin,heroes & villains||metro boomin
28ebb1ba-6a30-4fd9-83e9-a0aa6925b044,The Love Album: Off The Grid,Diddy,the love album: off the grid||diddy
1a3e39b4-562a-43d4-ac12-b1bf466abb11,Planet Her,Doja Cat,planet her||doja cat
,Echoes Of Silence (Original),The Weeknd,echoes of silence (original)||the weeknd
71f55f85-7d28-4346-b029-9dce4d49f784,Mastermind,Rick Ross,mastermind||rick ross
0942e4a8-50fe-404b-b75e-36d449a20130,Hyperion,Gesaffelstein,hyperion||gesaffelstein
96b8c03b-5cbc-426a-83a0-01252af5467d,King of the Fall,The Weeknd,king of the fall||the weeknd
,The Fall-Off is Inevitable,J. Cole,the fall-off is inevitable||j. cole
1e5803df-8923-4bed-9297-e707ffc8de92,channel ORANGE,Frank Ocean,channel orange||frank ocean
18701a2e-8ca7-46ed-b233-33dde2c2197e,Certified Lover Boy,Drake,certified lover boy||drake
87fa0459-f9b1-4ed7-bbb1-95f032b24647,Decode,Paramore,decode||paramore
1d111070-f18f-495d-b170-d3eaabbac712,Dawn,Yebba,dawn||yebba
,Lonely,VisionV,lonely||visionv
8a61af61-cb44-497e-9bb1-2b7b137b3bfe,After Hours,The Weeknd,after hours||the weeknd
6fca12fa-9176-45dd-84ae-10f3c7261411,Tana Talk 4,Benny the Butcher,tana talk 4||benny the butcher
,Need You Now (Adriatique Remix),Howling,need you now (adriatique remix)||howling
,House of Balloons (Original),The Weeknd,house of balloons (original)||the weeknd
283615da-bf6a-4a4d-a8b6-5486fa82ab04,Lupe Fiasco's The Cool,Lupe Fiasco,lupe fiasco's the cool||lupe fiasco
,Vampiro,Matuê,vampiro||matuê
1bb059bb-47a5-4adc-a16e-ef1b30bc9610,The Return of East Atlanta Santa,Gucci Mane,the return of east atlanta santa||gucci mane
26d2002d-cd52-4774-88f2-7ee6d4f53503,If You're Reading This It's Too Late,Drake,if you're reading this it's too late||drake
0082a45d-e072-450e-a614-fd1496efc4a8,Notion,Tash Sultana,notion||tash sultana
,Hide U (Tinlicker Remix),Kosheen,hide u (tinlicker remix)||kosheen
d6091fdc-58a1-4659-8d31-7b2be5021e20,UTOPIA,Travis Scott,utopia||travis scott
,Cheyenne,Trilucid,cheyenne||trilucid
,Un-Thinkable (I'm Ready) (Feat. Drake) [Remix],Alicia Keys,un-thinkable (i'm ready) (feat. drake) [remix]||alicia keys
3d9fab7e-c1b6-472f-bf74-45da76b0b871,Assume Form,James Blake,assume form||james blake
,Live At Sin-é (Legacy Edition),Jeff Buckley,live at sin-é (legacy edition)||jeff buckley
0164ea1e-5587-4396-ac9d-8611f608b2da,Back to Black,Amy Winehouse,back to black||amy winehouse
0c0fa6cd-004e-435c-bf57-7b3ccac115d0,25,Adele,25||adele
01c39115-fbc5-31c0-8fc0-1a48bb8e0b1e,Favourite Worst Nightmare,Arctic Monkeys,favourite worst nightmare||arctic monkeys
08791ceb-9f2a-4f48-9fb7-9eab2df6fc6e,Starboy,The Weeknd,starboy||the weeknd
36bf1eb1-2919-49f2-b0c8-246045e87ac2,Paradise Again,Swedish House Mafia,paradise again||swedish house mafia
0e420519-c538-4448-889d-88ea5c5c0a81,Playboy,Tory Lanez,playboy||tory lanez
aebc023f-1eea-4e3a-ab60-5400b15f5ef8,Levi Don't Do It,BUNT.,levi don't do it||bunt.
1a158952-0a0d-372f-a37f-325c50641b8a,Only by the Night,Kings of Leon,only by the night||kings of leon
1eab6574-ab5c-3480-a5bd-8603505a7a89,Eyelid Movies,Phantogram,eyelid movies||phantogram
1453ab4c-a8ed-447e-b296-6e6792b54487,Energía,J Balvin,energía||j balvin
,Famouz,JHAYCO,famouz||jhayco
b059307f-5799-4f26-841d-6b6ecc64eef5,Jungle,The Blaze,jungle||the blaze
209ad4ec-df53-4667-b45f-38413802b94b,Freudian,Daniel Caesar,freudian||daniel caesar
3b3c7187-091b-4701-bf6a-d4e05f64296d,"Honestly, Nevermind",Drake,"honestly, nevermind||drake"
03bdfdea-d9a7-4e8d-8da5-6fb1e264ed26,Journals,Justin Bieber,journals||justin bieber
,Believe (Deluxe Edition),Justin Bieber,believe (deluxe edition)||justin bieber
d2894ab4-6776-41be-971a-d0101e9f6a56,DeBÍ TiRAR MáS FOToS,Bad Bunny,debí tirar más fotos||bad bunny
75c9f87f-926c-45fe-8919-3f1fb333945c,"At The Beach, In Every Life",Gigi Perez,"at the beach, in every life||gigi perez"
6d8f2455-baa3-423c-8607-b7ea4a560fe3,Harry's House,Harry Styles,harry's house||harry styles
,O.N.I.F.C. (Deluxe),Wiz Khalifa,o.n.i.f.c. (deluxe)||wiz khalifa
010ceb44-ac45-3163-b8ea-2784b8be4628,The Massacre,50 Cent,the massacre||50 cent
6d609286-b22a-49dc-91c8-8b3a446ede33,Feels,Snoh Aalegra,feels||snoh aalegra
,Te Amar Demais,Sodré,te amar demais||sodré
0095938b-b9a2-4f72-86ee-9be5c35ee0fd,Happier Than Ever,Billie Eilish,happier than ever||billie eilish
,Gardener of Eden,Saint Avangeline,gardener of eden||saint avangeline
,In Rainbows (Disk 2),Radiohead,in rainbows (disk 2)||radiohead
159fce04-c86a-43ae-b255-1184ffe60b61,T R A P S O U L,Bryson Tiller,t r a p s o u l||bryson tiller
63ce2c2e-a121-4f77-a909-531116b56fa0,Hot Pink,Doja Cat,hot pink||doja cat
06fe03f3-073e-48cc-8c87-2f70dc2dac7f,Heart Shaped World,Chris Isaak,heart shaped world||chris isaak
409a9e55-9fba-47f1-9eb8-c3a01c1df0e1,Larger Than Life,Brent Faiyaz,larger than life||brent faiyaz
08f54f68-7c89-4e22-8a0f-ac2b06e48568,Blonde,Frank Ocean,blonde||frank ocean
07f03099-1d5d-4ba3-a833-244617c36335,The Gifted,Wale,the gifted||wale
63d6f17e-42e0-4cb9-ac39-b81e947adcd2,Never Say Never - The Remixes,Justin Bieber,never say never - the remixes||justin bieber
,Unapologetic (Deluxe),Rihanna,unapologetic (deluxe)||rihanna
a98fb1a5-6eb4-4ab8-a004-b446e8da4cfe,The Divine Feminine,Mac Miller,the divine feminine||mac miller
,NEVER ENOUGH,Daniel Caesar,never enough||daniel caesar
2c95578f-43c9-4de5-83f7-c4bfddd1010e,Free 6LACK,6LACK,free 6lack||6lack
,A N N I V E R S A R Y,Bryson Tiller,a n n i v e r s a r y||bryson tiller
,Purpose (Deluxe),Justin Bieber,purpose (deluxe)||justin bieber
,ANTI (Deluxe),Rihanna,anti (deluxe)||rihanna
d4ee46ca-118f-4ad6-8421-6f597846f78c,THE FIRST TIME,The Kid LAROI,the first time||the kid laroi
,Get You - Single,Daniel Caesar,get you - single||daniel caesar
,FutureSex/LoveSounds Deluxe Edition,Justin Timberlake,futuresex/lovesounds deluxe edition||justin timberlake
0c5053b3-932d-49ab-9e12-dcef32eefd6f,Get Rich or Die Tryin',50 Cent,get rich or die tryin'||50 cent
,Only One Flo (Part 1),Flo Rida,only one flo (part 1)||flo rida
,1989 (Deluxe),Taylor Swift,1989 (deluxe)||taylor swift
175a05d9-535f-44e1-8ec8-74cd044951b4,Curtis,50 Cent,curtis||50 cent
,FAMOSINHA,DJ CAIO VIEIRA,famosinha||dj caio vieira
,Eu Vou Te Comer Sorrindo,MC Guto VGS,eu vou te comer sorrindo||mc guto vgs
,2026,Jhow,2026||jhow
,Posso Até Não Te Dar Flores,DJ Japa NK,posso até não te dar flores||dj japa nk
2739c4a3-7ea0-4cf1-b6a9-37091f5f9138,Don't Be Dumb,A$AP Rocky,don't be dumb||a$ap rocky
0aaf3bcf-8437-4be7-a025-68cba9a7ec62,AT.LONG.LAST.A$AP,A$AP Rocky,at.long.last.a$ap||a$ap rocky
,Poison,Brent Faiyaz,poison||brent faiyaz
c69af95e-7a0b-4315-ac54-9ead2f49129e,The Warm Up,J. Cole,the warm up||j. cole
6717c7af-4696-411e-a89c-c67310efe601,Medea,Avenoir,medea||avenoir
072d9bec-58b3-4204-ba5e-7b16f06eb971,Diamond Eyes,Deftones,diamond eyes||deftones
458e3599-5ac9-4302-bb8c-49c34177fa15,the theory of you,ivri,the theory of you||ivri
69e70c2a-fcf2-4243-9ad2-5bf2c08b7db0,In Utero (Deluxe Edition),Nirvana,in utero (deluxe edition)||nirvana
03bfb2be-bb2e-3252-ae04-ed15e2c333c6,Toxicity,System of a Down,toxicity||system of a down
05103752-5916-3f35-841d-25e780df5110,Results May Vary,Limp Bizkit,results may vary||limp bizkit
02b23593-ad18-4c8c-b30a-5c96b4796289,Bleach,Nirvana,bleach||nirvana
09a3d665-52a3-40b8-b568-a227e8a8a3fc,Around the Fur,Deftones,around the fur||deftones
5974fd75-ff80-449e-8a80-98ce2ed59e5f,GO:OD AM,Mac Miller,go:od am||mac miller
,WHO DO U LUV,Avenoir,who do u luv||avenoir
906fd5e9-d637-4140-967b-5926b968eb04,Care Package,Drake,care package||drake
,Chixtapes (Trilogy),Tory Lanez,chixtapes (trilogy)||tory lanez
,All I Need,Lloyd,all i need||lloyd
a09ba86f-dcff-4a05-9ca8-b91b93b4ab1d,Alone at Prom,Tory Lanez,alone at prom||tory lanez
703498c2-0b1d-4c69-899e-fd2a565be31f,In For It,Tory Lanez,in for it||tory lanez
0405cb4c-fc88-3338-b5d6-1fa71a9562e4,The Bends,Radiohead,the bends||radiohead
0c63d2e4-2a99-4cc4-8991-a88dba182bbd,Hypnotize,System of a Down,hypnotize||system of a down
0d33ef7a-1f5d-4365-b807-b412271b99c3,Mezzanine,Massive Attack,mezzanine||massive attack
,Jar,Superheaven,jar||superheaven
6bb07d49-4b29-40ab-a910-1d19151dad55,eat me alive / u don't have to tell me,Artemas,eat me alive / u don't have to tell me||artemas
,Kaleidoscope Dream (Deluxe Version),Miguel,kaleidoscope dream (deluxe version)||miguel
0e6bd297-d1b2-4386-8c0a-8d50eb2a33a1,Beauty Behind the Madness,The Weeknd,beauty behind the madness||the weeknd
,Favour,Avenoir,favour||avenoir
9de42890-9df4-4508-ac2c-ef18b5d8a77f,Window Shopper,50 Cent,window shopper||50 cent
e1517de5-bc82-47bd-a22d-b549736cef17,Wish I Never Met You (Prison Tapes),Tory Lanez,wish i never met you (prison tapes)||tory lanez
abf26698-68db-4069-96cb-6e368ef12c0f,Thee Sacred Souls,Thee Sacred Souls,thee sacred souls||thee sacred souls
1c1bf31f-cd18-4ba3-9dba-8171ccf6f4ec,Here Comes the Cowboy,Mac DeMarco,here comes the cowboy||mac demarco
62bd84b5-1c38-4d27-9176-ea0716d51064,Swimming,Mac Miller,swimming||mac miller
25171347-3475-4181-a3b3-cc2fc479d9fe,"""Awaken, My Love!""",Childish Gambino,"""awaken, my love!""||childish gambino"
407e5dad-7709-41b9-8ef4-6addb3b5776e,This Old Dog,Mac DeMarco,this old dog||mac demarco
1651a365-e79b-4ec6-9d34-357f848b71d7,Cássia Eller,Cássia Eller,cássia eller||cássia eller
,Acústico (Ao Vivo),Cássia Eller,acústico (ao vivo)||cássia eller
0950f558-09af-4813-a038-00b1c0ecc34a,A Arte De Tim Maia,Tim Maia,a arte de tim maia||tim maia
,Cartola (1976),Cartola,cartola (1976)||cartola
cb7defec-a23b-4fe3-8f1d-8028d110f3b2,Semente,Armandinho,semente||armandinho
,Tim Maia 1970,Tim Maia,tim maia 1970||tim maia
55e832ab-038e-412f-86b4-52907440ef8b,O Descobridor Dos Sete Mares,Tim Maia,o descobridor dos sete mares||tim maia
0e9f6a6a-cf82-4717-a5ff-efe0865e6ccd,Hustler's Ambition,50 Cent,hustler's ambition||50 cent
17b2a331-70e3-4542-a977-5023e4c4e038,Sailing Soul(s),Jhené Aiko,sailing soul(s)||jhené aiko
e7501c1d-a495-48f8-8a41-ec2d1526c976,AFTER HOURS,Avenoir,after hours||avenoir
605cd1d9-4701-420a-b834-0fb8fc837be9,NOIRE,Avenoir,noire||avenoir
2e93d331-44d2-48d2-a5d3-ca348e25e2df,Dia Especial,Tiago Iorc,dia especial||tiago iorc
f874545f-096c-4ea3-bc3b-f41b97c034c5,i just wanna feel your love again,Montell Fish,i just wanna feel your love again||montell fish
5c8a772d-fb0a-46ab-a5d8-6317546b727a,Fine Line,Harry Styles,fine line||harry styles
896c917b-6cf0-47b4-a55d-de3d0de71497,Pegasus,Trippie Redd,pegasus||trippie redd
,Running on E,Brent Faiyaz,running on e||brent faiyaz
114356f9-333f-45f3-898d-00106f3aee45,Rodeo,Travis Scott,rodeo||travis scott
,Shameless,Avenoir,shameless||avenoir
,Pontos de Exclamação,Jovem Dionisio,pontos de exclamação||jovem dionisio
,Saudade,Luiz Lins,saudade||luiz lins
3f8efa7e-0ce8-484d-a37c-32b18f693724,Tribalistas,Tribalistas,tribalistas||tribalistas
1749dd07-5aa9-436e-babc-e3e982deb273,Dois,Legião Urbana,dois||legião urbana
ac3cc2de-61d7-48c3-99fc-d3ad7d3a848b,100% Charlie Brown JR - Abalando a Sua Fábrica,Charlie Brown Jr.,100% charlie brown jr - abalando a sua fábrica||charlie brown jr.
,Naturalidade,pumapjl,naturalidade||pumapjl
,A Música Mais Triste do Ano,Luiz Lins,a música mais triste do ano||luiz lins
,Ari Acústico,Ari,ari acústico||ari
2d8484f1-6ed3-4bb0-b8ac-ad2c2b69835e,These Things Happen,G-Eazy,these things happen||g-eazy
1b6dbf31-79e5-4ce2-8166-fd021a2335bd,Over It,Summer Walker,over it||summer walker
0dfea1b2-f914-430a-aee6-c440d995f9c5,Chanel,Frank Ocean,chanel||frank ocean
,Kiss Land (Deluxe),The Weeknd,kiss land (deluxe)||the weeknd
70cc88ee-d52b-4781-a7f0-2da64ef65cd0,HNDRXX,Future,hndrxx||future
,Poesia Acústica,MC Cabelinho,poesia acústica||mc cabelinho
,Barcelona (Papasessions #2),PK,barcelona (papasessions #2)||pk
,Perdição,L7NNON,perdição||l7nnon
169957aa-2ca8-42a8-ba02-71bdf3fe26ff,AM,Arctic Monkeys,am||arctic monkeys
6387fb89-90a9-469d-b96a-b682982a409c,Swim Good,Frank Ocean,swim good||frank ocean
e5e66d5c-afbf-4555-a75a-86505e3c67f4,PARTYNEXTDOOR,PARTYNEXTDOOR,partynextdoor||partynextdoor
2e5d3d3f-bf12-43eb-99bc-94a69fa057fa,Watching Movies With the Sound Off,Mac Miller,watching movies with the sound off||mac miller
,In Tongues (Deluxe),Joji,in tongues (deluxe)||joji
,Hurry Up Tomorrow,The Weeknd,hurry up tomorrow||the weeknd
,Gamma,Cloke,gamma||cloke
,Encore (Deluxe Version),Eminem,encore (deluxe version)||eminem
033ddd2b-d499-426e-872a-697a1b5ca0c2,"WHEN WE ALL FALL ASLEEP, WHERE DO WE GO?",Billie Eilish,"when we all fall asleep, where do we go?||billie eilish"
,Icarus Falls,ZAYN,icarus falls||zayn
,Tim Maia 1973,Tim Maia,tim maia 1973||tim maia
,Música Popular Caiçara: Edição Luxo (Ao Vivo),Charlie Brown Jr.,música popular caiçara: edição luxo (ao vivo)||charlie brown jr.
,Lost In Love,shRk,lost in love||shrk
1e1ea80c-4e62-4d68-b3f5-464ae29b4c67,LIFE'S A TRIP,Trippie Redd,life's a trip||trippie redd
8137ca0f-123a-4800-8b28-f1f3be6c938d,BALLADS 1,Joji,ballads 1||joji
,Love Wounds 2,prxz,love wounds 2||prxz
,jamie,Montell Fish,jamie||montell fish
19c937af-98b3-4cf4-bba7-5dede9fd1fc9,X&Y,Coldplay,x&y||coldplay
29fc7037-7ef0-4396-9a79-4a150515eace,The Beautiful & Damned,G-Eazy,the beautiful & damned||g-eazy
,pretty,Artemas,pretty||artemas
,Hard to Imagine the Neighbourhood Ever Changing,The Neighbourhood,hard to imagine the neighbourhood ever changing||the neighbourhood
,"Clean Sheets, dirty walls",Cleffy,"clean sheets, dirty walls||cleffy"
,HOT N COLD - HARDSTYLE,Poseidon,hot n cold - hardstyle||poseidon
,GYM HARDSTYLE SONGS | POPULAR GYM HARDSTYLE SONGS | TIK TOK GYM HARDSTYLE SONGS,Poseidon,gym hardstyle songs | popular gym hardstyle songs | tik tok gym hardstyle songs||poseidon
,Tha Carter IV (Explicit Version),Lil' Wayne,tha carter iv (explicit version)||lil' wayne
5492c6d0-f588-4d9a-b759-bc373e861ee2,"Preço Curto, Prazo Longo",Charlie Brown Jr.,"preço curto, prazo longo||charlie brown jr."
,XOXO (Music from the Netflix Original Film),Alok,xoxo (music from the netflix original film)||alok
da6f3951-eb58-4de6-a2e8-0fcb87e37935,Chase Atlantic,Chase Atlantic,chase atlantic||chase atlantic
,Watch the Throne,JAY-Z,watch the throne||jay-z
b82458a3-7d3a-495f-861f-8698731c4dd0,SOS,SZA,sos||sza
0be417db-246a-31d8-9e93-636b3ba464d6,Justified,Justin Timberlake,justified||justin timberlake
,Revenge of the Dreamers III,Dreamville,revenge of the dreamers iii||dreamville
7c1aa446-6ec0-4df5-a867-16a4bf6548ef,The Melodic Blue,Baby Keem,the melodic blue||baby keem
1bc658ed-82ce-4092-a47b-db4ca7ac2ee1,Clouds,J. Cole,clouds||j. cole
45a1c632-31e1-454a-8b1f-483d5823fd70,No Time to Die,Billie Eilish,no time to die||billie eilish
03c93d2c-430c-4961-97b0-56e0d7cb754b,A Rush of Blood to the Head,Coldplay,a rush of blood to the head||coldplay
76228ca1-0a4a-4a75-859c-4c12c6cfcb6a,It Will Rain,Bruno Mars,it will rain||bruno mars
19a54c1f-07af-48db-8990-62a2208e18d4,everything i wanted,Billie Eilish,everything i wanted||billie eilish
06399b45-57a0-42e4-b048-43908b3e4a53,Depression Cherry,Beach House,depression cherry||beach house
002022bb-276c-455a-8cb9-2848b77c37b8,Pure Heroine,Lorde,pure heroine||lorde
,Back to Black (Deluxe Edition),Amy Winehouse,back to black (deluxe edition)||amy winehouse
0835769f-8995-4720-9937-6ed89eff8b42,Unorthodox Jukebox,Bruno Mars,unorthodox jukebox||bruno mars
03651c58-0658-4fee-96be-199ad9b08541,Guitar Songs,Billie Eilish,guitar songs||billie eilish
1bae2be4-95e0-4a9e-9012-c12565ccb9ba,Harry Styles,Harry Styles,harry styles||harry styles
,Não Fosse Tão Tarde (Speed),Lou Garcia,não fosse tão tarde (speed)||lou garcia
,Revival (Deluxe),Selena Gomez,revival (deluxe)||selena gomez
0182bd21-033a-41e9-bfcf-79feaefb56b2,V,Maroon 5,v||maroon 5
,Eyes Without a Face,Sinnerella,eyes without a face||sinnerella
,Shades Of Violet,Vestron Vulture,shades of violet||vestron vulture
,Lionheart,Vestron Vulture,lionheart||vestron vulture
07539421-483d-401b-8f7f-12f5141539c2,More,Jan Blomqvist,more||jan blomqvist
,Canopée des Cîmes,Jan Blomqvist,canopée des cîmes||jan blomqvist
,Babydoll x The Perfect Girl,HARDSTYLE DEMON,babydoll x the perfect girl||hardstyle demon
,TMW,Avenoir,tmw||avenoir
,Solas,Jamie Duffy,solas||jamie duffy
,Love You More Than Me,Montell Fish,love you more than me||montell fish
,Sad Hours,shRk,sad hours||shrk
1395477c-a71e-4058-a893-d33dfcad6a4b,17,XXXTENTACION,17||xxxtentacion
0b6b4ba0-d36f-47bd-b4ea-6a5b91842d29,OK Computer,Radiohead,ok computer||radiohead
,love wounds,prxz,love wounds||prxz
,Creed III: The Soundtrack,Dreamville,creed iii: the soundtrack||dreamville
,Cayendo (Side A - Acoustic),Frank Ocean,cayendo (side a - acoustic)||frank ocean
2393a103-7a8c-494c-b59c-291401bd59b7,CHARLOTTE,Montell Fish,charlotte||montell fish
,Someday I'll Get It,Alek Olsen,someday i'll get it||alek olsen
,VOL. 1,Novulent,vol. 1||novulent
0c9d1f71-d2ce-412d-8f44-c9191c420781,hotline (edit),Billie Eilish,hotline (edit)||billie eilish
7126d65b-d6ba-4096-9ec4-52e6bf4404ec,SKINS,XXXTENTACION,skins||xxxtentacion
,Paper Soldier (feat. Joony),Brent Faiyaz,paper soldier (feat. joony)||brent faiyaz
dfb0705a-4a3c-49a3-b6a2-244961c33756,A.M. Paradox,Brent Faiyaz,a.m. paradox||brent faiyaz
7b49d6e0-bc96-4b83-b8b4-4c8aa483fa99,I NEVER LIKED YOU,Future,i never liked you||future
7c8ae7fe-5480-4388-9166-b9634fb3b76d,Dear April (Side A - Acoustic),Frank Ocean,dear april (side a - acoustic)||frank ocean
5f70f8b6-0b7e-43ae-8a9c-7fa1eed7f38f,?,XXXTENTACION,?||xxxtentacion
156a7344-89e1-49fb-b3d3-9525c1ee5a5f,The Marshall Mathers LP,Eminem,the marshall mathers lp||eminem
67df31dd-0411-4671-bfbe-a0ac64c61a7a,Stay Schemin,Rick Ross,stay schemin||rick ross
7fc1089f-3ab1-4232-97a2-fe62f9ca9d7c,EVOL,Future,evol||future
,Nostalgia - EP,Chase Atlantic,nostalgia - ep||chase atlantic
,Nobody But You,Sonder,nobody but you||sonder
461eac33-7edd-481a-a7d1-089ec6fc01af,Fuck the World,Brent Faiyaz,fuck the world||brent faiyaz
,CAPSULE,Nobu Woods,capsule||nobu woods
,Late Nights: The Album,Jeremih,late nights: the album||jeremih
075b62e8-ed2b-3330-91dc-46f4e9799ec7,FutureSex/LoveSounds,Justin Timberlake,futuresex/lovesounds||justin timberlake
,The Idol Episode 4 (Music from the HBO Original Series),The Weeknd,the idol episode 4 (music from the hbo original series)||the weeknd
67db7e5f-7a06-4790-a6c4-dcf82ec8849c,ESCAPE PLAN / MAFIA,Travis Scott,escape plan / mafia||travis scott
feab377b-c9b4-4937-83ae-215b94726fbe,MIDNIGHT MOTIONS,Nobu Woods,midnight motions||nobu woods
3259eb19-1419-4230-b284-d6a7dafa9582,Hurt for Me,SYML,hurt for me||syml
,Missing,itssvd,missing||itssvd
79d02411-6364-4943-a011-096c4fb80757,beerbongs & bentleys,Post Malone,beerbongs & bentleys||post malone
4d9dc4bf-6be9-494e-bb9d-36e28e846b07,A Love Letter To You 4,Trippie Redd,a love letter to you 4||trippie redd
,Obrigado Deus,Léo Foguete,obrigado deus||léo foguete
cc6b078f-5381-4924-aad8-61b5a4fdc16b,Into,Sonder,into||sonder
48737775-b0cb-428b-9de7-48fc9e9776eb,Beach House,Beach House,beach house||beach house
3e1c43e6-5e93-4298-9b99-eaf07d14fd4a,Melophobia,Cage the Elephant,melophobia||cage the elephant
,TOO LATE TO DIE YOUNG,Sonder,too late to die young||sonder
6e6ece55-32e4-4a37-a873-073e1b9f2f42,R U Still Down? [Remember Me],2Pac,r u still down? [remember me]||2pac
53596c4d-9819-4f06-a741-ec8b2b0870b5,Dawn FM,The Weeknd,dawn fm||the weeknd
,Dark Lane Demo Tapes,Drake,dark lane demo tapes||drake
,Fell In Love,Marshmello,fell in love||marshmello
95fb59ed-1ece-419b-b62f-aef31e0ebf36,WASTELAND,Brent Faiyaz,wasteland||brent faiyaz
20bfc869-e36d-481f-ac9b-37f586001b9d,Ctrl,SZA,ctrl||sza
2960eca1-aa73-44d5-a796-138a99c17026,Last Day of Summer,Summer Walker,last day of summer||summer walker
,Backstreet's Back,Backstreet Boys,backstreet's back||backstreet boys
053a8b1b-f85f-485c-8103-14c16a244bfb,Z,SZA,z||sza
201d32d9-c2c1-4a7b-b545-59338d2eb884,Candydrip,Lucky Daye,candydrip||lucky daye
d2c33bd1-e190-4a76-a4a6-a83ca5d11d74,PARTYNEXTDOOR TWO,PARTYNEXTDOOR,partynextdoor two||partynextdoor
a268f797-85d9-4f32-91c4-11a678c4b473,u made me a st4r,4batz,u made me a st4r||4batz
,You & Me (Rivo Remix),Disclosure,you & me (rivo remix)||disclosure
,Run Deep,Nu Aspect,run deep||nu aspect
,Lost,Rscl,lost||rscl
,Armada Deep - Ibiza 2019,Avoure,armada deep - ibiza 2019||avoure
11b428ab-4f8b-4211-80ef-05a1e3756309,Far Away Place (Rampa Remix),Xinobi,far away place (rampa remix)||xinobi
2e754b0e-3a72-424d-a7dd-4c98b9db4e96,The Last Goodbye,ODESZA,the last goodbye||odesza
,Why We Lose,Cartoon,why we lose||cartoon
,Fetty Wap (Deluxe),Fetty Wap,fetty wap (deluxe)||fetty wap
a2c12ced-5ecb-4121-b9cd-874aab730176,Balloonerism,Mac Miller,balloonerism||mac miller
5e658ccb-cdfe-4e3c-91f7-79299ee45027,Mr. Morale & the Big Steppers,Kendrick Lamar,mr. morale & the big steppers||kendrick lamar
503c4a0f-97b9-4d6b-9a27-52a7f6b21cc9,DAMN.,Kendrick Lamar,damn.||kendrick lamar
26e210b8-2b72-4d81-99c5-d78fd884ef35,Wiped Out!,The Neighbourhood,wiped out!||the neighbourhood
14746f84-7146-4252-8285-02645adefde7,I'm Sorry...,The Neighbourhood,i'm sorry...||the neighbourhood
4d14dce8-6d03-4bd3-b613-85c090602675,star shopping,Lil Peep,star shopping||lil peep
,Dreamin,PARTYNEXTDOOR,dreamin||partynextdoor
,I Am Not A Human Being II (Deluxe),Lil' Wayne,i am not a human being ii (deluxe)||lil' wayne
0726c5f4-da29-4a78-a8ab-b08e632fe3b9,"good kid, m.A.A.d city",Kendrick Lamar,"good kid, m.a.a.d city||kendrick lamar"
,THE END OF EVERYTHING,Noah Cyrus,the end of everything||noah cyrus
,WASTE,Kxllswxtch,waste||kxllswxtch
,Cry Baby (Deluxe Edition),Melanie Martinez,cry baby (deluxe edition)||melanie martinez
,In This Darkness,Clara La San,in this darkness||clara la san
,Tough,Quavo,tough||quavo
0e803306-22b6-4c5c-8f70-0d95109379aa,For Broken Ears,Tems,for broken ears||tems
,Thank Me Later (Int'l Version),Drake,thank me later (int'l version)||drake
f2ed6416-7da9-41ce-9685-b5fc72382ffd,Walking On A Dream (10th Anniversary Edition),Empire of the Sun,walking on a dream (10th anniversary edition)||empire of the sun
06a81817-093d-40f0-aef2-90673fa550ae,Graduation,Kanye West,graduation||kanye west
31e5e525-df44-4fbd-8fde-6a4b4503beb5,Relapse: Refill,Drake,relapse: refill||drake
c5b5e74c-42ef-4e1a-b46e-f2103bcc9b35,Matching Rolexes,Curren$y,matching rolexes||curren$y
,wonderlove,Chase Shakur,wonderlove||chase shakur
,100 GIGS,Drake,100 gigs||drake
,"Or Nah (feat. The Weeknd, Wiz Khalifa & DJ Mustard) [Remix]",Ty Dolla $ign,"or nah (feat. the weeknd, wiz khalifa & dj mustard) [remix]||ty dolla $ign"
03f03619-385a-4ed9-9974-cdcdf6404cf5,The Life of Pablo,Kanye West,the life of pablo||kanye west
42b8b093-0813-40b8-bb7b-7d8956faf6ea,I Love You.,The Neighbourhood,i love you.||the neighbourhood
a5208cd2-1249-458b-9ab4-409e955e35fd,Birds in the Trap Sing McKnight,Travis Scott,birds in the trap sing mcknight||travis scott
,Language,Paperboy Fabe,language||paperboy fabe
06549b4a-3c5a-43be-9819-82a15ec975a9,Nectar,Joji,nectar||joji
031ecbde-35e1-4d3a-917f-f89f31aca1c9,Currents,Tame Impala,currents||tame impala
20d6d960-c7c3-4c05-8fb9-ca7509863f02,Cry,Cigarettes After Sex,cry||cigarettes after sex
0f4ea35e-9734-4b4a-8f17-a3bec43a093d,Why'd You Only Call Me When You're High?,Arctic Monkeys,why'd you only call me when you're high?||arctic monkeys
,Out Of Time (25th Anniversary Edition),R.E.M.,out of time (25th anniversary edition)||r.e.m.
2f10b5af-3944-4792-8027-05a194477caa,Teen Dream,Beach House,teen dream||beach house
,Safe,itssvd,safe||itssvd
051e91c6-eb13-485b-9234-58c9e906ae20,Down the Way,Angus & Julia Stone,down the way||angus & julia stone
,Moth to a Flame,Swedish House Mafia,moth to a flame||swedish house mafia
,MOTHS,NYXJVH,moths||nyxjvh
,Young Love,Wisteria,young love||wisteria
,Dawn FM (Alternate World),Swedish House Mafia,dawn fm (alternate world)||swedish house mafia
,Accordianist,Renato Borghetti,accordianist||renato borghetti
,É Preciso Dar Vazão Aos Sentimentos!,Bidê ou Balde,é preciso dar vazão aos sentimentos!||bidê ou balde
6ce27605-54b4-4c77-84f7-2e66582b9bf3,Eles São Assim. E Assim Por Diante.,Bidê ou Balde,eles são assim. e assim por diante.||bidê ou balde
,act ii: date @ 8 (feat. Drake) [remix],4batz,act ii: date @ 8 (feat. drake) [remix]||4batz
ae4813d7-9d6a-41d2-90fb-d1e2650f2564,Can't Rush Greatness,Central Cee,can't rush greatness||central cee
79e46acb-3c4b-4afd-9aa4-54b8f5a29fe2,I Used To Know Her,H.E.R.,i used to know her||h.e.r.
0996e292-5cb4-476b-be04-640eeecca646,The Blueprint 3,JAY-Z,the blueprint 3||jay-z
b94a1d1a-76cd-4c4f-bd3f-a05e061ba6b0,The Lo-Fis,Steve Lacy,the lo-fis||steve lacy
436c3ff4-de12-481f-beee-6707ff48a894,Some,Steve Lacy,some||steve lacy
,My Everything (Deluxe),Ariana Grande,my everything (deluxe)||ariana grande
,Again (feat. XXXTENTACION),Noah Cyrus,again (feat. xxxtentacion)||noah cyrus
0fb96892-3890-40d8-b374-43b7e5c67d27,My Beautiful Dark Twisted Fantasy,Kanye West,my beautiful dark twisted fantasy||kanye west
4603cee3-ece6-435c-b0b7-7d9eb1842d36,IGOR,"Tyler, The Creator","igor||tyler, the creator"
,Session 32,Summer Walker,session 32||summer walker
,if u think i'm pretty,Artemas,if u think i'm pretty||artemas
,WHILE WE WAIT (DELUXE VERSION),KENN APOLLO,while we wait (deluxe version)||kenn apollo
6aeb7b4f-3b67-415f-a967-c841e07906fe,how could u love somebody like me?,Artemas,how could u love somebody like me?||artemas
25d5e4f9-5153-4bbe-baa3-5b026c1ec2c2,Isolation,Kali Uchis,isolation||kali uchis
,After Hours (Deluxe),The Weeknd,after hours (deluxe)||the weeknd
551061cb-f598-41e9-9ecb-380e7f5d405f,Blue Hawaii,Elvis Presley,blue hawaii||elvis presley
1f821fd8-40dd-4029-906a-c024aa30e1fe,Chris Isaak,Chris Isaak,chris isaak||chris isaak
,Pat Garrett & Billy the Kid (Soundtrack from the Motion Picture),Bob Dylan,pat garrett & billy the kid (soundtrack from the motion picture)||bob dylan
,vinicius de moraes,Vinícius de Moraes,vinicius de moraes||vinícius de moraes
70d0db74-4f4b-4d3e-ace5-4f918ae31fab,Vinicius & Toquinho,Vinícius de Moraes,vinicius & toquinho||vinícius de moraes
34856ad1-f97c-4ad9-84c1-11fd04c806ee,20 Grandes Sucessos de Toquinho & Vinicius,Toquinho,20 grandes sucessos de toquinho & vinicius||toquinho
02769f4d-ee78-3680-aa79-67f3a821c931,Pablo Honey,Radiohead,pablo honey||radiohead
,I Love You. (10th Anniversary Edition),The Neighbourhood,i love you. (10th anniversary edition)||the neighbourhood
965e6a7a-5d57-4bd0-ad35-474d6bf54759,The Zone,The Weeknd,the zone||the weeknd
,tape for when i'm sad,itssvd,tape for when i'm sad||itssvd
c26b96eb-a3d8-47fd-925d-2b48f949001e,C U Girl,Steve Lacy,c u girl||steve lacy
7c1287ed-757f-4a82-81ef-0d6c64d9629a,Sonder Son,Brent Faiyaz,sonder son||brent faiyaz
c72ec68c-7f8d-42fa-a0de-a2f4ca2408d1,Who Did You Touch?,Montell Fish,who did you touch?||montell fish
42559545-e510-46ee-a9a1-25b9d256d636,The Highlights,The Weeknd,the highlights||the weeknd
,let u go,LucidBeatz,let u go||lucidbeatz
02d5a9f0-7de4-473c-83ae-6f23a78dd73d,Revenge,XXXTENTACION,revenge||xxxtentacion
,Vamos Beber (Joga o Copo Pro Alto) - Single,Dennis,vamos beber (joga o copo pro alto) - single||dennis
0317a54b-ee2f-4414-9c52-071948188db4,folklore,Taylor Swift,folklore||taylor swift
,Pineapple Sunrise,Beach Weather,pineapple sunrise||beach weather
2f140f3b-1279-41fa-8a88-c102a6b7cc22,My House Is Not A Home,d4vd,my house is not a home||d4vd
,do i ever cross your mind,sombr,do i ever cross your mind||sombr
e333eec2-2da9-4b25-a538-fbfa364e4570,Did you know that there's a tunnel under Ocean Blvd,Lana Del Rey,did you know that there's a tunnel under ocean blvd||lana del rey
523f5e88-9988-436d-ab60-6d514c1f0e15,Flower Boy,"Tyler, The Creator","flower boy||tyler, the creator"
03c33bf4-f27f-42f5-bd0e-0fcedeac9440,Por Vida,Kali Uchis,por vida||kali uchis
4823966a-df65-4f7f-be62-ac6d67cba030,bellyache,Billie Eilish,bellyache||billie eilish
,Romantic Homicide,d4vd,romantic homicide||d4vd
,Shut up My Moms Calling,Hotel Ugly,shut up my moms calling||hotel ugly
,M4,Teto,m4||teto
,Atg Tape,MD Chefe,atg tape||md chefe
0c542e18-34e0-4302-85bd-90297347271e,Indigo (Extended),Chris Brown,indigo (extended)||chris brown
17102ca6-0be8-4e8c-b088-b211e41c3fef,Hood Billionaire,Rick Ross,hood billionaire||rick ross
,The Last Wun,Gunna,the last wun||gunna
b389974d-8b4f-4eea-80db-9e05a9a89dc5,Circles,Mac Miller,circles||mac miller
0762fd5f-99f2-4501-8b4b-c294e09f90db,Amnesiac,Radiohead,amnesiac||radiohead
080ad926-7a4e-4399-b7df-0cc1b6ef841c,Kid A,Radiohead,kid a||radiohead
1964ad07-cf2b-3508-88d7-fc96e7bb0803,Grace,Jeff Buckley,grace||jeff buckley
0084311d-5257-492f-a37a-1295ecc41011,Chemtrails Over the Country Club,Lana Del Rey,chemtrails over the country club||lana del rey
,Sprinter,Dave,sprinter||dave
38057097-d52d-4494-a92d-dd1582f9cc8a,The New Abnormal,The Strokes,the new abnormal||the strokes
13920435-8a44-4e45-b35e-57b08ba9d1f5,2,Mac DeMarco,2||mac demarco
,Call Me By Your Name (Original Motion Picture Soundtrack),Sufjan Stevens,call me by your name (original motion picture soundtrack)||sufjan stevens
996b40f1-4212-42cd-b067-b31f6ea02e61,One for the Road,Arctic Monkeys,one for the road||arctic monkeys
0ba3d442-bdcb-4f09-ac7b-46fc07623981,Definitely Maybe,Oasis,definitely maybe||oasis
,The Stranger (Legacy Edition),Billy Joel,the stranger (legacy edition)||billy joel
10a93427-0313-4138-8864-df340aa06f9a,OK Computer OKNOTOK 1997 2017,Radiohead,ok computer oknotok 1997 2017||radiohead
0fd4d7cc-81ba-4851-8010-61566a3ac0ad,Chinese Democracy,Guns N' Roses,chinese democracy||guns n' roses
037717d2-2b94-4e0e-b4dd-485710539b89,BUSINESS IS BUSINESS,Young Thug,business is business||young thug
02f471f1-bafc-4d1c-aead-f4c5d0e2032a,Suck It and See,Arctic Monkeys,suck it and see||arctic monkeys
000b188f-549f-4c11-a5fb-024fbfdb7a13,"Everybody Else Is Doing It, So Why Can't We?",The Cranberries,"everybody else is doing it, so why can't we?||the cranberries"
,Vestido da Fendi,KayBlack,vestido da fendi||kayblack
04793a87-6013-4fa6-82e3-e79f6b66ec10,Skyfall,Adele,skyfall||adele
1c7de6a2-0458-4ec1-8efe-6b2ff4d1a2a8,Pearl,Rubel,pearl||rubel
74663a86-41c0-4a5a-8122-c55a9209ac5d,Imunidade Musical,Charlie Brown Jr.,imunidade musical||charlie brown jr.
,"""4""",Los Hermanos,"""4""||los hermanos"
366fc427-12bb-4a57-9ef1-9c62508c058c,Sol Loiro,Armandinho,sol loiro||armandinho
db18e661-a69e-42c6-8ec8-089f1871a147,Spectre,Radiohead,spectre||radiohead
2857f72f-fe40-3149-9f3d-f29f1276997a,Jar of Flies,Alice in Chains,jar of flies||alice in chains
01aa589c-a7cb-45bd-89a3-c2cb8ddab0a9,The Dark Side of the Moon,Pink Floyd,the dark side of the moon||pink floyd
08c82ac5-257c-4f4b-bcc7-2ae448da284e,Paranoid,Black Sabbath,paranoid||black sabbath
0966428b-fb87-4f0b-aaca-f87ec9b76a1c,Love,The Beatles,love||the beatles
19c88bb5-1300-4bf3-b743-76e159d60b3a,Lemonade,Beyoncé,lemonade||beyoncé
a08f930d-92c8-49cf-b03a-456f5898b637,Contradições,KayBlack,contradições||kayblack
dd9f82a3-528f-4f4c-ac1e-81b489d193fe,Vivaz,Filipe Ret,vivaz||filipe ret
,Poesia Acústica #3: Capricorniana,Pineapple StormTV,poesia acústica #3: capricorniana||pineapple stormtv
8ce13f9d-a9f2-481d-be39-fae287c72888,Revel,Filipe Ret,revel||filipe ret
c185cd17-521d-479c-a707-3d5d4b6ed5d0,Gigantes,BK,gigantes||bk
,So Much Fun,Young Thug,so much fun||young thug
02a26364-1e0c-434b-bbba-c5d28fa91a4a,The Wall,Pink Floyd,the wall||pink floyd
,Telefone do Gw (Piririm),DJ Katrip,telefone do gw (piririm)||dj katrip
,Howling,Cartoon,howling||cartoon
0d628728-7603-46b9-8f1f-67cefd988d4c,4x4,Travis Scott,4x4||travis scott
,Beanie,Chezile,beanie||chezile
c752e3fd-1264-4aac-a5ed-ce584b5ef44b,bitches broken hearts,Billie Eilish,bitches broken hearts||billie eilish
6d50b672-4f8e-4b7a-917b-1ded22808632,Gemini Rights,Steve Lacy,gemini rights||steve lacy
,Freaks,Surf Curse,freaks||surf curse
3a12923d-97cd-4e87-8cfd-fb67be970974,The Slow Rush,Tame Impala,the slow rush||tame impala
071ee15e-e25f-4324-a13b-a2cd5f9099bf,Dangerous Woman,Ariana Grande,dangerous woman||ariana grande
9a1b5c5d-ce5c-4288-b98b-f6c09edb1cdb,Short n' Sweet,Sabrina Carpenter,short n' sweet||sabrina carpenter
4fe782ec-2737-46bf-8744-f089891a8bf3,SOS Deluxe: LANA,SZA,sos deluxe: lana||sza
098060d4-ba3c-469d-88b0-08642261c7ab,Discovery,Daft Punk,discovery||daft punk
26f59522-092c-4654-a90d-d53973cf2aa7,I Told You,Tory Lanez,i told you||tory lanez
,A Morte do Autotune,Matuê,a morte do autotune||matuê
126cada8-78c5-3c02-a4af-7fffe7165ae7,Man on the Moon II: The Legend of Mr. Rager,Kid Cudi,man on the moon ii: the legend of mr. rager||kid cudi
49e884b5-3a96-423b-b12f-f67bf939d5dc,Crowded House,Crowded House,crowded house||crowded house
,I LIKE,Tory Lanez,i like||tory lanez
39ab8f33-1206-4f5a-a87e-77c268b04fd0,Life of a DON,Don Toliver,life of a don||don toliver
07873092-09bd-450e-b18c-e1e0254bc50e,Love Sick,Don Toliver,love sick||don toliver
,On My Own,Darci,on my own||darci
c7049d1c-6470-47a1-9b4a-db957c33c232,Timeless,The Weeknd,timeless||the weeknd
a608c8c0-f9ed-450d-86b9-9fad73c9589b,come out and play,Billie Eilish,come out and play||billie eilish
a076086a-c2f9-45e5-9dcf-68952198891b,Six Feet Under,Billie Eilish,six feet under||billie eilish
120e42f5-1a70-490c-a525-df22642bfc85,my future,Billie Eilish,my future||billie eilish
c32f5ead-4936-4dd4-b02f-d2efce22ebf0,Therefore I Am,Billie Eilish,therefore i am||billie eilish
,lovely (with Khalid),Billie Eilish,lovely (with khalid)||billie eilish
,"What Was I Made For? [From the Motion Picture ""Barbie""]",Billie Eilish,"what was i made for? [from the motion picture ""barbie""]||billie eilish"
11daecbe-5c2a-4217-b539-cd34d0cf4dc9,Innocents,Moby,innocents||moby
0a4d9451-63c6-4ba1-aeb0-f069e424f99c,Lost,Brent Faiyaz,lost||brent faiyaz
10da1aff-1348-49c8-aeef-5b85ff84e7d6,Chasing Summer,SiR,chasing summer||sir
244fc940-e12c-44f6-9e00-2d7ec24bcdf0,Trip,Jhené Aiko,trip||jhené aiko
14d6b531-3f2d-4e28-b9ec-f8f4b5810d59,Love Sick (Deluxe),Don Toliver,love sick (deluxe)||don toliver
,Sin Miedo (del Amor y Otros Demonios) ∞,Kali Uchis,sin miedo (del amor y otros demonios) ∞||kali uchis
5a16e093-bd7d-45e1-a122-b3695906401c,Teu Chão,Maneva,teu chão||maneva
8879ebbd-bc8f-4ac0-b6d1-a00c50ec64ce,One Night Only,Sonder,one night only||sonder
,It'll Be Fine,Chase Shakur,it'll be fine||chase shakur
c5f02cd5-4b03-40ab-93ba-18b1520e6308,Máquina do Tempo,Matuê,máquina do tempo||matuê
,Pecado Capital,Xamã,pecado capital||xamã
,Deus Perdoa,Filipe Ret,deus perdoa||filipe ret
,É o Trem!,Tz da Coronel,é o trem!||tz da coronel
2e90647c-0704-4054-a369-ebb519e8cb2f,Dos Prédios,Veigh,dos prédios||veigh
,Amor,Mc Pedrinho,amor||mc pedrinho
,LUME,Filipe Ret,lume||filipe ret
,NUME,Filipe Ret,nume||filipe ret
,2025,Mc Tuto,2025||mc tuto
,MONTAGEM DE VAPO,GustXv,montagem de vapo||gustxv
,"Gol Bolinha, Gol Quadrado",Mc Pedrinho,"gol bolinha, gol quadrado||mc pedrinho"
,Papel do Mal,MC Menor da VG,papel do mal||mc menor da vg
,Evoque Azul,Mc Pedrinho,evoque azul||mc pedrinho
,Os Maloca,Perera DJ,os maloca||perera dj
,Z-TALIA,Rich Fayden,z-talia||rich fayden
,A Escolhida,Mc Pedrinho,a escolhida||mc pedrinho
,OZEN,TENZOO,ozen||tenzoo
,Mc Pedrinho,Mc Pedrinho,mc pedrinho||mc pedrinho
,Nosso Amor,Mc Pedrinho,nosso amor||mc pedrinho
,"Bonita, Lindinha e Sagaz",MC Davi,"bonita, lindinha e sagaz||mc davi"
,Eu vou te pegar,Mc Pedrinho,eu vou te pegar||mc pedrinho
73d70a3e-90a9-4914-af97-c56ffa25417d,I Don't Want You Back,Eamon,i don't want you back||eamon
,Fetish (feat. Gucci Mane),Selena Gomez,fetish (feat. gucci mane)||selena gomez
,tempo.zip,Teto,tempo.zip||teto
717dd194-1abf-4ac0-85b9-be8c844cf4d8,Built On Glass,Chet Faker,built on glass||chet faker
5fe4638e-8352-4662-9aed-1031df640141,Tempo de Paz,Maneva,tempo de paz||maneva
15117e57-3d7d-4f45-a89f-1da1f150b6f0,This Is All Yours,alt-J,this is all yours||alt-j
3e9fdf77-190d-3548-9bfa-4de8f7ffdc57,Just as I Am,Bill Withers,just as i am||bill withers
994acea1-22a7-4d4d-b886-a8c230ad6834,So Tonight That I Might See,Mazzy Star,so tonight that i might see||mazzy star
,Songs From The Big Chair (Super Deluxe Edition),Tears for Fears,songs from the big chair (super deluxe edition)||tears for fears
0e7dacaf-aab2-30ad-b0b3-32432be4dea8,Rebel Yell,Billy Idol,rebel yell||billy idol
,Synchronicity (Remastered 2003),The Police,synchronicity (remastered 2003)||the police
0bf3ff82-c17c-4b5e-affc-18d0bb939a26,Invincible Friends,Lilly Wood & The Prick,invincible friends||lilly wood & the prick
48c61bd1-9a20-4c10-bf97-6590683d615f,Sugar,Robin Schulz,sugar||robin schulz
99207b84-26b5-41ea-aef0-1f741481e801,Prayer In C,Lilly Wood & The Prick,prayer in c||lilly wood & the prick
,Resenha do Arrocha,J. Eskine,resenha do arrocha||j. eskine
0424ef76-fbe3-4e78-adac-9c5b6d96f6de,Turning Point,Mario,turning point||mario
,No One (Remixes),Alicia Keys,no one (remixes)||alicia keys
,"Acorda, Pedrinho",Jovem Dionisio,"acorda, pedrinho||jovem dionisio"
,O Que Sobrou (150Bpm),MAZILI,o que sobrou (150bpm)||mazili
,Loud (Japan Version),Rihanna,loud (japan version)||rihanna
,Tha Carter IV (Complete Edition),Lil' Wayne,tha carter iv (complete edition)||lil' wayne
1de12505-ac7b-49ab-a0ab-2aa189f0bf99,Good Girl Gone Bad: Reloaded,Rihanna,good girl gone bad: reloaded||rihanna
0436977b-e77f-4d19-862f-49a5190369d8,Year of the Gentleman,Ne-Yo,year of the gentleman||ne-yo
0094f7a4-216c-4ffe-93cd-14346f9a663a,TIME,Mr.Kitty,time||mr.kitty
,Celebridade,Orochi,celebridade||orochi
,PARTYNEXTDOOR 4 (P4),PARTYNEXTDOOR,partynextdoor 4 (p4)||partynextdoor
,Vê Se Não Demora,ResenhaDaBlakk,vê se não demora||resenhadablakk
9b300a1f-3630-47c0-b865-e423150fe15f,Amor Incendiário,Yago Oproprio,amor incendiário||yago oproprio
907f7cb0-a106-4e80-9d8e-b2c8843277e8,Late Night Feelings,Mark Ronson,late night feelings||mark ronson
,OK! OK!,Teto,ok! ok!||teto
,In My Room,Chance Peña,in my room||chance peña
05bbbba9-1ddf-401b-a41c-3d0a8dc805bd,Strange Trails,Lord Huron,strange trails||lord huron
,Modjo (Remastered),Modjo,modjo (remastered)||modjo
,GYM HARDSTYLE SONGS | POPULAR GYM HARDSTYLE SONGS | TIK TOK GYM HARDSTYLE SONGS VOL 4,Poseidon,gym hardstyle songs | popular gym hardstyle songs | tik tok gym hardstyle songs vol 4||poseidon
,Trouble Deluxe Edition,Akon,trouble deluxe edition||akon
03d2cd2e-b41d-4293-bc71-3fc1633a195a,18 Months,Calvin Harris,18 months||calvin harris
0380808d-2211-4869-a287-cc94e0d18162,Demon Days,Gorillaz,demon days||gorillaz
,Bloom,RÜFÜS DU SOL,bloom||rüfüs du sol
,Let You Go,Clara La San,let you go||clara la san
,BALLENA,Vulgo FK,ballena||vulgo fk
0def8878-d6de-43bc-969a-7bf72ec096b4,Move (feat. Camila Cabello & Malachiii),Adam Port,move (feat. camila cabello & malachiii)||adam port
4602a81a-0210-4446-9693-3258f668d954,Melanchole,Salvia Palth,melanchole||salvia palth
54d5c88c-7a5b-4502-93ab-a6b245611a94,Tourist History,Two Door Cinema Club,tourist history||two door cinema club
,World Hold on (Children of the Sky) [Radio Edit],Bob Sinclar,world hold on (children of the sky) [radio edit]||bob sinclar
,Fala na Cara,Mc Paiva ZS,fala na cara||mc paiva zs
,Nardy World,Loe Shimmy,nardy world||loe shimmy
183c4e1b-6b2f-4403-9bc0-69e11fb6ef01,Floor Seats,A$AP Ferg,floor seats||a$ap ferg
,Solitude (Felsmann + Tiley Reinterpretation),M83,solitude (felsmann + tiley reinterpretation)||m83
,World Hold On (Children Of The Sky) [FISHER Rework],Bob Sinclar,world hold on (children of the sky) [fisher rework]||bob sinclar
,Innerbloom (Radio Edit),RÜFÜS DU SOL,innerbloom (radio edit)||rüfüs du sol
,Floresta,Tz da Coronel,floresta||tz da coronel
,One of Wun,Gunna,one of wun||gunna
,want u,noevdv,want u||noevdv
,Medley de Igaratá 3,Mc Negão Original,medley de igaratá 3||mc negão original
,Amantes da Foda,Mc Rodrigo do CN,amantes da foda||mc rodrigo do cn
,Tropa 7Lc,MC ANJIM,tropa 7lc||mc anjim
,Aplico o Chá,MC DB,aplico o chá||mc db
04405e1c-7f8c-42b1-a8ae-2561ebb146b4,Snow,Angus & Julia Stone,snow||angus & julia stone
064fb15d-a667-48e5-9eaa-c8e9b8efcb8c,An Awesome Wave,alt-J,an awesome wave||alt-j
,Sophomore,Clayton Santiago,sophomore||clayton santiago
,Jealous,Eyedress,jealous||eyedress
05c67876-38cc-4297-ad2b-754247d2ab83,Trench,Twenty One Pilots,trench||twenty one pilots
1488d974-6b32-4bbb-8f50-c90d268c7c02,Talk That Talk,Rihanna,talk that talk||rihanna
,As 10 Mais (Ao Vivo),Charlie Brown Jr.,as 10 mais (ao vivo)||charlie brown jr.
855ddbf1-f8f8-4801-b3ec-486768aba72f,"Ritmo, Ritual e Responsa",Charlie Brown Jr.,"ritmo, ritual e responsa||charlie brown jr."
,Eve,Avenoir,eve||avenoir
,Última Noite (Solo),Léo Foguete,última noite (solo)||léo foguete
,Bagulho Louco,Mc Paiva ZS,bagulho louco||mc paiva zs
,Black Panther the Album Music From and Inspired By,Kendrick Lamar,black panther the album music from and inspired by||kendrick lamar
1c0b9be4-3482-4882-bf1c-9ee8cd6191d0,Jungle Rules,French Montana,jungle rules||french montana
05678d96-23f6-4dae-b994-53c3ff4dede0,Metallica,Metallica,metallica||metallica
ddb57f4a-866d-454b-b314-c6c6cfd1e803,Fui Mlk,Nilo,fui mlk||nilo
,Nevermind (Remastered),Nirvana,nevermind (remastered)||nirvana
,K.I.D.S. (Deluxe),Mac Miller,k.i.d.s. (deluxe)||mac miller
01e51f7c-4b95-4ae3-a707-181b74b1ebab,Meteora,Linkin Park,meteora||linkin park
00bb5095-fe09-4cd7-ac34-835450685327,Silver Side Up,Nickelback,silver side up||nickelback
129c8d59-41ef-4682-a288-c1e88ef471e6,Three Days Grace,Three Days Grace,three days grace||three days grace
,Days B4 III,Lucki,days b4 iii||lucki
,2000,Joey Bada$$,2000||joey bada$$
8d27d545-e8a7-4524-a664-4305f1824824,Destined 2 Win,Lil Tjay,destined 2 win||lil tjay
1b11c7eb-6774-48fb-996f-c6ffac37c993,Moon River,Frank Ocean,moon river||frank ocean
,Love is Only a Feeling,Joey Bada$$,love is only a feeling||joey bada$$
7f544e9a-3879-4d6b-96f1-c52fef8940a0,THE FIRST TIME (DELUXE VERSION),The Kid LAROI,the first time (deluxe version)||the kid laroi
1fedf6e5-ae2a-4d42-b274-3a3f6bff35ee,i am > i was,21 Savage,i am > i was||21 savage
,Hako Is Alive and She Is 59,mokumoku,hako is alive and she is 59||mokumoku
1a98a88e-fe3d-491e-a63d-bf4928258939,Blue Is The Colour,The Beautiful South,blue is the colour||the beautiful south
94950104-84d7-4e39-aa82-3cd896d2d193,The Fall-Off,J. Cole,the fall-off||j. cole
0949cf8b-b528-4d84-9354-7d53e0c49b95,Ventura,Los Hermanos,ventura||los hermanos
,DECIDE,Djo,decide||djo
092379d2-c60f-41cc-83df-2622058be2b0,Running,Cafuné,running||cafuné
34f21251-df8a-4c39-882f-29d97711d0b5,Signs,Drake,signs||drake
0c71d593-14a3-4136-a3d0-b1c72e998e56,Wish You Were Here,Pink Floyd,wish you were here||pink floyd
2be9dcdd-fbb2-4c80-8a86-675741998726,Among My Swan,Mazzy Star,among my swan||mazzy star
48271e9b-428d-4830-ba9b-5f7fa0177232,How to Save a Life,The Fray,how to save a life||the fray
21eff1d0-c156-4421-85d4-4e047290be20,ICON,Brent Faiyaz,icon||brent faiyaz
,Which One,Drake,which one||drake
,Hurts Me,Tory Lanez,hurts me||tory lanez
,"God Forgives, I Don't (Deluxe Edition)",Rick Ross,"god forgives, i don't (deluxe edition)||rick ross"
,Aztlán,Zoé,aztlán||zoé
207bb2ce-9323-33a3-af2c-cf3dda18db9e,The Fray,The Fray,the fray||the fray
,You Were a Dream,Artemas,you were a dream||artemas
0ca50ac4-48f1-4903-a70e-a9b8676d85d3,Amala,Doja Cat,amala||doja cat
4896e0a1-57eb-49bd-8ae7-24f12600bb53,Tell Me I'm Pretty,Cage the Elephant,tell me i'm pretty||cage the elephant
,HIGHEST IN THE ROOM,Travis Scott,highest in the room||travis scott
87621f61-eac5-4117-8fb2-2a8cdda3aed4,The Love Collection,The Neighbourhood,the love collection||the neighbourhood
11070dd5-5c3c-4c33-94ed-8c68334d5fe3,The Best of Sade,Sade,the best of sade||sade
,Lembrei De Tu,MC Meno K,lembrei de tu||mc meno k
,float 2.0,Kairo Keyz,float 2.0||kairo keyz
81aaa6da-98d3-4e22-b3f7-dd6200fb06a1,Doja,Central Cee,doja||central cee
,Judas Effect (2024 Remaster),Vestron Vulture,judas effect (2024 remaster)||vestron vulture
,The Space in Between (Ben Böhmer Remix),Jan Blomqvist,the space in between (ben böhmer remix)||jan blomqvist
,D4U - Spotify Singles,Avenoir,d4u - spotify singles||avenoir
33030768-eed0-404a-bd5e-af6950546211,Doo-Wops & Hooligans,Bruno Mars,doo-wops & hooligans||bruno mars
041a07bf-55df-48fc-80a8-7924f5d01f0a,Torches,Foster the People,torches||foster the people
,Sem Coração,MC KAKO,sem coração||mc kako
,Redes Sociais,MC Luan da BS,redes sociais||mc luan da bs
,Ela É Blogueira,MC DB,ela é blogueira||mc db
,Ondas,DJ VINI DA ZO,ondas||dj vini da zo
,Vida Tá Demais,MC DB,vida tá demais||mc db
,Privilégio,MC Luan da BS,privilégio||mc luan da bs
,"Set do Dj 2W, Vol. 2",MC L da vinte,"set do dj 2w, vol. 2||mc l da vinte"
,"Caça Fantasma, Vol. 1",DJ WS DA IGREJINHA,"caça fantasma, vol. 1||dj ws da igrejinha"
,Privacy Dela (Gosta Que Pega Bolado),Dj Faisca,privacy dela (gosta que pega bolado)||dj faisca
,Que Saudade de Você,Mc Kaio,que saudade de você||mc kaio
c576c753-6d78-470c-bcb6-c83513731b3e,Who's Next (Deluxe Edition),The Who,who's next (deluxe edition)||the who
33ca2b8d-f82b-4366-a41a-cc17bce5d22d,Chihiro,Gravagerz,chihiro||gravagerz
6440ca11-4726-4e47-8afe-160f31e10046,Navajo,Masego,navajo||masego
1cd7613c-bb60-40b9-ba16-6e54e6d8d069,NOVEMBER,SiR,november||sir
2bd12a5a-9d31-4f37-ba65-251c3716fef0,Year of the Gentleman (Bonus Track Edition),Ne-Yo,year of the gentleman (bonus track edition)||ne-yo
e26e8cbc-db4c-422a-a171-f0080a142c88,SMITHEREENS,Joji,smithereens||joji
bee91394-15b3-40e9-b23a-bab47b1d3722,Cosmic,Bazzi,cosmic||bazzi
012514b5-dc0f-4418-b67a-c6a8d3af4096,Minutes to Midnight,Linkin Park,minutes to midnight||linkin park
,Sorriso no rosto,Mc IG,sorriso no rosto||mc ig
,Boiadeira Internacional (Ao Vivo),Ana Castela,boiadeira internacional (ao vivo)||ana castela
,F.A.M.E. (Expanded Edition),Chris Brown,f.a.m.e. (expanded edition)||chris brown
,Garden Kisses,Giveon,garden kisses||giveon
,Souled Out (Deluxe),Jhené Aiko,souled out (deluxe)||jhené aiko
3d804133-76b0-4995-b838-df526ff4de5f,False Prophets,J. Cole,false prophets||j. cole
45220aba-b261-4a72-9f2b-796db75b2a20,Riot,XXXTENTACION,riot||xxxtentacion
,DS2 (Deluxe),Future,ds2 (deluxe)||future
09aa7622-b935-48bc-834b-495040a74ff3,ye,Kanye West,ye||kanye west
,"Come Over When You're Sober, Pt. 2",Lil Peep,"come over when you're sober, pt. 2||lil peep"
1065bda8-c38f-4824-8ce1-248014836d3f,The College Dropout,Kanye West,the college dropout||kanye west
3d15c495-2b55-4cda-8405-4ff7a90f7dc8,JESUS IS KING,Kanye West,jesus is king||kanye west
136434d5-9ddf-4c62-8dcc-021ead11fe0c,Blurryface,Twenty One Pilots,blurryface||twenty one pilots
,"Escolhas, Vol. 2 (Ao Vivo)",Zé Neto & Cristiano,"escolhas, vol. 2 (ao vivo)||zé neto & cristiano"
,Be Someone (feat. Ray X Ben),KVSH,be someone (feat. ray x ben)||kvsh
,Hold Me,LaVern,hold me||lavern
,Be Strong,Spada,be strong||spada
b51393ae-8ef0-457e-956d-541550825dfe,Thoughts I Never Said,Odeal,thoughts i never said||odeal
,Mind of Mine (Deluxe Edition),Zayn,mind of mine (deluxe edition)||zayn
47f54012-18f6-43c0-aee7-bcb861ee5d21,MIDDLE CHILD,J. Cole,middle child||j. cole
,Face Value (Deluxe Editon),Phil Collins,face value (deluxe editon)||phil collins
,The Best of 1980 - 1990,U2,the best of 1980 - 1990||u2
,LONG.LIVE.A$AP (Deluxe Version),A$AP Rocky,long.live.a$ap (deluxe version)||a$ap rocky
78fab71c-68fd-481e-ae7f-fde403e3c880,Morayo,Wizkid,morayo||wizkid
90e2bb08-d7b6-4b80-ba9b-dcb4cab0902c,The Reason (20th Anniversary),Hoobastank,the reason (20th anniversary)||hoobastank
3ebee787-e7eb-4595-8ecd-caafc61b94ca,Cole World: The Sideline Story,J. Cole,cole world: the sideline story||j. cole
,Missing / Show Me (Alt Versions),Essiyas,missing / show me (alt versions)||essiyas
,Caught in a Dream,Palastic,caught in a dream||palastic
79753e76-5af2-402d-b99b-e06147de4b16,I Adore You (feat. Daecolm),Hugel,i adore you (feat. daecolm)||hugel
,DIAMANTE,Gordo,diamante||gordo
2b978be3-f9ad-4126-abb4-b870964fc0a1,Forever (feat. Malou & Yuna),Hugel,forever (feat. malou & yuna)||hugel
,In The Dark,jend,in the dark||jend
,S&M - HARDSTYLE,Poseidon,s&m - hardstyle||poseidon
,Deep Inside Of Me (feat. MKLA),Vintage Culture,deep inside of me (feat. mkla)||vintage culture
e9f77314-7951-4959-b677-599e3c59648c,Dos Prédios Deluxe,Veigh,dos prédios deluxe||veigh
,Imprevisto,Yago Oproprio,imprevisto||yago oproprio
22dacc34-e04f-4b9e-97a5-3dedd3b0a56e,Heathen Chemistry,Oasis,heathen chemistry||oasis
,Se a Saudade Bater,MC Tairon,se a saudade bater||mc tairon
,Let's Go 4,DJ GBR,let's go 4||dj gbr
,Tipo Gringa,DJ Matt D,tipo gringa||dj matt d
,Self Esteem - #1 Hit (Kisses for Me),Lambo4oe,self esteem - #1 hit (kisses for me)||lambo4oe
,Água Rosa,MC ANJIM,água rosa||mc anjim
,Bala Love,MC ANJIM,bala love||mc anjim
,Meca Cereja,Vulgo FK,meca cereja||vulgo fk
,F**K SONGS,Vulgo FK,f**k songs||vulgo fk
,DISTRACTION / SCREAM MY NAME,Montell Fish,distraction / scream my name||montell fish
,For Me (feat. Brent Faiyaz) (Remix),Loe Shimmy,for me (feat. brent faiyaz) (remix)||loe shimmy
45c62e69-1603-4680-ba26-cdbc29000cc5,Be Easy,Odeal,be easy||odeal
,You Are In My System,Kerri Chandler,you are in my system||kerri chandler
,Sing It Back (feat. Naila),Ash,sing it back (feat. naila)||ash
,Disco,Surf Curse,disco||surf curse
,Idea 22,Gibran Alcocer,idea 22||gibran alcocer
0d1379b2-6b9d-4a90-b122-0a5755a45143,Tha Carter III,Lil Wayne,tha carter iii||lil wayne
,Let's Just Send Interludes to Each Other,Abel Takan,let's just send interludes to each other||abel takan
,expensive taste,Tyde,expensive taste||tyde
,kame 'n left,Tyde,kame 'n left||tyde
88f77705-063b-4793-a035-c1a7e4817187,Solace,Kyle Watson,solace||kyle watson
,Hide U (Tinlicker Remix),Sian Evans,hide u (tinlicker remix)||sian evans
d4fc975f-d23b-4971-a102-dd7efedeabf9,The Last Temptation,Ja Rule,the last temptation||ja rule
003d4815-20a2-4f5a-92bd-24abd40136aa,No More Drama,Mary J. Blige,no more drama||mary j. blige
04350c11-83ee-34f7-a962-a17ef07a8d1c,The Writing's on the Wall,Destiny's Child,the writing's on the wall||destiny's child
,Bad Boy's 10th Anniversary- The Hits,Diddy,bad boy's 10th anniversary- the hits||diddy
,Confessions (Expanded Edition),Usher,confessions (expanded edition)||usher
,Bad Boy 20th Anniversary Box Set Edition,Mario Winans,bad boy 20th anniversary box set edition||mario winans
20737aac-9d9a-4833-981e-12113cd8d90c,Bored,Billie Eilish,bored||billie eilish
,Weightless (jamesjamesjames Remix),Ben Böhmer,weightless (jamesjamesjames remix)||ben böhmer
,Surrender (Remixes),RÜFÜS DU SOL,surrender (remixes)||rüfüs du sol
,Make It Better (Remixes Vol.1),Dashdot,make it better (remixes vol.1)||dashdot
542c69e5-ccf5-4f89-865c-9d9533c62b2b,Ascend,Dezko,ascend||dezko
,Something Real,Nu Aspect,something real||nu aspect
,Price,Palastic,price||palastic
,Dancing People Are Never Wrong,Jan Blomqvist,dancing people are never wrong||jan blomqvist
7cefa729-87de-49fb-8256-54e208b7f05f,Remote Control (Remixed),Jan Blomqvist,remote control (remixed)||jan blomqvist
,Cornfield Chase,ItsArius,cornfield chase||itsarius
,23,Central Cee,23||central cee
,No Love,Memphis Depay,no love||memphis depay
6ceccb98-2b29-44a2-b7a9-eeea7d42c210,Zombieland 2,Loe Shimmy,zombieland 2||loe shimmy
,Miss You,Nu Aspect,miss you||nu aspect
,Sleepless,Avaion,sleepless||avaion
,A Internet É Toxica,DJ LC,a internet é toxica||dj lc
,Escolhas (Ao Vivo),Zé Neto & Cristiano,escolhas (ao vivo)||zé neto & cristiano
,Ninguém Tá Puro,Mc IG,ninguém tá puro||mc ig
,Alternative Trap,Lucki,alternative trap||lucki
,Ocean Drive (Extended Mix),Duke Dumont,ocean drive (extended mix)||duke dumont
7e567033-10f8-40d8-835e-67a8ad8865e9,Bicep,Bicep,bicep||bicep
b6bdc1f9-77f7-447c-93d2-3de20cf366d2,Can't get over,Kasino,can't get over||kasino
,Where You Are,John Summit,where you are||john summit
,Light of Love (15Th Anniversary Edition),Kasino,light of love (15th anniversary edition)||kasino
,World Hold On (Children Of The Sky) [Radio Edit - Vintage Culture & Dubdogz Remix],Bob Sinclar,world hold on (children of the sky) [radio edit - vintage culture & dubdogz remix]||bob sinclar
,Rain,Shiloh Dynasty,rain||shiloh dynasty
,I'm Drunk And Confused,SAGUN,i'm drunk and confused||sagun
,a ghost hug,LUUV.,a ghost hug||luuv.
,love and pain,Axleh,love and pain||axleh
,Father Forgive Me,LRN Slime,father forgive me||lrn slime
3af0972b-66ef-4e15-b2f5-a1b07bec5c92,PARTYNEXTDOOR 3 (P3),PARTYNEXTDOOR,partynextdoor 3 (p3)||partynextdoor
03d2661d-efbf-4932-acba-d068848be739,In Your Honor,Foo Fighters,in your honor||foo fighters
,Stoney (Deluxe),Post Malone,stoney (deluxe)||post malone
a3a476cb-60ef-47cb-b819-45a18dce111a,Bad Vibes Forever,XXXTENTACION,bad vibes forever||xxxtentacion
,Broken hearts,Axleh,broken hearts||axleh
bd448834-f51c-4ed7-83a6-6e7255486888,7 Vezes,O Rappa,7 vezes||o rappa
,Sementinha do Mal,Febre90s,sementinha do mal||febre90s
9012eb5b-8fb7-461a-834b-33ebe2901e6a,Petals to Thorns,d4vd,petals to thorns||d4vd
571bb043-55f8-4621-9828-a553e707a82b,Moon Boy,Yung Bleu,moon boy||yung bleu
04c87467-fa10-49b2-bf81-7f732cb04586,Stankonia,OutKast,stankonia||outkast
435f9796-2eb1-43e5-b6cd-826b9c2d5365,Sim,Vanessa da Mata,sim||vanessa da mata
d617f9bf-e936-41c4-8e00-fc6cffb95620,Days Before Rodeo,Travi$ Scott,days before rodeo||travi$ scott
02084fd8-5bce-3495-9e9f-86261dcb59a2,The Colour and the Shape,Foo Fighters,the colour and the shape||foo fighters
80bd9409-bf2f-49d5-9dce-7a8adf1f29a1,There's Really a Wolf,Russ,there's really a wolf||russ
96364004-da75-4bfd-a104-7c51e292486b,A Love Letter to You,Trippie Redd,a love letter to you||trippie redd
,Bazooka,Miami XO,bazooka||miami xo
a6a56f54-6cfb-449f-8f99-6259527a962e,Good Looking,Suki Waterhouse,good looking||suki waterhouse
1c930f2b-fc99-4004-9188-15a8f51f0dc6,Y2K!,Ice Spice,y2k!||ice spice
9cece256-caf2-4a90-8e8f-bd544037486f,Armandinho Ao Vivo,Armandinho,armandinho ao vivo||armandinho
,Sketches for My Sweetheart The Drunk (Expanded Edition),Jeff Buckley,sketches for my sweetheart the drunk (expanded edition)||jeff buckley
53218177-6c5c-4c27-8fd1-5246b178662b,The World We Knew,Frank Sinatra,the world we knew||frank sinatra
,Nothing But The Best (2008 Remastered),Frank Sinatra,nothing but the best (2008 remastered)||frank sinatra
5a2022e2-fc9d-4b37-b846-bdc504ddf9c5,Thank Your Lucky Stars,Beach House,thank your lucky stars||beach house
032469aa-f00b-49cd-badf-5cbda161170c,Ten,Pearl Jam,ten||pearl jam
630ffe0a-8678-41aa-a044-2123d97cc3e0,Psychodrama,Dave,psychodrama||dave
,Lei do Retorno,MC Hariel,lei do retorno||mc hariel
,Ruby Rosary (feat. J. Cole),A$AP Rocky,ruby rosary (feat. j. cole)||a$ap rocky
3f70b299-237c-4758-a463-b2467980f5b4,Out the Trunk,Larry June,out the trunk||larry june
,The Great Escape,Larry June,the great escape||larry june
99c37a63-fab3-44f1-b5aa-5944a2207deb,DANGEROUS SUMMER,Yeat,dangerous summer||yeat
36dffde5-7b5b-4fc5-8344-4d623e47ce5b,Tiramisu,Don Toliver,tiramisu||don toliver
,wgft (Remix) [feat. Chris Brown],Gunna,wgft (remix) [feat. chris brown]||gunna
1aad3933-6f4a-48fc-93b7-6a269d42e37c,Revenge of the Dreamers II,J. Cole,revenge of the dreamers ii||j. cole
,L'Amour Toujours (Organs Instrumental),CHARBO,l'amour toujours (organs instrumental)||charbo
,wgft (feat. Burna Boy),Gunna,wgft (feat. burna boy)||gunna
,Grace (Legacy Edition),Jeff Buckley,grace (legacy edition)||jeff buckley
,Nothing Breaks Like a Heart (feat. Miley Cyrus),Mark Ronson,nothing breaks like a heart (feat. miley cyrus)||mark ronson
16eb8908-7d05-48b9-af7f-cb017302482a,The Black Parade,My Chemical Romance,the black parade||my chemical romance
002183a5-c087-4c0a-9c47-65ef79261dd2,A Head Full of Dreams,Coldplay,a head full of dreams||coldplay
07d02411-6722-4071-8130-14fb8512288a,Souvlaki,Slowdive,souvlaki||slowdive
9cc547e6-141d-4e77-9bdf-3bdb77c31b1b,2093,Yeat,2093||yeat
0ec67913-5de5-4ca5-a354-59f34af17c77,The King of Limbs,Radiohead,the king of limbs||radiohead
0102e469-a06a-4f27-8477-57981cb63ebb,Humbug,Arctic Monkeys,humbug||arctic monkeys
,Off The Record,mokumoku,off the record||mokumoku
29ed899c-d4c8-4e9b-b950-e562c76ec159,7,Beach House,7||beach house
,Mi Gente,J Balvin,mi gente||j balvin
,D-DAY: A GANGSTA GRILLZ MIXTAPE,Dreamville,d-day: a gangsta grillz mixtape||dreamville
ddbf4a4a-1f8e-49ad-b8a4-21481e403352,Might Delete Later,J. Cole,might delete later||j. cole
a76aba2b-8147-4239-b802-0ffbbc1dd3c6,Canções de Apartamento,Cícero,canções de apartamento||cícero
ca43df12-f49a-490c-ada9-9867ad85e8ab,The Off-Season,J. Cole,the off-season||j. cole
157f27fb-7f7f-4ea9-9674-fd84ed9db612,Lioness: Hidden Treasures,Amy Winehouse,lioness: hidden treasures||amy winehouse
,Good & Plenty (Remix),Lucky Daye,good & plenty (remix)||lucky daye
,Over,Lucky Daye,over||lucky daye
2b5510d6-7321-4e44-a2b2-558f103ba8bb,Tranquility Base Hotel & Casino,Arctic Monkeys,tranquility base hotel & casino||arctic monkeys
,Too Much For Me,selker,too much for me||selker
69fae433-bf6e-41f8-a309-ac832cbfa958,A Fire Inside Of Me,Lucas Dekker,a fire inside of me||lucas dekker
,Do To Me,Tim Sanders,do to me||tim sanders
,Do You Mind (Crazy Cousins Remix),Paleface,do you mind (crazy cousins remix)||paleface
,Beat Que Te Deixa Alerta,DJ Japa NK,beat que te deixa alerta||dj japa nk
,Ctrl (Deluxe),SZA,ctrl (deluxe)||sza
3b4e02d6-6af3-4b2c-a91f-e219ce1307fe,Painted,Lucky Daye,painted||lucky daye
,AURA,ogryzek,aura||ogryzek
,The Fate of Ophelia (Funk),NOVAX,the fate of ophelia (funk)||novax
f4ccb8ab-b46a-4a26-9fad-41f231310216,"Violator | The 12"" Singles",Depeche Mode,"violator | the 12"" singles||depeche mode"
,Hot Space (2011 Remaster),Queen,hot space (2011 remaster)||queen
2355bdf3-8bdc-4288-a8c2-f46bb98d17c4,Magna Carta... Holy Grail,JAY-Z,magna carta... holy grail||jay-z
001e9d0e-2c1d-4764-8d33-463bd0870a71,13,Black Sabbath,13||black sabbath
a46f955b-8e5e-4ba6-a07e-2e87cfa90efd,Valsa e Vapor,Phill Veras,valsa e vapor||phill veras
f70805ee-f3f5-4453-a344-eef3ad5f7e85,Bloco do Eu Sozinho,Los Hermanos,bloco do eu sozinho||los hermanos
,Os Dois Lados Da Moeda,prod gomes,os dois lados da moeda||prod gomes
d39a140d-136e-49a5-a6cf-be5f6291e833,Waterfalls (feat. Sam Harper & Bobby Harvey),James Hype,waterfalls (feat. sam harper & bobby harvey)||james hype
2a760ac4-0907-4526-81b9-fbbed10f9ce8,THRAK,King Crimson,thrak||king crimson
015be3dc-78b7-325c-932d-887c6920fa0e,Be Here Now,Oasis,be here now||oasis
37f0c94a-12bc-4371-bb35-790003c32a75,"Whatever People Say I Am, That's What I'm Not",Arctic Monkeys,"whatever people say i am, that's what i'm not||arctic monkeys"
0a36d29c-e0cc-4205-a40e-5b04013cff5f,Vs.,Pearl Jam,vs.||pearl jam
,Come Around Sundown (Expanded Edition),Kings of Leon,come around sundown (expanded edition)||kings of leon
11545505-e20b-46d2-9da7-830c509d427b,Dig Out Your Soul,Oasis,dig out your soul||oasis
,scars,Novulent,scars||novulent
,The Singles 86-98,Depeche Mode,the singles 86-98||depeche mode
5bbbe123-d425-4107-8e16-f45667d40270,Hot Blooded,New Constellations,hot blooded||new constellations
1ac8c46e-e483-46ba-ac82-08f6e25ba9bd,Tell Mama,Etta James,tell mama||etta james
,Resenha do Arrocha 4.0,J. Eskine,resenha do arrocha 4.0||j. eskine
,NEM SÓ DE MALUQUICE VIVE O HOMEM,J. Eskine,nem só de maluquice vive o homem||j. eskine
227014df-59ae-46e8-9605-b53f23599129,Fallen Star,The Neighbourhood,fallen star||the neighbourhood
16de0b2c-e92d-42c6-9d67-74cebcfac08f,Songs from the Big Chair,Tears for Fears,songs from the big chair||tears for fears
,The Noise,The Noise,the noise||the noise
,Peu,Ale Sater,peu||ale sater
21d945e4-9904-44ad-b96d-d8aa334e8872,At The BBC,Amy Winehouse,at the bbc||amy winehouse
320b5cdb-9e0c-4efb-ba38-aa04e67c7ed0,O Que Você Quer Saber de Verdade,Marisa Monte,o que você quer saber de verdade||marisa monte
ec230b52-0f84-4d67-a94f-1897ada9ea02,Gaveta,Phill Veras,gaveta||phill veras
,Welcome To The 1990s (Live),Mazzy Star,welcome to the 1990s (live)||mazzy star
5848fd87-4bd2-4d89-8673-e330c8652045,Bring Me Home - Live 2011,Sade,bring me home - live 2011||sade
0e8df420-5ec3-46a8-aca1-b526333a9be7,The Devil's Walk,Apparat,the devil's walk||apparat
,Obsoleto,Seu Pereira e Coletivo 401,obsoleto||seu pereira e coletivo 401
,Tudo Tão Certo,Ale Sater,tudo tão certo||ale sater
06697697-6019-31eb-b5a0-f7bc3c861bbe,Soldier of Love,Sade,soldier of love||sade
1e1ece5a-728a-461e-99fb-7d56441a8d72,Mirage,Avenoir,mirage||avenoir
,Sei Lá (Papatracks#7),Papatinho,sei lá (papatracks#7)||papatinho
,Get Rich Or Die Tryin'- The Original Motion Picture Soundtrack,50 Cent,get rich or die tryin'- the original motion picture soundtrack||50 cent
,Esse Cupido Não Me Ajuda,dexhenry,esse cupido não me ajuda||dexhenry
,Toda Trabalhada,DJ Cz,toda trabalhada||dj cz
2f2b8cd8-1c70-48c6-bbb6-a92365d8cf75,So Far Gone,Drake,so far gone||drake
,Falling Back (Extended Version),Drake,falling back (extended version)||drake
,International Women's Day,Ellie Goulding,international women's day||ellie goulding
,LOVERCORE,Artemas,lovercore||artemas
513a9e6b-57b6-4b3c-9cb1-61764004e182,XTRANHO,Matuê,xtranho||matuê
,Rearrange My World / There’s a Field (That's Only Yours),Daniel Caesar,rearrange my world / there’s a field (that's only yours)||daniel caesar
38d597bf-0890-4c9f-8562-28a562ba5538,So Close to What,Tate McRae,so close to what||tate mcrae
,Songs About Jane: 10th Anniversary Edition,Maroon 5,songs about jane: 10th anniversary edition||maroon 5
d390e014-dd8f-41f4-963a-a7b333cc3943,The Secret of Us,Gracie Abrams,the secret of us||gracie abrams
311ad921-98dc-43d5-ad37-ceba57618f52,Twilight,bôa,twilight||bôa
,Tu Veneno Mortal,Eslabon Armado,tu veneno mortal||eslabon armado
365d84ce-ac56-463d-94df-d7c23797bf12,$ad Boyz 4 Life II,Junior H,$ad boyz 4 life ii||junior h
4532a41c-3c28-49b5-9cbf-31482f2a6d73,Los Hermanos na Fundição Progresso - 09 de Junho de 2007,Los Hermanos,los hermanos na fundição progresso - 09 de junho de 2007||los hermanos
,Seu Pereira e Coletivo 401,Seu Pereira e Coletivo 401,seu pereira e coletivo 401||seu pereira e coletivo 401
049fc811-ac72-4fe8-aa4e-30a50e205707,Last Christmas,Wham!,last christmas||wham!
,All I Want for Christmas Is You,Mariah Carey,all i want for christmas is you||mariah carey
9d716f4e-8a34-4db9-a41c-7ef649b3b37c,The Life of a Showgirl,Taylor Swift,the life of a showgirl||taylor swift
50853278-fd6f-4b20-87e5-82c9ba76dc72,Chip Chrome & The Mono-Tones,The Neighbourhood,chip chrome & the mono-tones||the neighbourhood
,Eu não sou boa influência pra você,Seu Pereira e Coletivo 401,eu não sou boa influência pra você||seu pereira e coletivo 401
,Mirage (Deluxe Edition),Fleetwood Mac,mirage (deluxe edition)||fleetwood mac
dc196fb6-6d0d-4d12-9787-77afd9d651d0,(((((ultraSOUND))))),The Neighbourhood,(((((ultrasound)))))||the neighbourhood
,Zebrastreifenpferd,Oimara,zebrastreifenpferd||oimara
,Manu Pilas - MIRA (Videoclip Oficial),Manu Pilas,manu pilas - mira (videoclip oficial)||manu pilas
,TAKE 01,FERDI,take 01||ferdi
,TENTAR SER BREVE 🤷🏾‍♀️,KayBlack,tentar ser breve 🤷🏾‍♀️||kayblack
23883c62-18b7-407b-a8d1-2c66cb58fb7a,Donda,Kanye West,donda||kanye west
8c4f5dcf-87a3-4be0-8c3a-811bc6bde3c7,Outubro Ou Nada,Bidê ou Balde,outubro ou nada||bidê ou balde
,FKAY,KayBlack,fkay||kayblack
cb2890d9-93d4-41a8-ac0b-bfca87723747,open this wall,Berlioz,open this wall||berlioz
,In Full Bloom,Rose Royce,in full bloom||rose royce
,Noiris,LOOPGARDEN,noiris||loopgarden
0184146c-8de3-4968-838a-f1d7ebd2ac4c,Promise,Sade,promise||sade
,you & i,LucidBeatz,you & i||lucidbeatz
,Rocd & Limerence,M25,rocd & limerence||m25
,Me Against The World,gio mkl,me against the world||gio mkl
,take it from the starz,Roman Nasenmensch,take it from the starz||roman nasenmensch
0fadde41-aab1-42de-88c2-e7ca6ee32f2e,yustyna,Artemas,yustyna||artemas
,Silencieux Amoureux,Saphir,silencieux amoureux||saphir
,APRES SKI,Tream,apres ski||tream
,São Paulo,undeadprincess,são paulo||undeadprincess
a40eb560-64e9-4cf2-b210-420edf4b227f,Burguesia,Cazuza,burguesia||cazuza
0cd52968-e229-4a0c-8c03-bf267800fe4c,Carpete,Phill Veras,carpete||phill veras
,Since I Have A Lover,6LACK,since i have a lover||6lack
07216c6f-5932-49e6-846a-f3fd88b8d618,Salad Days,Mac DeMarco,salad days||mac demarco
,The Miseducation of Lauryn Hill,Ms. Lauryn Hill,the miseducation of lauryn hill||ms. lauryn hill
e461c1b4-4eb5-46c2-8eb1-1b29e1befdf4,French Exit,TV Girl,french exit||tv girl
4f7651be-5fb9-428e-aabf-6fc08e9f49b6,IMPLOSION,Labrinth,implosion||labrinth
,Afraid (Live at The Palladium),The Neighbourhood,afraid (live at the palladium)||the neighbourhood
,Prey (Live),The Neighbourhood,prey (live)||the neighbourhood
,Walking Wounded (Deluxe Edition),Everything But the Girl,walking wounded (deluxe edition)||everything but the girl
,The Entire World Seems to Be Asking the Same Question,Numb The Pain,the entire world seems to be asking the same question||numb the pain
005b018b-d052-409f-a68b-ddbae76a79f2,Goblin,"Tyler, The Creator","goblin||tyler, the creator"
,Les (Instrumental),Scammacist,les (instrumental)||scammacist
22878d56-8b2c-4ea2-ac4e-ecffccb0e420,I Run,haven.,i run||haven.
332fcd3b-c2b2-41d5-83d3-e159db056f23,The Documentary,The Game,the documentary||the game
,100 Greatest 10s: The Best Songs of Last Decade,Santigold,100 greatest 10s: the best songs of last decade||santigold
,Solace,RÜFÜS DU SOL,solace||rüfüs du sol
8ed67dcb-89fe-43b2-b0d4-3fb95fbce65f,Self Aware,Temper City,self aware||temper city
149eb2e4-a97d-4276-98e1-11456b96ddc5,Songs in A Minor,Alicia Keys,songs in a minor||alicia keys
,What i need,MRK,what i need||mrk
3305d913-cfa3-433d-b45f-f8f39614a93a,Baladas sangrentas,Wander Wildner,baladas sangrentas||wander wildner
,Soy Sabalero,Los Palmeras,soy sabalero||los palmeras
ea916926-e13d-494c-a5e5-acf35d159f9e,Un sentimiento,Los Palmeras,un sentimiento||los palmeras
3f979de5-8212-4d35-a819-8cce60b38f17,Comeblack,Scorpions,comeblack||scorpions
05adfe85-dd1c-44a0-bda8-a9159e59a30f,Purple Rain,Prince,purple rain||prince
,Watch The Throne,Jaÿ-Z,watch the throne||jaÿ-z
,Alone At Prom (Deluxe),Tory Lanez,alone at prom (deluxe)||tory lanez
031f4bea-732f-4d00-b409-5ca5ce3335e9,Every Day,Eric Prydz,every day||eric prydz
26ac4c30-1987-3281-b77f-84fab6712d44,The Element of Freedom,Alicia Keys,the element of freedom||alicia keys
,NOBLE (Slowed Down),F3miii,noble (slowed down)||f3miii
031daf2e-ee11-4a34-8a90-105f76be0729,(What's the Story) Morning Glory?,Oasis,(what's the story) morning glory?||oasis
c813b74d-942f-4612-967a-788d9e3e94fd,private music,Deftones,private music||deftones
2e23341e-9a49-4cf2-89db-8ddd882da2fe,Koi No Yokan,Deftones,koi no yokan||deftones
,"44° North, 63° West - The Remixes",Dezza,"44° north, 63° west - the remixes||dezza"
909fe712-64f7-47b8-9666-8d0c88d703a8,In Another Lifetime,Tinlicker,in another lifetime||tinlicker
,Fade Into Black,Tinlicker,fade into black||tinlicker
,"The Last Dance, Pt 2",Emmit Fenn,"the last dance, pt 2||emmit fenn"
89d1ca18-02cc-44b5-bbeb-398682484a46,Sundress,A$AP Rocky,sundress||a$ap rocky
05b67f03-9593-4bef-bb61-01b28ec1600e,Late Registration,Kanye West,late registration||kanye west
,BULLY,Kanye West,bully||kanye west
,The Blueprint 3,Jaÿ-Z,the blueprint 3||jaÿ-z
,one pillow (Official Music Video),Theo Croker,one pillow (official music video)||theo croker
,Barulho Da Colocada,Dj Duarte,barulho da colocada||dj duarte
,Passo com a Bunda e Sarro,Prod.Nifour,passo com a bunda e sarro||prod.nifour
,QUE LOUCURA,DJ Exe,que loucura||dj exe
,Vida Cara,Orochi,vida cara||orochi
192ef3d0-9f54-426c-9485-b867c7d3798b,Voices,Phantogram,voices||phantogram
,It Comes in Waves,New Constellations,it comes in waves||new constellations
,Atlas,RÜFÜS DU SOL,atlas||rüfüs du sol
51f8289e-7379-4c7b-ab50-564e2f875594,Deadbeat,Tame Impala,deadbeat||tame impala
bb987b84-aa84-4428-9169-1c5ea3764b7b,Promises,Bovski,promises||bovski
,WILDFIRE,Fuzion,wildfire||fuzion
,Just For the Night,Shankz,just for the night||shankz
651681ea-4d63-47ac-8a73-58085b6c448f,Falling,Nate Band,falling||nate band
,Runaway (U & I),Ian Asher,runaway (u & i)||ian asher
a7c036cd-04f6-4c74-821d-398be8ba7b11,Make Me Feel,Oskar med K,make me feel||oskar med k
,Key To My Heart,Bovski,key to my heart||bovski
,Jamie (Do you still love me?),Ecchi.mp4,jamie (do you still love me?)||ecchi.mp4
,Crazy,Myles Lloyd,crazy||myles lloyd
64ca8c62-54c9-494e-9037-9d9a7c85c0d7,Miss Your Body,Nate Band,miss your body||nate band
,Desire,Ian Asher,desire||ian asher
4ba0a1ee-fa82-47ee-995e-da37878d41e6,Butcher's Coin,Traitrs,butcher's coin||traitrs
,Apasionada / Over It,Future Nobodies,apasionada / over it||future nobodies
,Paralyzed,Glaring,paralyzed||glaring
,Heretic,Vestron Vulture,heretic||vestron vulture
,Corporeal Form,Flowerbabe,corporeal form||flowerbabe
5706296e-7393-4a89-bb4c-ef8f69b78963,I Saw Nothing Good So I Left,Bragolin,i saw nothing good so i left||bragolin
fb789c81-b95c-4c9d-9ae0-1d9ca9948efe,Super Liger,Vestron Vulture,super liger||vestron vulture
,"Thank You,",The Neighbourhood,"thank you,||the neighbourhood"
04944dc2-3736-45bc-b3b6-63fd42b86136,To Pimp a Butterfly,Kendrick Lamar,to pimp a butterfly||kendrick lamar
7e23f641-7275-48ce-b592-ece9d0fa25cd,LIVE.LOVE.A$AP,A$AP Rocky,live.love.a$ap||a$ap rocky
82090cd2-fc9f-4add-bdbf-6cfe7ff987d5,Streets of Vengeance,Vestron Vulture,streets of vengeance||vestron vulture
0505543b-3387-4119-a1cf-8670fec5632a,Faces,Mac Miller,faces||mac miller
,Ghoultears,Vestron Vulture,ghoultears||vestron vulture
,GRILLED CHEESE DELUXE,Vestron Vulture,grilled cheese deluxe||vestron vulture
9caef7d6-3cb2-4ff9-ad71-c11b159ed19c,TELL ME WHEN I'M TELLING LIES,Vestron Vulture,tell me when i'm telling lies||vestron vulture
,ROLL MOTTLE,Vestron Vulture,roll mottle||vestron vulture
,Gaiden,Vestron Vulture,gaiden||vestron vulture
213910e7-279a-3186-81ae-cf330ded96fb,Roseland NYC Live,Portishead,roseland nyc live||portishead
,Wackelkontakt,Oimara,wackelkontakt||oimara
3449ef2f-15a0-486a-8667-c91eb052cbf9,Odd Look,Kavinsky,odd look||kavinsky
,"good kid, m.A.A.d city (Deluxe)",Kendrick Lamar,"good kid, m.a.a.d city (deluxe)||kendrick lamar"
,ALRIGHT,Avstn,alright||avstn
,Self Control,Lynnic,self control||lynnic
,Say My Name (Remix),Morgan Seatree,say my name (remix)||morgan seatree
b0447dbd-18bb-458c-86d9-8ace206d3b98,Wild,James Hype,wild||james hype
,Kisses (feat. bbyclose),Bl3ss,kisses (feat. bbyclose)||bl3ss
,Tongue Tied,Sam Cliffe,tongue tied||sam cliffe
48a25107-8463-458b-843e-437d9eda565e,Lose Control,James Hype,lose control||james hype
,wacuka x say my name,Brown Eyed Girl,wacuka x say my name||brown eyed girl
,Bandido problemático,DJ GUSTOMARES,bandido problemático||dj gustomares
,dirty little secret,Artemas,dirty little secret||artemas
20aa9b51-08b4-4f09-b88c-7017eaaea971,Cilvia Demo,Isaiah Rashad,cilvia demo||isaiah rashad
d98df59b-beaa-424c-a48f-cf8217f61776,Missing Something,Asal,missing something||asal
,Project YVL,Twxn,project yvl||twxn
004dfc26-36b4-4bf7-a51e-4146b7a415d4,"Strangeways, Here We Come",The Smiths,"strangeways, here we come||the smiths"
00163fb1-5ab7-4fec-b0dd-a915e2722340,Dummy,Portishead,dummy||portishead
0ba034bc-799f-436b-9d97-54315f3d8114,Agent Provocateur,Foreigner,agent provocateur||foreigner
460be4b3-5347-45f5-8783-b158d354d97a,Failed at Math(s),Panchiko,failed at math(s)||panchiko
,EU SEI QUE NÃO É VERDADE,dnovaees,eu sei que não é verdade||dnovaees
806c5890-198b-4ffc-8ce1-cc0b5dc60c5d,Strangers,Kenya Grace,strangers||kenya grace
,Her Loss,Drake,her loss||drake
,These Walls,Kendrick Lamar,these walls||kendrick lamar
,Will I See You Again?,Thee Sacred Souls,will i see you again?||thee sacred souls
,As Pequenas Grandes Coisas,Vitor Kley,as pequenas grandes coisas||vitor kley
01b0f6e0-fc0b-391b-bc6a-956e282441f3,brand new eyes,Paramore,brand new eyes||paramore
,I Smoked Away My Brain (I'm God x Demons Mashup) (feat. Imogen Heap & Clams Casino),A$AP Rocky,i smoked away my brain (i'm god x demons mashup) (feat. imogen heap & clams casino)||a$ap rocky
,Wackelkontakt (HBz x Luca-Dante Spadafora Remix),Oimara,wackelkontakt (hbz x luca-dante spadafora remix)||oimara
0b79f6fb-23f4-4cad-9729-68910e93f6df,All Eyez on Me,2Pac,all eyez on me||2pac
00a49110-e36f-493c-a4bd-6516d1dc78fd,Better Dayz,2Pac,better dayz||2pac
,Tcheca açucarada,DJ GUSTOMARES,tcheca açucarada||dj gustomares
01e3fec0-8c75-4800-9c31-7cd42e93f3bf,Hail to the Thief,Radiohead,hail to the thief||radiohead
5da51ac1-9123-4de5-a19c-d5a4083ff10f,Arquivo II 1991 - 2000,Os Paralamas Do Sucesso,arquivo ii 1991 - 2000||os paralamas do sucesso
,Seja Para Mim (Acústico),Maneva,seja para mim (acústico)||maneva
8366f4a2-4d91-47a6-b787-c9faa1aeeb4f,Samurai,Lupe Fiasco,samurai||lupe fiasco
,Para nunca nos tornarmos estranhos,Sotam,para nunca nos tornarmos estranhos||sotam
,Freestyle,KayBlack,freestyle||kayblack
3b71efac-ebc3-4172-bc0c-7a0a44c581d4,Exagerado,Cazuza,exagerado||cazuza
8d264046-d738-4707-90e5-0350ed2de95a,Camisa 10 joga bola até na chuva,Charlie Brown Jr.,camisa 10 joga bola até na chuva||charlie brown jr.
e7e902d4-a2e1-4bb6-9b92-694f0676ca0b,Sobrevivendo no Inferno,Racionais MC's,sobrevivendo no inferno||racionais mc's
,A Cara do Enquadro,KayBlack,a cara do enquadro||kayblack
,SEM PAUSA,Sotam,sem pausa||sotam
,MLK RUIM,Yuri Redicopa,mlk ruim||yuri redicopa
b3f2384f-3838-4457-a694-b50f95e4d59f,southbound / test drive,Artemas,southbound / test drive||artemas
7f8b58e8-c1e4-4df1-bd3d-45dc0c20c14d,i like the way you kiss me,Artemas,i like the way you kiss me||artemas
5cd6933d-a499-49e4-976a-4c6ec4b8b72c,superstar,Artemas,superstar||artemas
,Medo Bobo,Rubel,medo bobo||rubel
d8e363e1-d939-4a93-966f-89e376f84517,Infinito Particular,Marisa Monte,infinito particular||marisa monte
d45954ec-3692-4c58-b512-cc2f7aabe9a3,Amour Plastique,Videoclub,amour plastique||videoclub
0958229a-2fd0-49e9-b6e8-34558c814e82,Euphories,Videoclub,euphories||videoclub
e41ee68e-eb4a-4ea6-9dbd-e9d0b9d72712,Chromakopia,"Tyler, The Creator","chromakopia||tyler, the creator"
14e7cb24-4a6e-4a55-a692-0f4b4715790c,Don't Wake Me Up,James Hype,don't wake me up||james hype
,Heartburn,Wafia,heartburn||wafia
8378cc27-1a2c-490f-82a6-2821500f08e4,The After Taste,Kenya Grace,the after taste||kenya grace
1f2dd59d-b33c-486b-810f-188d360ccc03,Instrumental Relics,Clams Casino,instrumental relics||clams casino
3d2e8df5-b344-4af2-9c41-22f86ae0b033,Let Me Explain,Bryson Tiller,let me explain||bryson tiller
,Champions League Theme,Champions League Orchestra,champions league theme||champions league orchestra
,The Amazing Spider-Man 2 (The Original Motion Picture Soundtrack),The Neighbourhood,the amazing spider-man 2 (the original motion picture soundtrack)||the neighbourhood
58082754-2ec9-48ae-b30a-7eb16ebcd24e,Good Mourning,Clara La San,good mourning||clara la san
,UEFA Champions League Legacy Anthem (Full Version),UEFA,uefa champions league legacy anthem (full version)||uefa
42b8cc7e-01d5-4911-a4e9-a96dbf94cd16,Vivaldi: The Four Seasons,Antonio Vivaldi,vivaldi: the four seasons||antonio vivaldi
,"Nada Como um Dia Após o Outro Dia, Vol. 1 & 2",Racionais MC's,"nada como um dia após o outro dia, vol. 1 & 2||racionais mc's"
13107da3-3875-4d91-9338-e56e5642d1bd,Stadtaffe,Peter Fox,stadtaffe||peter fox
919e90aa-1c5b-4a03-bb0a-68eaff06566a,Part One,Chase Atlantic,part one||chase atlantic
,INCÓMODO,Tito Double P,incómodo||tito double p
,Mi Vida En Un Cigarro 2,Junior H,mi vida en un cigarro 2||junior h
06638016-addb-4638-84f3-2e9b5724e42b,GÉNESIS,Peso Pluma,génesis||peso pluma
d01288dc-e769-42cc-8b59-0ed2f1da1d92,Mi Vida Mi Muerte,Neton Vega,mi vida mi muerte||neton vega
,MIRADA,Ivan Cornejo,mirada||ivan cornejo
ab693185-e862-45f6-b0dc-9873d0c1944c,I Love You For All Seasons,The Fuzz,i love you for all seasons||the fuzz
3f86109c-3614-4325-a88d-a4413e212ce0,The Very Best Of The Dramatics,The Dramatics,the very best of the dramatics||the dramatics
35df0edb-b8d9-4da3-962c-c675a6e4d7d9,Car Wash,Rose Royce,car wash||rose royce
1e9296c1-dccf-448b-b915-04eea2fe86bc,You'll Lose a Good Thing,Barbara Lynn,you'll lose a good thing||barbara lynn
780a7b18-8051-4817-bb40-d907a5be3134,Corta Venas,Eslabon Armado,corta venas||eslabon armado
,Meteor,Kenya Grace,meteor||kenya grace
,Eh Noiz Ki Tá,MC Hariel,eh noiz ki tá||mc hariel
,Sou de Todas,Dj TG Da INESTAN,sou de todas||dj tg da inestan
,Nos Tornamos Estranhos,Sotam,nos tornamos estranhos||sotam
,Minha Vida é Isso,dnovaees,minha vida é isso||dnovaees
,RITMADA GARDEN KISSES,Zairon,ritmada garden kisses||zairon
,Vivência,dnovaees,vivência||dnovaees
,MÓ CASTIGO,tarisiix,mó castigo||tarisiix
,MEC MEC MTG,Zairon,mec mec mtg||zairon
,Eu Preciso de Grana,Yuri Redicopa,eu preciso de grana||yuri redicopa
,Lado Oeste,DJ VINI DA ZO,lado oeste||dj vini da zo
,Svn,Yuri Redicopa,svn||yuri redicopa
,Escape MTG,Zairon,escape mtg||zairon
,"Briga, Briga, Briga",Zaghini,"briga, briga, briga||zaghini"
,Sem Chance Pro Erro,dnovaees,sem chance pro erro||dnovaees
,Se Pa Que Ela Tente Mudar,Yuri Redicopa,se pa que ela tente mudar||yuri redicopa
,RITMADA ANOS 2000,DJ KEVIN.xpj,ritmada anos 2000||dj kevin.xpj
,OUTRA,tarisiix,outra||tarisiix
,Eu mudei,Zaghini,eu mudei||zaghini
286fecce-3c83-42f3-85b8-f9a00fba29cc,Nume - Epílogo,Filipe Ret,nume - epílogo||filipe ret
,Fin de Semana,Oscar Maydon,fin de semana||oscar maydon
72cbf6f4-f4ad-44c4-b195-55f1f3893217,Junk,M83,junk||m83
50b51f4b-48ae-4f67-b94b-fe2f1aa87fb9,I.,Cigarettes After Sex,i.||cigarettes after sex
0b87ebcf-216b-4255-9c19-93c12861f173,"Hurry Up, We're Dreaming",M83,"hurry up, we're dreaming||m83"
,#000000 & #FFFFFF (No DJ Version),The Neighbourhood,#000000 & #ffffff (no dj version)||the neighbourhood
640dadc4-616d-4c2e-b432-4a12254ab7fa,"Tu Veneno Mortal, Vol. 2",Eslabon Armado,"tu veneno mortal, vol. 2||eslabon armado"
fdc691fd-1b25-4fc2-926c-ff0526f16ee8,Valerie Simpson,Valerie Simpson,valerie simpson||valerie simpson
,Californication (Deluxe Edition),Red Hot Chili Peppers,californication (deluxe edition)||red hot chili peppers
0651b228-5eea-454b-99d5-97b1768ca57c,Loose,Nelly Furtado,loose||nelly furtado
0cfe933d-3bfd-3dc3-aadc-79260737935f,Stadium Arcadium,Red Hot Chili Peppers,stadium arcadium||red hot chili peppers
,Overexposed Track By Track,Maroon 5,overexposed track by track||maroon 5
b90c2000-5b4a-41b7-82c3-d78a9b63fcb9,For All the Dogs,Drake,for all the dogs||drake
441a0b72-1a3b-42bc-af66-99aeff9844cc,R.U.L.E.,Ja Rule,r.u.l.e.||ja rule
0505de77-01a0-46b5-8710-21c1f6805f5d,The Getaway,Red Hot Chili Peppers,the getaway||red hot chili peppers
,Ella Baila Sola,Eslabon Armado,ella baila sola||eslabon armado
,Circles (Deluxe),Mac Miller,circles (deluxe)||mac miller
,That's Life (feat. Mac Miller & Sia),88-Keys,that's life (feat. mac miller & sia)||88-keys
bf2d8b31-b4f1-4413-a294-247eb0c85127,Buttons,Mac Miller,buttons||mac miller
,Programs,Mac Miller,programs||mac miller
3b97d26e-275f-41c8-8e7d-e51070449ec8,K.I.D.S.,Mac Miller,k.i.d.s.||mac miller
,Best Day Ever (5th Anniversary Remastered Edition),Mac Miller,best day ever (5th anniversary remastered edition)||mac miller
41648b54-714a-42fb-b7a7-d2e81c26d096,Macadelic,Mac Miller,macadelic||mac miller
2488e0ce-7a41-46a2-b1dc-a3fefe38b7d0,Free Nationals,Free Nationals,free nationals||free nationals
15c5738e-340f-450b-a79b-c5c7b155e53c,Yours Truly,Ariana Grande,yours truly||ariana grande
58dbc2a3-d37f-464a-8144-2d54cb738424,Blue Slide Park,Mac Miller,blue slide park||mac miller
acd8a968-bd62-4b03-8f0d-539e0490ae4f,"I Love Life, Thank You",Mac Miller,"i love life, thank you||mac miller"
07e92711-51fe-4e80-97a3-be995b7f4119,The Infamous,Mobb Deep,the infamous||mobb deep
64abe96b-cfad-370b-8731-6e737fcc9222,Pain Is Love,Ja Rule,pain is love||ja rule
37d89c1e-4f78-4116-ae56-48ee06b8f64b,Me Against the World,2Pac,me against the world||2pac
4062f335-f3c8-4037-a73d-b37eccde3fbc,The People's Champ,Paul Wall,the people's champ||paul wall
,The Virgin Suicides (Original Motion Picture Score),Air,the virgin suicides (original motion picture score)||air
03fb2f5a-6388-3dd9-a182-a66b9759d928,Louder Than Bombs,The Smiths,louder than bombs||the smiths
1877489f-c305-4939-b626-505f316e7c12,Rumours (Super Deluxe),Fleetwood Mac,rumours (super deluxe)||fleetwood mac
,Reading Writing And Arithmetic,The Sundays,reading writing and arithmetic||the sundays
20a7bedb-ff1e-3713-a55e-390f43180824,She Hangs Brightly,Mazzy Star,she hangs brightly||mazzy star
05eae5e7-c7f0-4ca2-8b0e-2be4f4506983,Hatful of Hollow,The Smiths,hatful of hollow||the smiths
662dd19f-07ce-4a5d-b122-80129eebf9d4,The First Family of Soul: The Best of The Five Stairsteps,The Five Stairsteps,the first family of soul: the best of the five stairsteps||the five stairsteps
0fcc367d-af66-49ee-b7b0-8351a91e04c0,The Queen Is Dead,The Smiths,the queen is dead||the smiths
2a5e79b7-95fd-4ad0-965d-948c3204ea54,The Jaws of Life,Pierce the Veil,the jaws of life||pierce the veil
139834b5-ab4f-40d2-9af7-4b186e14fe3c,The Big Picture,Big L,the big picture||big l
,Most Known Unknown (Explicit),Three 6 Mafia,most known unknown (explicit)||three 6 mafia
1137b722-521f-4661-b411-a3efae948c16,Lovers Rock,Sade,lovers rock||sade
,Volume Two,Gotts Street Park,volume two||gotts street park
02b7bfb3-978a-4165-9d00-5494a1fe301b,Coastal Grooves,Blood Orange,coastal grooves||blood orange
0c68495e-485d-4976-bb85-438249649d08,Cigarettes After Sex,Cigarettes After Sex,cigarettes after sex||cigarettes after sex
127f403d-1244-491a-8d79-e422148a2a6c,Melankton,Kate Havnevik,melankton||kate havnevik
,On The Inside,Gotts Street Park,on the inside||gotts street park
,24 Songs,Void,24 songs||void
2663e618-fab2-4e38-9fef-6e9d6a40d659,Montage Of Heck: The Home Recordings,Kurt Cobain,montage of heck: the home recordings||kurt cobain
00a0179e-960f-47d1-8795-5e1568126750,The Smiths,The Smiths,the smiths||the smiths
,(What's the Story) Morning Glory? [Remastered],Oasis,(what's the story) morning glory? [remastered]||oasis
1e1ea80c-4e62-4d68-b3f5-464ae29b4c67,LIFE'S A TRIP,Diplo,life's a trip||diplo
00748c61-e80e-4e63-aa3d-6d9fc13efa3e,Cry,The Sundays,cry||the sundays
9c5a6a5f-ec6e-4ab3-a183-a332bc9e6a01,WITHERED,d4vd,withered||d4vd
5f55c6fd-4035-4287-a5ed-1c3a3dfb0fef,Red Moon in Venus,Kali Uchis,red moon in venus||kali uchis
,Mexico and Mariachis,Antonio Banderas,mexico and mariachis||antonio banderas
,Los Cuadros,Peso Pluma,los cuadros||peso pluma
,Show Me Love (feat. Miguel) [Live],Alicia Keys,show me love (feat. miguel) [live]||alicia keys
,ONDEADO$,Calle 24,ondeado$||calle 24
,Morena (Remix),Neton Vega,morena (remix)||neton vega
2337ea07-576a-368a-ba18-6ce519d46652,San Francisco Days,Chris Isaak,san francisco days||chris isaak
281ee54a-6554-417d-b35d-6aa2079739a2,Goodbye,The Sundays,goodbye||the sundays
00946eac-75d5-3a44-ba92-735cc38583bb,Moon Safari,Air,moon safari||air
,Alma de Guitarra,Antonio Banderas,alma de guitarra||antonio banderas
,Posada de H Records VIP Vol. 1 (En Vivo),Alta Consigna,posada de h records vip vol. 1 (en vivo)||alta consigna
,Nostalgia,Eslabon Armado,nostalgia||eslabon armado
3caf33d9-c25e-473b-bf99-9fd9f61a5780,Mi Nuevo Yo,Natanael Cano,mi nuevo yo||natanael cano
,Cruisin' with Junior H,Junior H,cruisin' with junior h||junior h
,Meddle About,Chase Atlantic,meddle about||chase atlantic
24c99b7d-b243-450d-8477-46dfd4a8bfa3,Bloom,Beach House,bloom||beach house
0bd1e9ba-3bea-458c-9a18-98bfee02bd16,D>E>A>T>H>M>E>T>A>L,Panchiko,d>e>a>t>h>m>e>t>a>l||panchiko
04ffa6bb-db29-4243-9c71-b32b79c9b0ec,Blue Banisters,Lana Del Rey,blue banisters||lana del rey
,Éxodo,Peso Pluma,éxodo||peso pluma
f9022351-ca27-4595-b5a5-ac6ff6dbd71b,Desvelado,Eslabon Armado,desvelado||eslabon armado
,"Rico o Muerto, Vol. 1",Oscar Maydon,"rico o muerto, vol. 1||oscar maydon"
,MAÑANA SERÁ BONITO (BICHOTA SEASON),KAROL G,mañana será bonito (bichota season)||karol g
,Solo Me Dejaste,Grupo Marca Registrada,solo me dejaste||grupo marca registrada
,Una Linda Mujer,Nivel,una linda mujer||nivel
,Jimmy Humilde Presenta Lo Mejor De Las Calles Edición Mexico,Junior H,jimmy humilde presenta lo mejor de las calles edición mexico||junior h
1c426158-2da6-4ffa-93ff-02e67241ed23,Rosones,Tito Double P,rosones||tito double p
,Vibras de Noche,Eslabon Armado,vibras de noche||eslabon armado
,D.T.S.N.T. EP,Stwo,d.t.s.n.t. ep||stwo
,Send Return,&ME,send return||&me
,is it cool? (feat. SZA),Steve Lacy,is it cool? (feat. sza)||steve lacy
,Drip Harder,Lil Baby,drip harder||lil baby
,Dai Dai,Shakira,dai dai||shakira
,Zootopia 2 (Original Motion Picture Soundtrack),Disney,zootopia 2 (original motion picture soundtrack)||disney
,"Colors (Coca-Cola® Anthem, 2018 FIFA World CupTM)",Jason Derulo,"colors (coca-cola® anthem, 2018 fifa world cuptm)||jason derulo"
,Cascade,Turkish Delight,cascade||turkish delight
,Floating in Reverie,Moayad Aljabal,floating in reverie||moayad aljabal
,delusion,WOEST,delusion||woest
0463a132-b89b-4fcb-8ae4-1ebf94df1088,Departure Songs,We Lost the Sea,departure songs||we lost the sea
,The sun will rise again like nothing's wrong.,We are not friends,the sun will rise again like nothing's wrong.||we are not friends
dd92c6db-39be-4cc1-a71b-c3242fe9c0a4,Little Victories,Krobak,little victories||krobak
,Muitas Vezes Mais... Vol. 1: Relicário,Família Madá,muitas vezes mais... vol. 1: relicário||família madá
,Jealous Ones Still Envy (J.O.S.E),Fat Joe,jealous ones still envy (j.o.s.e)||fat joe
,Worst In Us,d3puu,worst in us||d3puu
,Bonjour,KayBlack,bonjour||kayblack
,Drip da Roça,REID,drip da roça||reid
,previas.zip,Teto,previas.zip||teto
,Sem Dó,Matuê,sem dó||matuê
,Sereia,Orochi,sereia||orochi
,My Love For You (Yebba's Heartbreak),Marten Lou,my love for you (yebba's heartbreak)||marten lou
,Fractures,Anderholm,fractures||anderholm
,Opposite Minds,Nico Morano,opposite minds||nico morano
,World of Sound,Alessandro Pierozzi,world of sound||alessandro pierozzi
,This Time / Ray,Avoure,this time / ray||avoure
,Aurora,Andfølk,aurora||andfølk
,Unity Pt. 3,Jan Blomqvist,unity pt. 3||jan blomqvist
,Folding,Anderholm,folding||anderholm
1c9f809e-5a35-45a7-9f67-fb5648a8d033,The Diary of Alicia Keys,Alicia Keys,the diary of alicia keys||alicia keys
0c5ca3ff-3c17-486f-b093-b05b04d14ff9,The Summer That Saved Me,Odeal,the summer that saved me||odeal
,Save Me,Marten Lou,save me||marten lou
07fa21fa-235b-4ead-8466-daf8a42899d8,Sweet Boy,Malcolm Todd,sweet boy||malcolm todd
e142765a-1fb3-4980-90b5-2b39044eb01f,you seem pretty sad for a girl so in love,Olivia Rodrigo,you seem pretty sad for a girl so in love||olivia rodrigo
1084940c-a187-4d9c-9fd0-ce9ce951ab2e,111XPANTIA,Fuerza Regida,111xpantia||fuerza regida
,MALA MÍA,Fuerza Regida,mala mía||fuerza regida
,Memorias <3,emmanuellcortess_,memorias <3||emmanuellcortess_
,$ad Boyz 4 Life,Junior H,$ad boyz 4 life||junior h
,Pacas Verdes (feat. Ovi),Natanael Cano,pacas verdes (feat. ovi)||natanael cano
,Por las Noches,Peso Pluma,por las noches||peso pluma
,Nata Montana,Natanael Cano,nata montana||natanael cano
,Todo a Su Tiempo,Neton Vega,todo a su tiempo||neton vega
,Dañado,Ivan Cornejo,dañado||ivan cornejo
,MUSICA <3,Junior H,musica <3||junior h
2c0246ac-0249-4f84-bb19-2470191ab5cf,Orquídeas,Kali Uchis,orquídeas||kali uchis
,Amor Vem Cá,Armandinho,amor vem cá||armandinho
07ff5c78-44ca-45b1-944e-e2723ce4d87e,Dangerously in Love,Beyoncé,dangerously in love||beyoncé
0d37adec-7b11-4f90-9af4-f90f9a6dc253,B'Day,Beyoncé,b'day||beyoncé
84faff44-4c23-4ac5-bafb-47e2929ddb60,"Take Me Home, Country Roads",Lana Del Rey,"take me home, country roads||lana del rey"
028388ff-2e86-4a86-ae46-9258fb3facbe,The Dutchess,Fergie,the dutchess||fergie
,#01 Rei de Copas,Geral do Grêmio Oficial,#01 rei de copas||geral do grêmio oficial
,"Diamantes, Lágrimas e Rostos para Esquecer",BK,"diamantes, lágrimas e rostos para esquecer||bk"
,No Piscar dos Olhos,Febre90s,no piscar dos olhos||febre90s
,DON'T TAP THE GLASS,"Tyler, The Creator","don't tap the glass||tyler, the creator"
,Before I Self-Destruct,50 Cent,before i self-destruct||50 cent
00ee7631-ec86-444c-a973-4308f11f7a06,Because of You,Ne-Yo,because of you||ne-yo
6b4de8a2-42f3-4c9f-9f14-464150666169,In My Own Words,Ne-Yo,in my own words||ne-yo
149358d8-366e-4112-a339-f5a4d3456122,Let Me Love You,Mario,let me love you||mario
,Imaterial (Deluxe),Filipe Ret,imaterial (deluxe)||filipe ret
,Anos Luz,Matuê,anos luz||matuê
,Cartier Santos Dumont,Febre90s,cartier santos dumont||febre90s
,Autodomínio,pumapjl,autodomínio||pumapjl
5762e8ac-3140-4503-a52b-af3b06bc5821,act iii: on god? (she like),4batz,act iii: on god? (she like)||4batz
2005f2d6-eed5-4b32-9f0b-02df7ec6d99f,MORAL,Avenoir,moral||avenoir
ef86eb0f-e557-45ee-b46b-777399d48bd4,Everybody Dies,J. Cole,everybody dies||j. cole
,BUSY,TEC,busy||tec
,SORRY IN ADVANCE,Jden Ray,sorry in advance||jden ray
,TWENTYONE TAPES,Jden Ray,twentyone tapes||jden ray
,Be Free,J. Cole,be free||j. cole
6603751a-c7f7-42b2-b0a1-f440e93e3bee,Too Much,Avenoir,too much||avenoir
b178a896-d24f-4c47-85be-41c5e9b7af08,Jackman.,Jack Harlow,jackman.||jack harlow
,What Kind of Love,Childish Gambino,what kind of love||childish gambino
,Apollo,Maz B,apollo||maz b
,No One Noticed (Extended),The Marías,no one noticed (extended)||the marías
,F Song & Mrs Magic (Strings Versions),Strawberry Guy,f song & mrs magic (strings versions)||strawberry guy
afea971b-c6ed-4ff8-9552-b47b8569c751,Naked All The Time,Sports,naked all the time||sports
a73067b2-3c56-42dd-9671-2077417ddcca,I Barely Know Her,sombr,i barely know her||sombr
b604d350-dde9-43c2-abae-49a16ce1fe3a,Crystal Castles (II),Crystal Castles,crystal castles (ii)||crystal castles
14606a48-cfae-4b4f-8e8c-3b80fa736e13,One Wayne G,Mac DeMarco,one wayne g||mac demarco
,Boomzim,Matuê,boomzim||matuê
,Rap É Compromisso (Edição Comemorativa),Sabotage,rap é compromisso (edição comemorativa)||sabotage
,Cheiro do Verde,Febre90s,cheiro do verde||febre90s
,Raio X do Brasil,Racionais MC's,raio x do brasil||racionais mc's
,Contorno,pumapjl,contorno||pumapjl
,Rbn,Matuê,rbn||matuê
,Malandro Demais Vira Bicho,Febre90s,malandro demais vira bicho||febre90s
,Mun Rá (Edição Comemorativa),Sabotage,mun rá (edição comemorativa)||sabotage
,Night Drive,Hxnry,night drive||hxnry
,LIE / LOSE YOU,Void,lie / lose you||void
92236f8b-9327-487a-933e-71a3acf3460b,HARDSTONE PSYCHO,Don Toliver,hardstone psycho||don toliver
101f993f-d5e1-3f14-b40b-71850f1f435a,Crystal Castles,Crystal Castles,crystal castles||crystal castles
,ANARCHY,Void,anarchy||void
00a2aacb-0110-4723-a019-96ccbb7341b8,Heaven or Hell,Don Toliver,heaven or hell||don toliver
114356f9-333f-45f3-898d-00106f3aee45,Rodeo,Travi$ Scott,rodeo||travi$ scott
,Acting Like,Tory Lanez,acting like||tory lanez
141832c3-de98-4c4d-bcd7-1733b9141ba7,Yeezus,Kanye West,yeezus||kanye west
5f8ab235-4dfd-41b3-8323-723d3a9939e4,Black Metal,Dean Blunt,black metal||dean blunt
cdd696ea-ba32-4520-822e-b4daf6572f9e,CINEMA,The Marías,cinema||the marías
b4fcdb2f-4184-499b-a3a8-85a827fe1624,"Superclean, Vol. II",The Marías,"superclean, vol. ii||the marías"
15e32d00-a602-4513-b46f-37c940270636,Submarine,The Marías,submarine||the marías
,dance with me,LucidBeatz,dance with me||lucidbeatz
,Estouração Automotiva,Mc Magrinho,estouração automotiva||mc magrinho
,Braba No Chá,DJ Cz,braba no chá||dj cz
86e0a607-bbf7-4350-b074-e4a879449572,Mãe Solteira,DG e Batidão Stronda,mãe solteira||dg e batidão stronda
,Paradise - EP,Chase Atlantic,paradise - ep||chase atlantic
,Com os neurônios Evoluidos,ConeCrewDiretoria,com os neurônios evoluidos||conecrewdiretoria
f1126f6c-e1ff-41c2-beb0-85523a924855,Art of War,Avenoir,art of war||avenoir
14310773-a67d-496e-b7af-be60a13f652e,You Gotta Go There to Come Back,Stereophonics,you gotta go there to come back||stereophonics
0270cde6-6b5b-31fa-b04b-d8b68ff612d4,"For Emma, Forever Ago",Bon Iver,"for emma, forever ago||bon iver"
083305cf-1772-4db5-b10a-fb363c7e600b,Ghost Stories,Coldplay,ghost stories||coldplay
08697ff5-4d82-454b-ac33-3cb8d8b22100,As Cruel as School Children,Gym Class Heroes,as cruel as school children||gym class heroes
09cec8c8-4969-4fc6-9534-8238b4af2d22,The Papercut Chronicles II,Gym Class Heroes,the papercut chronicles ii||gym class heroes
19098dda-2bab-4f9e-ba77-03a151ea997e,The Papercut Chronicles,Gym Class Heroes,the papercut chronicles||gym class heroes
1007498c-9856-4351-88fb-78a4d678a545,19,Adele,19||adele
,Unapologetic (Edited Version),Rihanna,unapologetic (edited version)||rihanna
205a4467-3eab-4884-a6db-35bfd8a5529a,Changes,Charles Bradley,changes||charles bradley
,Like We Wrote,Lithe,like we wrote||lithe
,Siamese Dream (Deluxe Edition),The Smashing Pumpkins,siamese dream (deluxe edition)||the smashing pumpkins
07708c6b-b179-37f3-ae30-96d1482d8c44,Blind,The Sundays,blind||the sundays
,Hold Out,Lithe,hold out||lithe
,Fall Back / Selfish Game,Lithe,fall back / selfish game||lithe
,Lift Me Up,Silver Panda,lift me up||silver panda
,COME OUTSIDE,Bryson Tiller,come outside||bryson tiller
,Pessimist,Lithe,pessimist||lithe
,Purple (Lost Tapes 2022),Tory Lanez,purple (lost tapes 2022)||tory lanez
,Higher Low,Jan Blomqvist,higher low||jan blomqvist
33facb86-9497-4e18-ba5a-11dc04fa2943,Name My Price,Lithe,name my price||lithe
01bc4494-f1e2-451c-8e84-ccb080f86c88,Tha Carter V,Lil Wayne,tha carter v||lil wayne
,deep in it,Berlioz,deep in it||berlioz
75fdd072-170b-4edf-b01b-b78908549423,Seems Like,Thee Sinseers,seems like||thee sinseers
,"Quiet, The Winter Harbor",Mazzy Star,"quiet, the winter harbor||mazzy star"
ef02085e-2d20-4d94-8b19-d285734ce751,want you,Clara La San,want you||clara la san
79b3a649-ebb5-4aef-984d-bb181e3ff200,The Sun's Tirade,Isaiah Rashad,the sun's tirade||isaiah rashad
,BEYONCÉ [Platinum Edition],Beyoncé,beyoncé [platinum edition]||beyoncé
,Come Home the Kids Miss You,Jack Harlow,come home the kids miss you||jack harlow
,The Number of the Beast (2015 remaster),Iron Maiden,the number of the beast (2015 remaster)||iron maiden
,Fear Of The Dark (2015 Remaster),Iron Maiden,fear of the dark (2015 remaster)||iron maiden
,Piece of Mind (2015 Remaster),Iron Maiden,piece of mind (2015 remaster)||iron maiden
3a9a4bec-0e4b-40b8-8c59-40b00e4321f6,Sinatra/Jobim: The Complete Reprise Recordings,Antônio Carlos Jobim,sinatra/jobim: the complete reprise recordings||antônio carlos jobim
33da679a-baab-4533-b6d3-a75c8e672037,Don't Play That Song,Ben E. King,don't play that song||ben e. king
428bf15e-9679-4ac7-bad1-2dc5f3e0d284,That's Life,Frank Sinatra,that's life||frank sinatra
2e19af78-6d9b-4949-94e5-98c3a9a347a0,Songs for Young Lovers,Frank Sinatra,songs for young lovers||frank sinatra
09e33983-d27b-4566-8956-50562a105f5a,Presenting the Fabulous Ronettes Featuring Veronica,The Ronettes,presenting the fabulous ronettes featuring veronica||the ronettes
1535079b-be0c-4c09-977e-b6b72fec2550,Let's Stay Together,Al Green,let's stay together||al green
2d3fec05-8482-483b-8b39-1bdb11df76da,The Singles Plus,The Animals,the singles plus||the animals
,Strangers in the Night (Expanded Edition),Frank Sinatra,strangers in the night (expanded edition)||frank sinatra
,By the Way (Deluxe Edition),Red Hot Chili Peppers,by the way (deluxe edition)||red hot chili peppers
25da871f-ca88-4076-92d4-fe4161c361ba,Slowdive,Slowdive,slowdive||slowdive
,In Through The Out Door (Remaster),Led Zeppelin,in through the out door (remaster)||led zeppelin
016516a6-c0bc-4636-b325-ec7db777458b,Led Zeppelin,Led Zeppelin,led zeppelin||led zeppelin
03d18095-53f4-41a6-b037-1fe910d88c08,Facelift,Alice in Chains,facelift||alice in chains
09b4555d-f228-473f-b6d0-e059f3ee2440,Vol. 4,Black Sabbath,vol. 4||black sabbath
e83ad027-db6b-4dc8-aaa5-866a00d1e17f,Dirt (2022 Remaster),Alice in Chains,dirt (2022 remaster)||alice in chains
,Natiruts Reggae Brasil (Ao Vivo) [Deluxe],Natiruts,natiruts reggae brasil (ao vivo) [deluxe]||natiruts
,Ao Vivo Em São Paulo,Maneva,ao vivo em são paulo||maneva
338fe567-1906-4429-9ee9-7e4b207dacf4,Casinha,Armandinho,casinha||armandinho
12752ada-1093-442f-a9ae-c2623c4fcde3,Something Else,The Cranberries,something else||the cranberries
072b83ba-8238-4c89-9f19-24f991528a6a,Fleetwood Mac,Fleetwood Mac,fleetwood mac||fleetwood mac
011cbe60-981f-42bd-b5f1-034a277a6962,An Innocent Man,Billy Joel,an innocent man||billy joel
,Bonde Da Madrugada Pt. 1,ConeCrewDiretoria,bonde da madrugada pt. 1||conecrewdiretoria
,The Non Conforming,CK The Spitta,the non conforming||ck the spitta
b6a092eb-5dde-43da-b584-9eff3c8df136,803Mayjor Vol. 2,Aaron May,803mayjor vol. 2||aaron may
,MEET ME ON WOODWARD TOO,Moschino Jones,meet me on woodward too||moschino jones
,Nunca Tem Fim (Standard),O Rappa,nunca tem fim (standard)||o rappa
8d251b49-82c6-48c1-93ab-da23ea114475,Lado B Lado A,O Rappa,lado b lado a||o rappa
,Sim (Deluxe),Vanessa da Mata,sim (deluxe)||vanessa da mata
e16dddd8-44c7-404e-ba52-ad2885d04d0c,Pra Você,Onze:20,pra você||onze:20
,Rappa-Mundi,O Rappa,rappa-mundi||o rappa
,Essa Boneca Tem Manual (Com Faixa Bônus),Vanessa da Mata,essa boneca tem manual (com faixa bônus)||vanessa da mata
,Roda de Samba do Casuarina e Convidados,Casuarina,roda de samba do casuarina e convidados||casuarina
7dd7603d-47e7-48ae-ae57-e93aa1626343,Várias Queixas,Gilsons,várias queixas||gilsons
,Trying Too Hard (Lullaby),Noah Yorke,trying too hard (lullaby)||noah yorke
,Flying Fish,dog silent,flying fish||dog silent
,Darkness,SWEET SPINE,darkness||sweet spine
,The Man with the Iron Fists (Original Motion Picture Soundtrack),Kanye West,the man with the iron fists (original motion picture soundtrack)||kanye west
,"Henrique & Diego ""Ao Vivo em Campo Grande""",Henrique & Diego,"henrique & diego ""ao vivo em campo grande""||henrique & diego"
,Ilusão,Filipe Ret,ilusão||filipe ret
,WE STILL DON'T TRUST YOU,Future,we still don't trust you||future
,MORTAL KOMBAT,4batz,mortal kombat||4batz
,Virtual Lover - EP,Jr. Hi,virtual lover - ep||jr. hi
ab39c7ae-221c-4877-96b1-728aa18bdeb0,X's,Cigarettes After Sex,x's||cigarettes after sex
,Alone,Avenoir,alone||avenoir
050ccf72-ce0d-40ab-b934-3c586e05f8c1,Audioslave,Audioslave,audioslave||audioslave
2c80ce6d-a9de-4dac-8d2c-69b1df44c9c0,The Age of Adz,Sufjan Stevens,the age of adz||sufjan stevens
,Closer,SUNDAZER,closer||sundazer
fc17e895-ad7f-447c-8d3a-55fb6787d7e0,The Queen Is Dead (Deluxe Edition),The Smiths,the queen is dead (deluxe edition)||the smiths
11b2990a-bde1-4eec-8248-9502ff30132f,Ours Is Chrome,Superheaven,ours is chrome||superheaven
384501d7-6110-406a-9d11-e04a9e81b044,Fake Plastic Trees,Radiohead,fake plastic trees||radiohead
047f164f-9850-4ec8-9df7-27884be1e8f1,Eyes Open,Snow Patrol,eyes open||snow patrol
,Everything Changes (Amnesty International Benefit) - EP,SOJA,everything changes (amnesty international benefit) - ep||soja
43367358-fed9-4518-86be-c157676fea91,back to friends,sombr,back to friends||sombr
5c232a03-9c9f-486f-a67f-20965179e1f1,Born In Babylon,SOJA,born in babylon||soja
02cc332c-5719-4c6d-969c-d8a23ba0b3df,Use Your Illusion I,Guns N' Roses,use your illusion i||guns n' roses
4eff4ed2-91c2-435e-95f5-fee99b40deb7,How To Re-Assemble An Atomic Bomb,U2,how to re-assemble an atomic bomb||u2
,The Joshua Tree (Super Deluxe),U2,the joshua tree (super deluxe)||u2
037d66f7-a5d7-3f09-b5d2-7eca3901bdc2,All That You Can't Leave Behind,U2,all that you can't leave behind||u2
,The Unforgettable Fire (Deluxe Edition Remastered),U2,the unforgettable fire (deluxe edition remastered)||u2
,War (Remastered),U2,war (remastered)||u2
0ff822f3-5834-482f-a520-519b11ecffb3,Achtung Baby (Deluxe Edition),U2,achtung baby (deluxe edition)||u2
ae15b09d-01de-4fee-8c7f-cca596cf0f2d,Dawn,RY X,dawn||ry x
,Montage of Heck: The Home Recordings (Deluxe Soundtrack),Kurt Cobain,montage of heck: the home recordings (deluxe soundtrack)||kurt cobain
7cbc602d-a2e8-47f6-80f3-b1689c17fa7e,Where's My Love,SYML,where's my love||syml
,Mechanical Bull (Expanded Edition),Kings of Leon,mechanical bull (expanded edition)||kings of leon
1acfd31a-8b0d-47f0-b6d1-a9e8c64c272b,Mystery of Love,Sufjan Stevens,mystery of love||sufjan stevens
00e79a61-3afe-4e52-a9c2-10b8c634fb12,Songs About Jane,Maroon 5,songs about jane||maroon 5
019f547c-8d6b-4865-a2da-f73a4568c18b,Cheese,Stromae,cheese||stromae
7538d482-f73e-42c4-9980-3b6da21838eb,my mind is a mountain,Deftones,my mind is a mountain||deftones
386bc05f-373a-47cc-b10f-54a9b9ea65f8,Amir,Tamino,amir||tamino
,Morphosis,Morpheus,morphosis||morpheus
,Basement beds,SYML,basement beds||syml
,Live at Ancienne Belgique,Tamino,live at ancienne belgique||tamino
9a531a51-d5e8-4f4e-be7c-d8a9b4ba4523,Meryem,Meryem Aboulouafa,meryem||meryem aboulouafa
c8fa9334-bf35-426a-82a5-a681b02ef4a8,Unfurl,RY X,unfurl||ry x
,Burning in Paris,Morpheus,burning in paris||morpheus
,Raymond v Raymond (Expanded Edition),Usher,raymond v raymond (expanded edition)||usher
0143fffb-8e50-4ba9-979e-f04986a6cb5e,One More Love,David Guetta,one more love||david guetta
2f038356-495b-45f3-9f4f-ba80fae899dd,Stereo Love,Edward Maya,stereo love||edward maya
32cd5caf-ff95-4d9f-a0e9-84da4c779d1c,Motion,Calvin Harris,motion||calvin harris
,Nothing But The Beat (Ultimate Edition),David Guetta,nothing but the beat (ultimate edition)||david guetta
,Still Here: 1967-1973,The Notations,still here: 1967-1973||the notations
,Melhor Só,KayBlack,melhor só||kayblack
,Then Play On (2013 Remaster; Expanded Edition),Fleetwood Mac,then play on (2013 remaster; expanded edition)||fleetwood mac
0bf00c15-8b27-477f-8ee0-e229f9622143,Turn Blue,The Black Keys,turn blue||the black keys
,Tuyo (Narcos Theme) [A Netflix Original Series Soundtrack],Rodrigo Amarante,tuyo (narcos theme) [a netflix original series soundtrack]||rodrigo amarante
,Tuyo (Narcos Theme) [Extended Version] [A Netflix Original Series Soundtrack],Rodrigo Amarante,tuyo (narcos theme) [extended version] [a netflix original series soundtrack]||rodrigo amarante
8a4d2d6c-4d0a-46ea-b909-ae95b9038fac,Say Hello EP,Enamour,say hello ep||enamour
e9d9fb17-2946-43ac-81b8-95bb1855e807,Perfect Mistakes,Tinlicker,perfect mistakes||tinlicker
a343a59a-7ab5-47a6-a8d2-7835cd608784,Rwanda,Angara,rwanda||angara
6b57e7c9-74de-4aa1-bb60-887e3d0809ae,This Is Not Our Universe,Tinlicker,this is not our universe||tinlicker
15657b2a-8635-37e1-981d-12ec8c852ca3,American VI: Ain't No Grave,Johnny Cash,american vi: ain't no grave||johnny cash
,Relógio,Jovem Dex,relógio||jovem dex
,De Love,1Kilo,de love||1kilo
,O Que O Igor Guilherme Anda Pensando ?,Mc IG,o que o igor guilherme anda pensando ?||mc ig
,Deixa Escondido - Sarra no Pentão,Dj Paulin,deixa escondido - sarra no pentão||dj paulin
17674a7a-35f4-4c7c-9492-5733c2b7dd96,SPIT IN MY FACE!,ThxSoMch,spit in my face!||thxsomch
,Manual De Como Amar Errado,WIU,manual de como amar errado||wiu
,In The Dark,Vintage Culture,in the dark||vintage culture
,K-POP,Travis Scott,k-pop||travis scott
4d230016-848c-4157-9d07-4862e52c19b1,Ugly is Beautiful,Oliver Tree,ugly is beautiful||oliver tree
49a6bc31-e5a5-4f08-8a42-27bd6f26a00e,Delirious,Anderholm,delirious||anderholm
,Voice Of Silence,Cristoph,voice of silence||cristoph
,Twisted,Kaz James,twisted||kaz james
,Kaleidoscope Colours,Jan Blomqvist,kaleidoscope colours||jan blomqvist
,The Chase (Remixes),Emmit Fenn,the chase (remixes)||emmit fenn
2900d42b-17a7-4220-846f-4d1ec8f9a911,Lustropolis,Odeal,lustropolis||odeal
f614458a-f30c-456f-a629-034628f62c73,The Last Goodbye Remixes N°.2,ODESZA,the last goodbye remixes n°.2||odesza
9683a20e-a4e7-4054-a73a-7bc53db24c93,MEMO,CamelPhat,memo||camelphat
c5cf17ef-2ab3-488c-9d56-e4693ed16f0b,Soon You'll Be Gone,Tinlicker,soon you'll be gone||tinlicker
7f6d2f58-1655-4365-aa09-2a7e61a6ae52,Maior Que O Tempo,Teto,maior que o tempo||teto
,Discreto,KayBlack,discreto||kayblack
,Second Helping (Expanded Edition),Lynyrd Skynyrd,second helping (expanded edition)||lynyrd skynyrd
015a5c77-a905-4957-820c-48cc22e2f36d,Covers,Deftones,covers||deftones
,Maturidade,KayBlack,maturidade||kayblack
,Side Effects EP,Chris Travis,side effects ep||chris travis
,Jackie B,&friends,jackie b||&friends
,Gorah,Nitefreak,gorah||nitefreak
022b20c9-123d-4f2f-8fb3-6bb23f0fa6c6,Worlds Apart,Ash,worlds apart||ash
,It's Not Right,Gianni Romano,it's not right||gianni romano
,Hit the Ground,Texture,hit the ground||texture
7e4e0b3f-c951-45c6-84a2-dc50ceedd201,96 Months,Calvin Harris,96 months||calvin harris
,Your Body,Marten Lou,your body||marten lou
,No Recognition,Aaron May,no recognition||aaron may
,Shades Of Love,millkzy,shades of love||millkzy
,tony soprano.,Brent Faiyaz,tony soprano.||brent faiyaz
a7d3b497-d809-49f3-abf5-f7af9e0e445c,Another One,Mac DeMarco,another one||mac demarco
,"December 1, 2023",GRiFF!,"december 1, 2023||griff!"
,Pronounced' Leh-'Nerd 'Skin-'Nerd,Lynyrd Skynyrd,pronounced' leh-'nerd 'skin-'nerd||lynyrd skynyrd
,"September 1, 2023",GRiFF!,"september 1, 2023||griff!"
,FOR TWO,Jden Ray,for two||jden ray
32a50bd7-746e-46af-87e0-7863ef83e6f7,EVER SINCE SHEFFIELD,millkzy,ever since sheffield||millkzy
03915773-c371-4de1-abfd-7513eb6f5a5a,AN AUTHOR'S DEMISE,millkzy,an author's demise||millkzy
,from chi to saint mary,millkzy,from chi to saint mary||millkzy
,Invite Me,Brent Faiyaz,invite me||brent faiyaz
,4 (Expanded),Foreigner,4 (expanded)||foreigner
,Nós,Ale Sater,nós||ale sater
,Twilight Original Motion Picture Soundtrack (International Special Edition),Paramore,twilight original motion picture soundtrack (international special edition)||paramore
5cc5f3b1-89f9-4953-ab1d-1ace070e4c3e,Ballads & Blues 1982-1994,Gary Moore,ballads & blues 1982-1994||gary moore
,B-Sides & Rarities,Deftones,b-sides & rarities||deftones
,Gorgeous (feat. Naila),Ash,gorgeous (feat. naila)||ash
,Terapia,MC Kevin,terapia||mc kevin
,I AM...SASHA FIERCE,Beyoncé,i am...sasha fierce||beyoncé
,Epiphany (Expanded Edition),T-Pain,epiphany (expanded edition)||t-pain
d2c47b50-31ed-43f5-86d1-6ecb544d0ebc,End of Summer,Tame Impala,end of summer||tame impala
0a4207a5-aaa3-4466-af1e-824efbadb8a5,Rated R,Rihanna,rated r||rihanna
,Nuthin' Fancy (Expanded Edition),Lynyrd Skynyrd,nuthin' fancy (expanded edition)||lynyrd skynyrd
7145e249-4203-4d06-ab4a-914e91548dcc,The Truth,La Rocca,the truth||la rocca
,It Makes You Forget (Itgehane),Peggy Gou,it makes you forget (itgehane)||peggy gou
013ab8ae-228a-40da-be26-517292cc24c8,Say You Will,Fleetwood Mac,say you will||fleetwood mac
347d9365-927d-4404-a0d7-65e4916e464e,The Heart Wants What It Wants,Selena Gomez,the heart wants what it wants||selena gomez
,Frank (Deluxe Edition),Amy Winehouse,frank (deluxe edition)||amy winehouse
5f299024-0ab1-47df-8c2c-4a495e4b7d5c,You're All I Want,Cigarettes After Sex,you're all i want||cigarettes after sex
29bce594-2ced-417c-9a0c-0a986bd5b39e,Always Got Tonight,Chris Isaak,always got tonight||chris isaak
e4aa9fa7-29af-40ed-82c8-9f1f19960ed9,Affection,Cigarettes After Sex,affection||cigarettes after sex
,Wish I Never Met You,Jacob Vallen,wish i never met you||jacob vallen
6e97d208-ab31-4038-8ecd-24e910f74b9e,Lady Of Namek,Tory Lanez,lady of namek||tory lanez
84b8b847-e515-484e-b0de-3b2bf9aae689,Brutally,Suki Waterhouse,brutally||suki waterhouse
ad0490a2-d445-43ae-b8fb-8d95a5d4b9f9,Pistol,Cigarettes After Sex,pistol||cigarettes after sex
0aa8dda9-d801-4b75-8188-2cf3211a8682,The Love Club EP,Lorde,the love club ep||lorde
c40bdd56-3b99-42a8-9523-d53959c4d5d7,Euphoria (Original Score from the HBO Series),Labrinth,euphoria (original score from the hbo series)||labrinth
,Jumpsuit,Twenty One Pilots,jumpsuit||twenty one pilots
0e46aa43-75b9-4792-9424-d091afa5f93b,R U Mine?,Arctic Monkeys,r u mine?||arctic monkeys
,A 20 Something Fuck,Two Feet,a 20 something fuck||two feet
,Afraid,The Neighbourhood,afraid||the neighbourhood
,Scorpio,Adi Medici,scorpio||adi medici
37f30c11-3eb1-426a-bfab-ab46a0dc1880,Do I Wanna Know?,Arctic Monkeys,do i wanna know?||arctic monkeys
1d3fe3a1-8eba-419b-acd7-83ccd56250d5,My Blood,Twenty One Pilots,my blood||twenty one pilots
4856d619-0e45-43c1-b416-be12c9b2b8ee,WHEN I WAS OLDER (Music Inspired By The Film ROMA),Billie Eilish,when i was older (music inspired by the film roma)||billie eilish
,"If Young Metro Don’t Trust You, I’m Gon’ Shoot You",Yusuf Can Tuna,"if young metro don’t trust you, i’m gon’ shoot you||yusuf can tuna"
97c54010-7eba-4cd0-b400-cc8c0d29b841,The House is Burning,Isaiah Rashad,the house is burning||isaiah rashad
02bb436d-7a4e-4ec4-8e95-b492705a4070,Love at First Sting,Scorpions,love at first sting||scorpions
,Led Zeppelin IV (Deluxe Edition),Led Zeppelin,led zeppelin iv (deluxe edition)||led zeppelin
,Pronounced 'Leh-'Nérd 'Skin-'Nérd (Expanded Edition),Lynyrd Skynyrd,pronounced 'leh-'nérd 'skin-'nérd (expanded edition)||lynyrd skynyrd
,My Love,Route 94,my love||route 94
,Só Explosão,Mc IG,só explosão||mc ig
,Ninguém Tá Puro!,Mc IG,ninguém tá puro!||mc ig
,Know-It-All (Deluxe),Alessia Cara,know-it-all (deluxe)||alessia cara
1ff9a079-7512-4b64-b7d4-3896d91cf867,Get There,bôa,get there||bôa
,No Need to Argue (The Complete Sessions 1994-1995),The Cranberries,no need to argue (the complete sessions 1994-1995)||the cranberries
98684e05-635a-41c2-a3b2-7dc99568064c,Olhos De Farol,Ney Matogrosso,olhos de farol||ney matogrosso
4905716f-843a-4f44-9794-08a84def08f8,Marina Lima,Marina Lima,marina lima||marina lima
,Negro Swan,Blood Orange,negro swan||blood orange
4ce5ac76-b0c6-4ad3-a920-42d22f022fb4,Flamingo Serenade,The Flamingos,flamingo serenade||the flamingos
0151c171-0c25-3160-8e46-26b6b59b878b,Ritchie Valens,Ritchie Valens,ritchie valens||ritchie valens
,ICARUS,BK,icarus||bk
561c8bbe-26f6-4232-93a7-735186b34456,SWAG,Justin Bieber,swag||justin bieber
,Sinatra/Basie: The Complete Reprise Studio Recordings,Frank Sinatra,sinatra/basie: the complete reprise studio recordings||frank sinatra
9383afca-d1f7-4b78-9b3f-20b038731bb2,Wave Your Moonlight Hat for the Snowfall Train,You'll Never Get to Heaven,wave your moonlight hat for the snowfall train||you'll never get to heaven
3e274b48-1e88-4af5-a777-4f614ed3bba8,misery,EKKSTACY,misery||ekkstacy
1aad3933-6f4a-48fc-93b7-6a269d42e37c,Revenge of the Dreamers II,Omen,revenge of the dreamers ii||omen
8f3b7adf-0262-4da0-b0dc-7d4284bde15c,Cru,Liniker e os Caramelows,cru||liniker e os caramelows
283e6068-9e3d-4dd6-823b-5b481f437298,Vanessa da Mata,Vanessa da Mata,vanessa da mata||vanessa da mata
ff0e48f3-83f6-4923-b5fa-a3c39f484da4,CHASE,Aaron May,chase||aaron may
,"Live in Tokyo, Japan '99",Ms. Lauryn Hill,"live in tokyo, japan '99||ms. lauryn hill"
1296e39a-8982-42cf-9df7-1b8f14a17b3c,JACKBOYS 2,Travis Scott,jackboys 2||travis scott
1296e39a-8982-42cf-9df7-1b8f14a17b3c,JACKBOYS 2,Don Toliver,jackboys 2||don toliver
1296e39a-8982-42cf-9df7-1b8f14a17b3c,JACKBOYS 2,SoFaygo,jackboys 2||sofaygo
,Metallica (Remastered Deluxe Box Set),Metallica,metallica (remastered deluxe box set)||metallica
05cbf593-1d17-4d53-9f50-b96de15005f2,Get a Grip,Aerosmith,get a grip||aerosmith
,...But Seriously (Deluxe Edition),Phil Collins,...but seriously (deluxe edition)||phil collins
0deebcf9-7440-4268-8502-1d89eaabe272,Crazy World,Scorpions,crazy world||scorpions
,Não Fosse Tão Tarde,Lou Garcia,não fosse tão tarde||lou garcia
6b21d0c4-317b-4b22-a0e8-f1d63a50fe85,Earthstar Mountain,Hannah Cohen,earthstar mountain||hannah cohen
3ebeaa27-f0ae-468d-bfdc-1f3d39f4e2ec,undressed,sombr,undressed||sombr
0ab2ffe7-9e67-4888-87bb-89c11c2057da,Milk & Kisses,Cocteau Twins,milk & kisses||cocteau twins
,No Flockin',Kodak Black,no flockin'||kodak black
50461fda-8fbc-4f4c-9bb9-dbd060ed381c,peter pan.,Brent Faiyaz,peter pan.||brent faiyaz
,DENTRO DA HILUX,Luan Pereira,dentro da hilux||luan pereira
1296e39a-8982-42cf-9df7-1b8f14a17b3c,JACKBOYS 2,Sheck Wes,jackboys 2||sheck wes
f26255d7-91b7-4bb4-a05d-72d67d559a6f,reputation Stadium Tour Surprise Song Playlist,ZAYN,reputation stadium tour surprise song playlist||zayn
17e2d704-6ee3-45ad-a494-d92b1d13abcc,Queen of the Clouds,Tove Lo,queen of the clouds||tove lo
2ce5a108-3c12-4427-81dd-b4b785faef90,New Eyes,Clean Bandit,new eyes||clean bandit
cbe3a030-ed4f-4d70-a812-dac35f64257d,Shelly 2,Shelly,shelly 2||shelly
151d2e60-8dad-4934-a8a3-6cccbd2f5d31,Heaven or Las Vegas,Cocteau Twins,heaven or las vegas||cocteau twins
a5024b94-603b-47bb-9972-6c764bd9ec80,Lifetime,Erika de Casier,lifetime||erika de casier
,Dark Red,Steve Lacy,dark red||steve lacy
a353d668-3cb9-4f7c-bce3-f016df3ab0a9,Back To Me,The Marías,back to me||the marías
561c8bbe-26f6-4232-93a7-735186b34456,SWAG,Marvin Winans,swag||marvin winans
04f9c755-ccee-4528-ad6f-5dc547990809,Offering,Cults,offering||cults
2c95ff49-9695-4fc8-9fb2-bd985800c7f9,Show Me How,Men I Trust,show me how||men i trust
,"Superclean, Vol. I",The Marías,"superclean, vol. i||the marías"
06c84cc3-83e8-4306-9e7f-4bb482003b43,Faye Webster,Faye Webster,faye webster||faye webster
,Chill Your Mind,Lana Del Rey,chill your mind||lana del rey
cadc24ac-d66c-48e6-abcf-2f2bc3dde722,Static,Cults,static||cults
,You got time and I got money,SMERZ,you got time and i got money||smerz
851175a0-9455-44d4-8004-3a7dca08ffbc,Equus Asinus,Men I Trust,equus asinus||men i trust
6c7ce931-0803-42da-aa80-e9d9e9b5ddf5,Run,Fine,run||fine
2080a516-8f85-4e5b-a6ca-76edaa9a5784,Street Survivors,Lynyrd Skynyrd,street survivors||lynyrd skynyrd
,Still EP,Mazzy Star,still ep||mazzy star
085f4fe6-97a4-4e7f-b88c-5225370f153d,Seasons of Your Day,Mazzy Star,seasons of your day||mazzy star
5f0e3703-9f59-4291-8fc6-a80e8232c891,Memoir of a Sparklemuffin,Suki Waterhouse,memoir of a sparklemuffin||suki waterhouse
893bb56c-804a-4573-9598-754aa63e2a1a,Sacred Ground,Howling,sacred ground||howling
121ca0a3-cbe7-4334-abdf-9f4b8f5c042a,JMSN,JMSN,jmsn||jmsn
6ed25a3d-6d9e-4ff2-b164-180608b8569b,Who Really Cares,TV Girl,who really cares||tv girl
2c193c6c-ee6a-456e-a5ad-8df250c0abdd,Pull the Sours Out - EP,Dirty Sanchez 47,pull the sours out - ep||dirty sanchez 47
,La Maquina,Conway the Machine,la maquina||conway the machine
,Continuance,Curren$y,continuance||curren$y
,Bo Jackson,Boldy James,bo jackson||boldy james
119df7d9-dcfe-4f11-b0ce-c73cab722675,For All the Dogs Scary Hours Edition,Drake,for all the dogs scary hours edition||drake
4f6287c7-5322-4627-b071-675ee24235a0,There You Have It,Reason,there you have it||reason
3d1fcc4b-f282-43df-adc8-299363c80ffc,Pilot Talk: Trilogy,Curren$y,pilot talk: trilogy||curren$y
7bb83ee2-6b21-4f2f-ab59-d02b50cf7ca2,Reject 2,Conway the Machine,reject 2||conway the machine
ed3c1c36-2c5c-4bc4-b675-c8ad891246e2,consofbeingthenarrator,millkzy,consofbeingthenarrator||millkzy
57870f5c-0de4-4b26-93ff-0541bd743ed0,Fetti,Curren$y,fetti||curren$y
,Bread,The Alchemist,bread||the alchemist
9938dfd7-b9a6-4956-b9f9-9984a60b832d,Memories Don't Die,Tory Lanez,memories don't die||tory lanez
,Licor 43,KayBlack,licor 43||kayblack
,Come With Me,Carola,come with me||carola
,Bicho Solto,DJ Matt D,bicho solto||dj matt d
2285c984-da40-46e7-bdff-61d6146c2448,So High,Doja Cat,so high||doja cat
4103eccb-65d6-4e95-b283-31e28f5718a4,Shelly,LP,shelly||lp
36e548ac-d5ed-4d9a-aec8-e611bc34249b,Dreams Worth More Than Money,Meek Mill,dreams worth more than money||meek mill
122f87ec-3128-4ff9-8b9e-4c9b7f192ba4,Mr. Davis,Gucci Mane,mr. davis||gucci mane
,Dior,Bin,dior||bin
,INVEJOSO,Distrito 23,invejoso||distrito 23
,COLAPSO GLOBAL,Teto,colapso global||teto
,Covert Coup,Curren$y,covert coup||curren$y
,Alfredo,Freddie Gibbs,alfredo||freddie gibbs
0c0285b8-f0e9-44f1-9afc-d31186db9f2a,DYING TO LIVE,Kodak Black,dying to live||kodak black
,Lunch Meat,The Alchemist,lunch meat||the alchemist
a53a6689-0ea1-4ff1-8124-c8fcf7a324b1,Pandora,Wisp,pandora||wisp
22f57350-b678-491f-bcdc-21bb0aec58c3,If That Makes Sense,Spacey Jane,if that makes sense||spacey jane
907c6e72-0c72-496c-b1e2-cfca7b63236f,take me back,HAIM,take me back||haim
bd6ae41a-a4fa-42b2-ba83-00c734b43458,My Love,Hannah Jadagu,my love||hannah jadagu
,GEEZER,Kevin Abstract,geezer||kevin abstract
11e0ccb8-1380-4d13-b865-e6e209af2404,we never dated,sombr,we never dated||sombr
,Dizzy Up the Girl,Goo Goo Dolls,dizzy up the girl||goo goo dolls
af6d85df-5d6f-4529-9dca-15e3ac17b5eb,Beleza. Mas Agora a Gente Faz o Que com Isso?,Rubel,beleza. mas agora a gente faz o que com isso?||rubel
,Fantasmas,Ale Sater,fantasmas||ale sater
74442e2f-dcf8-4cc4-9709-f62dc8eaad6a,Se o Tempo Passa,Armandinho,se o tempo passa||armandinho
0151befb-0adf-4b0c-a142-4af36c3c3cd0,SOUR,Olivia Rodrigo,sour||olivia rodrigo
77fd947a-cbda-4d09-93b4-6753ab5e7a3c,Banda do Mar,Banda do Mar,banda do mar||banda do mar
24f1473c-f653-4be8-abf3-f8236306e175,Admirável Chip Novo,Pitty,admirável chip novo||pitty
4283acb0-be58-4ee6-89bd-c96efa3aaf27,Eu Venci O Mundo,Veigh,eu venci o mundo||veigh
,senses,april27,senses||april27
,Pode Vir Comigo,Phill Veras,pode vir comigo||phill veras
,O Rappa - Acústico Oficina Francisco Brennand (Deluxe) [Ao Vivo],O Rappa,o rappa - acústico oficina francisco brennand (deluxe) [ao vivo]||o rappa
,O Silêncio Que Precede O Esporro,O Rappa,o silêncio que precede o esporro||o rappa
4434fbe9-38dd-4838-b327-c7211d6992f8,Home,Mac DeMarco,home||mac demarco
,Blood Moon,RY X,blood moon||ry x
,Fullgás,Marina Lima,fullgás||marina lima
15952108-93aa-4b77-8dc2-2344c6e5923d,Scary Hours 2,Drake,scary hours 2||drake
c0552cba-ba32-447e-ba82-807ddc7f26ba,Amor Pra Recomeçar,Frejat,amor pra recomeçar||frejat
,Love in the Future (Expanded Edition),John Legend,love in the future (expanded edition)||john legend
08ffff44-2226-4f39-9fb7-559bf30d1729,Mylo Xyloto,Coldplay,mylo xyloto||coldplay
fccab1be-d6b2-4eca-a4ff-513bd01f0d47,Life of a Ghost,Blue Foundation,life of a ghost||blue foundation
2bc3bbdb-a5de-4ad7-9bcc-46d6e20d62a8,Illmatic,Nas,illmatic||nas
,Songs Of Innocence (Deluxe),U2,songs of innocence (deluxe)||u2
1c6fff77-ce64-31a0-adcc-722e2d0ddbfe,Conditions,The Temper Trap,conditions||the temper trap
,Tell Me It's Real (Expanded Edition),Seafret,tell me it's real (expanded edition)||seafret
,Honky Chateau,Elton John,honky chateau||elton john
,Deixe Me Ir (feat. Pablo Martins) [Acústico 1Kilo],1Kilo,deixe me ir (feat. pablo martins) [acústico 1kilo]||1kilo
,Hip Hop Rare,L7NNON,hip hop rare||l7nnon
,O Tempo Nao Pára - Cazuza Ao Vivo,Cazuza,o tempo nao pára - cazuza ao vivo||cazuza
d325a894-2df2-4ed9-9230-dfdf0c54ae24,Los Hermanos,Los Hermanos,los hermanos||los hermanos
,Anacrônico (Deluxe Edition),Pitty,anacrônico (deluxe edition)||pitty
,Pra Gente Acordar,Gilsons,pra gente acordar||gilsons
298f1958-dab3-4d1d-b814-b9d870e9166f,Raise Vibration,Lenny Kravitz,raise vibration||lenny kravitz
044ef3c8-6b25-4fac-8f88-5c982df90a72,Hot Fuss,The Killers,hot fuss||the killers
,Devagarinho,Gilsons,devagarinho||gilsons
,COR,Anavitória,cor||anavitória
,HIM ALL ALONG,Gunna,him all along||gunna
022db5bc-65d4-47d4-adff-b5a3e853657e,"All I Want (From ""High School Musical: The Musical: The Series"")",Olivia Rodrigo,"all i want (from ""high school musical: the musical: the series"")||olivia rodrigo"
2aad34ef-9b82-4870-8a82-7cbd395c513a,Ambition,Wale,ambition||wale
2b222451-855f-45d2-af54-045d7d7af87e,Break the Cycle,Staind,break the cycle||staind
82d7d037-8404-453c-9cd0-994bfa2ed67e,Salad Days Demos,Mac DeMarco,salad days demos||mac demarco
a039fd02-bfde-486e-b10a-77a66a02d17d,Como. Sempre Feito. Nunca (Ao Vivo),Jorge & Mateus,como. sempre feito. nunca (ao vivo)||jorge & mateus
66cbd461-5417-4432-a9ed-6f846439f3b7,Ao Vivo No Ibirapuera,Henrique & Juliano,ao vivo no ibirapuera||henrique & juliano
,Terra Sem CEP (Ao Vivo),Jorge & Mateus,terra sem cep (ao vivo)||jorge & mateus
f120fc05-d69b-4adb-a85f-710b417b715b,I Can't Let Go,Suki Waterhouse,i can't let go||suki waterhouse
,Born to Die – Paradise Edition (Special Version),Lana Del Rey,born to die – paradise edition (special version)||lana del rey
,Inferno,Saint Avangeline,inferno||saint avangeline
,Black Lamb,Saint Avangeline,black lamb||saint avangeline
0dfc7609-3602-47c7-b098-4e15e4081081,Strange Desire,Barrie-James,strange desire||barrie-james
0babe4df-0f12-4d85-82c4-7e34e4f9cab3,The Lockdown Sessions,Elton John,the lockdown sessions||elton john
1ed345f1-cc97-46a0-b6a0-6fa4de5b3067,Aerosmith,Aerosmith,aerosmith||aerosmith
,The Middle,Zedd,the middle||zedd
,Wait (feat. A Boogie Wit da Hoodie),Maroon 5,wait (feat. a boogie wit da hoodie)||maroon 5
3bdf56e7-c042-41c6-8b52-43f45332683f,Ride It,Regard,ride it||regard
1bfa5f4b-89cf-4ee3-8343-19c4c904fd06,Samba de Janeiro,Bellini,samba de janeiro||bellini
159d47ec-8966-439b-b1db-6348de3ea9f0,Traveller,Chris Stapleton,traveller||chris stapleton
2618bcaa-2720-4d89-b443-db5eb0266393,Zach Bryan,Zach Bryan,zach bryan||zach bryan
,Ain't No Love in Oklahoma (From Twisters: The Album),Luke Combs,ain't no love in oklahoma (from twisters: the album)||luke combs
f3ca160f-3533-4472-ba10-a9e8fe40cd1d,Gettin' Old,Luke Combs,gettin' old||luke combs
,Ferric Oxide (Demos 1997 - 2001),Panchiko,ferric oxide (demos 1997 - 2001)||panchiko
b8ba4f64-562d-4cc5-9f10-8e071947f3c3,Eyedazzler,Alison's Halo,eyedazzler||alison's halo
0adb6284-9634-4b1d-a496-c5d542d5c0c3,England Made Me,Black Box Recorder,england made me||black box recorder
,Static And Silence,The Sundays,static and silence||the sundays
054d2a63-97a8-4e68-ace0-519d6dea7551,In Utero,Nirvana,in utero||nirvana
109b0311-688f-49a1-8ba7-338d40ee2215,Meat Is Murder,The Smiths,meat is murder||the smiths
,You and I (Expanded Edition),Jeff Buckley,you and i (expanded edition)||jeff buckley
188339dd-e99f-4096-8e92-b9423e5c698c,Loud,Rihanna,loud||rihanna
,Billie Bossa Nova x West Coast,Lewis Hanton,billie bossa nova x west coast||lewis hanton
,Algum Ritmo,Gilsons,algum ritmo||gilsons
,Cinnamon Girl (Slowed + Reverb),skyemane,cinnamon girl (slowed + reverb)||skyemane
78dcbf8c-bd49-49e6-b831-a1b132eec18c,Phases,Chase Atlantic,phases||chase atlantic
,Music To Watch Boys (Demo),DreamSoda,music to watch boys (demo)||dreamsoda
,Heartburn (Slowed + Reverb),skyemane,heartburn (slowed + reverb)||skyemane
,One Of The Girls x Good for You Slowed,Ishu Music,one of the girls x good for you slowed||ishu music
,no more excuses (versions),Prod. 94,no more excuses (versions)||prod. 94
,Cinnamon Girl (Sped Up),skyemane,cinnamon girl (sped up)||skyemane
,The Idol Episode 5 Part 2 (Music from the HBO Original Series),The Weeknd,the idol episode 5 part 2 (music from the hbo original series)||the weeknd
,Bad 25th Anniversary,Michael Jackson,bad 25th anniversary||michael jackson
,Once then we'll be free,Wisp,once then we'll be free||wisp
,romantico (2022 Remaster),800 Cherries,romantico (2022 remaster)||800 cherries
0255b87a-deda-4110-ac95-560c2f61bd33,My Iron Lung,Radiohead,my iron lung||radiohead
0c46011c-2c86-4c53-8226-10c79f746e6f,A Moon Shaped Pool,Radiohead,a moon shaped pool||radiohead
10bfa756-9237-4616-ac21-5f323a492327,Nirvana,Nirvana,nirvana||nirvana
15206d0d-a597-4f6e-b35c-7afa07077a93,Shed,Title Fight,shed||title fight
28ddf022-0a8a-4ecd-bf18-d80af26c3aff,Plastic Beach,Gorillaz,plastic beach||gorillaz
14e089b2-a2c7-4db0-88de-2f90dc036c50,Kid Krow,Conan Gray,kid krow||conan gray
1b1e6e31-009c-42de-ba51-0825653d4960,GUTS,Olivia Rodrigo,guts||olivia rodrigo
,Imagination & the Misfit Kid,Labrinth,imagination & the misfit kid||labrinth
,i don't know you anymore,sombr,i don't know you anymore||sombr
,would've been you,sombr,would've been you||sombr
144b9dac-5c5c-4be2-bf97-190ff7249dc2,Balacobaco,Rita Lee,balacobaco||rita lee
a9136a45-e058-4fd7-a470-abc57937d70d,Black Out Days (Future Islands Remix),Phantogram,black out days (future islands remix)||phantogram
,"AS PALAVRAS, VOL. 1 & 2",Rubel,"as palavras, vol. 1 & 2||rubel"
,Brazilian Café,Tim Maia,brazilian café||tim maia
2008eab3-23ca-4f1f-90ab-84ba022bdc9d,Rua Dos Amores,Djavan,rua dos amores||djavan
,Bicho Solto - O XIII,Djavan,bicho solto - o xiii||djavan
d3847e5b-b9a7-435c-b278-b29e10357e2e,Casas,Rubel,casas||rubel
1c3ae328-315a-4023-af40-04a9aa343e3b,Djavan,Djavan,djavan||djavan
,Carry On (EarthLife Remix),Jan Blomqvist,carry on (earthlife remix)||jan blomqvist
,Alone (feat. FEMME),Cristoph,alone (feat. femme)||cristoph
21caf0fd-a6a0-4c9d-933f-060451c0afc4,Disconnected,Jan Blomqvist,disconnected||jan blomqvist
,Team Sleep (U.S. Release),Team Sleep,team sleep (u.s. release)||team sleep
,I Let It In And It Took Everything,Loathe,i let it in and it took everything||loathe
,Miracle,Adriatique,miracle||adriatique
9878ae58-9655-4c3f-a2bb-2cd93eb80217,Because You Move Me,Tinlicker,because you move me||tinlicker
,"Inhale / Exhale Remixed, Vol. 1",RÜFÜS DU SOL,"inhale / exhale remixed, vol. 1||rüfüs du sol"
,2 Hard 4 The Radio,Drake,2 hard 4 the radio||drake
09e3b9ad-a346-4b29-a5b2-80a57f043b9a,1989,Taylor Swift,1989||taylor swift
0bf13961-db62-43e7-b133-7d0bba9eb0b0,Who Would Think That Love?,Now United,who would think that love?||now united
,Habibti,Drake,habibti||drake
1cc29145-b0e4-47bf-8bda-a1edef67dd1d,Origin of Symmetry,Muse,origin of symmetry||muse
,Hybrid Theory (Bonus Edition),Linkin Park,hybrid theory (bonus edition)||linkin park
f5bb21bc-d107-44ad-be0b-964564eeccdd,Tamo Ai Na Atividade,Charlie Brown Jr.,tamo ai na atividade||charlie brown jr.
,"Passion, Pain & Pleasure (Deluxe Version)",Trey Songz,"passion, pain & pleasure (deluxe version)||trey songz"
905c6938-419a-4999-9aaf-13bf85b06028,Trigga Reloaded,Trey Songz,trigga reloaded||trey songz
,3:15 (Breathe),Russ,3:15 (breathe)||russ
417b4bf4-6c02-4a05-9c67-5a78f185419d,RY RY WORLD,Mariah the Scientist,ry ry world||mariah the scientist
c4d2b3a7-6e58-4fcd-878e-78a2dfc445da,Ain't Nobody Takin My Baby,Russ,ain't nobody takin my baby||russ
937a7cc7-3046-41d2-b655-029bdb18fba8,"If Not Now, When?",Russ,"if not now, when?||russ"
,I’m Tired (with Zendaya) - Bonus Track,Labrinth,i’m tired (with zendaya) - bonus track||labrinth
,I'll Make You Miss Me,Artemas,i'll make you miss me||artemas
,makes me want you,sombr,makes me want you||sombr
,The Idol Episode 5 Part 1 (Music from the HBO Original Series),The Weeknd,the idol episode 5 part 1 (music from the hbo original series)||the weeknd
c77cbb63-1d5b-4002-9814-f644ee7db493,Untitled (Black Is),Sault,untitled (black is)||sault
1023521a-a9cf-4c33-b112-f18cc8d98c39,I Put a Spell on You,Nina Simone,i put a spell on you||nina simone
,Ai Ai Ai (Felguk & Cat Dealers Remix),Vanessa da Mata,ai ai ai (felguk & cat dealers remix)||vanessa da mata
025d4f1a-2e0a-3e0e-9808-f91f77340cf4,Play,Moby,play||moby
,Coming Home (Deluxe),Leon Bridges,coming home (deluxe)||leon bridges
491f881f-1979-4d28-a50b-5b1fadb9a35a,Portraits,Maribou State,portraits||maribou state
63f31f8b-6fc5-3a7a-a35e-8609dffdca8c,"No, No, No",Dawn Penn,"no, no, no||dawn penn"
154f7008-efe8-3435-b3a1-4e39f163bb5d,Nouvelle Vague,Nouvelle Vague,nouvelle vague||nouvelle vague
4393b20c-f635-491e-92c0-2a5519151e5d,KID A MNESIA,Radiohead,kid a mnesia||radiohead
71389d20-a55f-4950-85be-a5bb938ecfbc,The Meltdown,The Meltdown,the meltdown||the meltdown
9e777848-7ea7-4798-a435-6d4d4a7957d8,Uma Vida Só,O Rappa,uma vida só||o rappa
49c70727-1472-4ab1-97e3-968e2a7f7539,Koop Islands,Koop,koop islands||koop
058dcfa5-4921-4055-87b0-f541eb4adb08,Californication,Red Hot Chili Peppers,californication||red hot chili peppers
,MAGIC SHOW,nagalli,magic show||nagalli
12e00d08-9603-47ad-a17b-908b72a762b4,Mistérios,KayBlack,mistérios||kayblack
,Fifty Shades Of Grey (Original Motion Picture Soundtrack),The Weeknd,fifty shades of grey (original motion picture soundtrack)||the weeknd
a56aff03-6586-46a7-99f9-390069cb36f4,wonder if you care,FlyingFish,wonder if you care||flyingfish
25d4d542-bbb8-4f8d-8572-692c6ceab44d,Talkie Walkie,Air,talkie walkie||air
285e5c25-8555-49c7-8b80-54c733b305ff,The Endless River,Pink Floyd,the endless river||pink floyd
13141107-58e2-4984-bb90-55aa59fc03f6,Konvicted,Akon,konvicted||akon
,Press Play,Diddy,press play||diddy
79633af2-2dc8-47e1-b6bb-2be86f29dc02,Freedom,Akon,freedom||akon
,Wonderland,Seafret,wonderland||seafret
e35f8429-9000-4ae1-a520-321fab7b6cc9,Most of Us Are Strangers,Seafret,most of us are strangers||seafret
5699ec20-bd23-486a-915b-b61db216a42c,Why Does Everything Happen So Much EP,Prelow,why does everything happen so much ep||prelow
,Ultraviolet Disguise (Deluxe Edition),The Technicolors,ultraviolet disguise (deluxe edition)||the technicolors
dfa1f8d2-8cfb-40ac-a8f2-9fef8651c9a0,Ruas Vazias,Shawlin,ruas vazias||shawlin
5f26f199-53d4-481f-9285-c5a447486938,Everything So Far,Pinegrove,everything so far||pinegrove
67e87d5e-3885-49cb-8b85-4b8ad10b4b63,The Album About Nothing,Wale,the album about nothing||wale
15115921-9f3c-416a-aaa4-612033074b31,Youth Novels,Lykke Li,youth novels||lykke li
06e2774f-fccc-4f4e-b6a3-28c853ac8049,Wounded Rhymes,Lykke Li,wounded rhymes||lykke li
aedfa2b4-982e-471c-b7ca-cc53a8f195cc,No Mans Land,Lithe,no mans land||lithe
27d66f04-1514-4f4a-a165-6b24d728ed01,Touch Tight,Lithe,touch tight||lithe
f9b3d7dc-6318-422b-99c2-441ec54dd8d7,Lost In Euphoria,Lithe,lost in euphoria||lithe
,In the Mood with Tyrone Davis (Expanded Edition),Tyrone Davis,in the mood with tyrone davis (expanded edition)||tyrone davis
,The Best of The Temprees,The Temprees,the best of the temprees||the temprees
,Oh Honey,Delegation,oh honey||delegation
6cb9d913-d8bc-4e16-aeef-a9df93499c23,Music Magic,Rose Royce,music magic||rose royce
3d0eb4e7-11f7-490d-92d5-9f5662b055f9,Be Thankful for What You Got,William Devaughn,be thankful for what you got||william devaughn
,Yes I'm Ready,Barbara Mason,yes i'm ready||barbara mason
adfe4f83-88b8-422a-b0c3-f2a23b77512a,"Baby, I'm for Real",The Originals,"baby, i'm for real||the originals"
16afe1da-1b03-450b-91c6-29bee388c007,Natural High,Bloodstone,natural high||bloodstone
,Rose Royce III: Strikes Again!,Rose Royce,rose royce iii: strikes again!||rose royce
3c2693a7-29a9-4835-a6b5-86d80a9f2f89,Vide Noir,Lord Huron,vide noir||lord huron
,Yellow Flicker Beat (From The Hunger Games: Mockingjay Part 1),Lorde,yellow flicker beat (from the hunger games: mockingjay part 1)||lorde
,Chip Chrome & The Mono-Tones (Deluxe),The Neighbourhood,chip chrome & the mono-tones (deluxe)||the neighbourhood
2bba96f0-055f-4553-b231-1a7df67a4445,Oblivion (Original Motion Picture Soundtrack),M83,oblivion (original motion picture soundtrack)||m83
2aa86c90-b75a-4c18-b9f2-1d5304022337,Crush,Cigarettes After Sex,crush||cigarettes after sex
6dfb04a9-3021-41c6-b130-3c56d0a38ad4,Metaphysical,The Technicolors,metaphysical||the technicolors
,caroline,sombr,caroline||sombr
,no good,Asal,no good||asal
,in your arms,sombr,in your arms||sombr
,that's how it goes,Asal,that's how it goes||asal
,never find u,sombr,never find u||sombr
,Yellow Box,The Neighbourhood,yellow box||the neighbourhood
,"Sky Blue Skin (Demo - September 13, 1996)",Jeff Buckley,"sky blue skin (demo - september 13, 1996)||jeff buckley"
1de92bd7-22ea-430b-b462-1592c1cd4472,Heligoland,Massive Attack,heligoland||massive attack
08323c03-f4fb-4f83-a02a-232a966c99d0,Meddle,Pink Floyd,meddle||pink floyd
069e6e08-a1cf-4b94-bf1d-4acbe9473d49,Master of Reality,Black Sabbath,master of reality||black sabbath
2ddf20de-534e-3e90-86a1-f052535c766b,Samba Esquema Novo,Jorge Ben,samba esquema novo||jorge ben
0d2cb66c-3a32-4f81-b977-9231c461c34a,Lonerism,Tame Impala,lonerism||tame impala
3051390d-6f18-439a-8eb8-c72734dde89c,Singing Bones,The Handsome Family,singing bones||the handsome family
5bd245e5-8a9d-4743-bb27-9bd9926f2023,The Spoils,Massive Attack,the spoils||massive attack
158f94bf-d77f-4055-afa4-8fc7e0b2a004,Random Access Memories,Daft Punk,random access memories||daft punk
,Fatal Attraction,Reed Wonder,fatal attraction||reed wonder
,My Name,Reed Wonder,my name||reed wonder
,Insatiable,Elias,insatiable||elias
,Hands On Me,Elias,hands on me||elias
,Blood Sugar Sex Magik (Deluxe Edition),Red Hot Chili Peppers,blood sugar sex magik (deluxe edition)||red hot chili peppers
e8923b24-e217-4b98-af09-1b4c10f54602,Her,The American Dawn,her||the american dawn
5b9d571c-6ad5-4d1f-a5f0-c98b7715a9d1,Out of Exile,Audioslave,out of exile||audioslave
,Wonder What's Next (Expanded Edition),Chevelle,wonder what's next (expanded edition)||chevelle
0d36931b-831a-3663-90a1-57b2210e19f3,Fallen,Evanescence,fallen||evanescence
1aec3d58-b547-459a-8bdf-78950d6cbd9e,We the Best Forever,DJ Khaled,we the best forever||dj khaled
,Empty Floor,Jan Blomqvist,empty floor||jan blomqvist
,Turning Away,Cristoph,turning away||cristoph
,In The Storm / Nightfall,Angara,in the storm / nightfall||angara
,Destination Lost,Jan Blomqvist,destination lost||jan blomqvist
22377ae6-aeb9-4350-b748-abb6ccedfb5f,Dark Matter,CamelPhat,dark matter||camelphat
,GO:OD AM (10th Anniversary),Mac Miller,go:od am (10th anniversary)||mac miller
ed6a6c6b-f5f2-43c1-9eee-dff444f3969d,Morning Falls EP,Ben Böhmer,morning falls ep||ben böhmer
9ab79091-0d86-4f38-8363-cb46f76f8ba6,A Brief Nirvana,Khamari,a brief nirvana||khamari
4ad19f59-1528-4d5a-acd9-04753b415113,Head in a Jar,Khamari,head in a jar||khamari
60eb863b-749e-40b7-b348-11015d0d8baf,"Sincerely,",Kali Uchis,"sincerely,||kali uchis"
,i cant tell (love my money),Montell Fish,i cant tell (love my money)||montell fish
,A Jaguar's Dream,Jordan Adetunji,a jaguar's dream||jordan adetunji
,Miss Me (Slowed + Reverb),trxndsetter,miss me (slowed + reverb)||trxndsetter
,Phases,Howling,phases||howling
,"Djavan ""Ao Vivo""",Djavan,"djavan ""ao vivo""||djavan"
110b8826-bba6-4e38-a9e2-f29ab210ba90,The Idol Episode 2 (Music from the HBO Original Series),The Weeknd,the idol episode 2 (music from the hbo original series)||the weeknd
,Those Eyes,New West,those eyes||new west
,The Idol Episode 3 (Music from the HBO Original Series),The Weeknd,the idol episode 3 (music from the hbo original series)||the weeknd
,Tattoos,Artemas,tattoos||artemas
824dd3e7-e0e6-4be6-8d55-74b4c0140f97,Singles Collection,Massive Attack,singles collection||massive attack
,Pretty Juvenile,Asal,pretty juvenile||asal
9ad693fa-c2a9-49a8-8dc3-4eab041aa8c1,SYLDD,Ricky Hil,syldd||ricky hil
66ad3acb-9e35-480b-87bb-d97364d244f3,WUNNA,Gunna,wunna||gunna
d9bed87d-3308-48c1-b12e-da9ed7fbd405,Love On The Brain (Dance Remixes),Rihanna,love on the brain (dance remixes)||rihanna
45b09027-7457-4075-8b6f-5f21f3d3f313,Colure,Howling,colure||howling
0062a7fc-55ba-49db-b562-8120840f4c8f,Business as Usual,Men at Work,business as usual||men at work
,Outside,Asal,outside||asal
,run.,arya x,run.||arya x
41896480-9f58-48ea-8614-645dfc036a9d,STORY OF ARCHIVES,Alan Vuong,story of archives||alan vuong
,The Machine,Reed Wonder,the machine||reed wonder
,no sleep,arya x,no sleep||arya x
,Headache (sped up),Asal,headache (sped up)||asal
,Fifty Shades of Grey (Original Motion Picture Soundtrack),The Weeknd,fifty shades of grey (original motion picture soundtrack)||the weeknd
,The Slow Rush B-Sides & Remixes,Tame Impala,the slow rush b-sides & remixes||tame impala
0a25ee8d-b897-4e51-acc1-e68a3f994c0d,Get a good look,Sports,get a good look||sports
,Two Vines (Deluxe),Empire of the Sun,two vines (deluxe)||empire of the sun
,A Night At The Opera (2011 Remaster),Queen,a night at the opera (2011 remaster)||queen
,Gravity (feat. RY X),Nocturnal Sunshine,gravity (feat. ry x)||nocturnal sunshine
68fbd265-3701-427a-b91a-af97f9fd0125,One (Your Name),Swedish House Mafia,one (your name)||swedish house mafia
,Locked Out Of Heaven (Hardstyle) - Sped Up,Baki,locked out of heaven (hardstyle) - sped up||baki
3898175a-8535-457b-835f-02c0fd804a24,Força Bruta,Jorge Ben,força bruta||jorge ben
,Pontos de Exclamação (Vintage Culture & Future Class Remix),Jovem Dionisio,pontos de exclamação (vintage culture & future class remix)||jovem dionisio
,Poemas para Quem Chora,ivyson,poemas para quem chora||ivyson
2f6caa89-9872-40be-a6e1-6e983212b8d1,Long Lost,Lord Huron,long lost||lord huron
952c9ce2-965b-48fb-89b1-5e0b0c87ddcc,COWBOY CARTER,Beyoncé,cowboy carter||beyoncé
091ad434-48f7-4027-b3d5-939606f52f5c,Lover,Taylor Swift,lover||taylor swift
,Solta O Pavão (1975),Jorge Ben,solta o pavão (1975)||jorge ben
09183649-b69c-4908-a6aa-b1e41a1405ec,Black Moses,Isaac Hayes,black moses||isaac hayes
adc74834-62f5-4661-861f-14678c9d6c3b,Finally,Swedish House Mafia,finally||swedish house mafia
,I Could Be The One [Avicii vs Nicky Romero],Avicii,i could be the one [avicii vs nicky romero]||avicii
aac532ef-ac44-46b5-b09d-a3ffcb2a389b,Pharmacy,Galantis,pharmacy||galantis
,Comfort In Chaos,John Summit,comfort in chaos||john summit
bcf36ca0-014f-4ec5-bbf7-4f68d99452ad,Duality,Duke Dumont,duality||duke dumont
0f565d05-8df3-4cc1-9fef-7d8399337a10,Save The World,Swedish House Mafia,save the world||swedish house mafia
8c4f3b13-243b-49d4-827d-05c0f03f4505,Ray of Solar,Swedish House Mafia,ray of solar||swedish house mafia
9c39d31b-030d-40da-a878-958bbdd58e26,Cola,CamelPhat,cola||camelphat
b1c9f86f-6fd5-493b-8563-50638dad0a0f,Don't You Worry Child,Swedish House Mafia,don't you worry child||swedish house mafia
26ec3276-08ab-4102-ac2f-73c13870bca6,Wounded Rhymes (Anniversary Edition),Lykke Li,wounded rhymes (anniversary edition)||lykke li
1f1687c0-748f-4e3d-b225-2a8896dc3702,Nightcall,Kavinsky,nightcall||kavinsky
,Strings Attached,Nu Aspect,strings attached||nu aspect
00dd1688-8279-45a5-bdef-f0958c249014,Midnights (The Til Dawn Edition),Taylor Swift,midnights (the til dawn edition)||taylor swift
2fdcc2d7-50b9-4b27-8262-8cf9e31aaa4d,Homework,Daft Punk,homework||daft punk
,DEEP IN YOUR SOUL,Alan Vuong,deep in your soul||alan vuong
,Missing Everthyng,Schnarker,missing everthyng||schnarker
,"XXXTENTACION Presents: Members Only, Vol. 3",XXXTENTACION,"xxxtentacion presents: members only, vol. 3||xxxtentacion"
c85c1307-0273-40e8-9e61-37090d4d27fe,Spiritual Milk,CamelPhat,spiritual milk||camelphat
,Home,Adriatique,home||adriatique
,CLEAR 2: SOFT LIFE EP,Summer Walker,clear 2: soft life ep||summer walker
,Reload (Vocal Version / Radio Edit),Sebastian Ingrosso,reload (vocal version / radio edit)||sebastian ingrosso
f62ec96b-13cd-4147-ab57-7a9231849c53,0 To 100 / The Catch Up,Drake,0 to 100 / the catch up||drake
,Light,Nu Aspect,light||nu aspect
78a291fb-7698-453f-a9dc-3510a0ec889a,What A Life,John Summit,what a life||john summit
edd41ddd-81e5-4c0b-b20e-027d4399fb1e,Can’t Catch Me Now (from The Hunger Games: The Ballad of Songbirds & Snakes),Olivia Rodrigo,can’t catch me now (from the hunger games: the ballad of songbirds & snakes)||olivia rodrigo
,Midnight Sun,Jan Blomqvist,midnight sun||jan blomqvist
,Rise,Lynnic,rise||lynnic
,Anjunabeats Volume 14,Reflekt,anjunabeats volume 14||reflekt
,Wanted on Voyage (Expanded Edition),George Ezra,wanted on voyage (expanded edition)||george ezra
,A Fire In The Sun,Marino Canal,a fire in the sun||marino canal
,The Echo,Adriatique,the echo||adriatique
,Secret Places,Echonomist,secret places||echonomist
,Howling (Radio Edit),Howling,howling (radio edit)||howling
,Lover (Remixes),Howling,lover (remixes)||howling
d2a35902-1d2b-4c6e-83a2-df3640869a97,Maybe Not (Rodriguez Jr. Remix),Jan Blomqvist,maybe not (rodriguez jr. remix)||jan blomqvist
,Emptiness,Giolì & Assia,emptiness||giolì & assia
13a03405-c6c0-4c7e-af88-0ef66e9bd090,The Beginning,Black Eyed Peas,the beginning||black eyed peas
051447d2-1865-4cc5-b857-f69a9c17c875,U,Avoure,u||avoure
,$ome $exy $ongs 4 U,Drake,$ome $exy $ongs 4 u||drake
0ce2cdf9-763f-47ed-8157-24f717bfb2fc,City to City,Gerry Rafferty,city to city||gerry rafferty
8a477870-e4af-400a-872f-ca1869628fd5,Two Hearts,Men at Work,two hearts||men at work
1b8d7e7a-085f-4a3d-9221-24df52c6d603,Cargo,Men at Work,cargo||men at work
,Settle (Special Edition),Disclosure,settle (special edition)||disclosure
,You Give Me A Feeling,Vintage Culture,you give me a feeling||vintage culture
,"Carlos, Erasmo [Versão Com Bônus (1971)]",Erasmo Carlos,"carlos, erasmo [versão com bônus (1971)]||erasmo carlos"
,Hotel California (2013 Remaster),Eagles,hotel california (2013 remaster)||eagles
,LV Bag (feat. j-hope of BTS & Pharrell Williams),Don Toliver,lv bag (feat. j-hope of bts & pharrell williams)||don toliver
,ILMB (feat. Travis Scott),Sheck Wes,ilmb (feat. travis scott)||sheck wes
86757017-3a49-41c8-8a03-e5a152f67cf5,n da morning,4batz,n da morning||4batz
,Born to Die (Deluxe Version),Lana Del Rey,born to die (deluxe version)||lana del rey
,Babel - Music From And Inspired By The Motion Picture,Gustavo Santaolalla,babel - music from and inspired by the motion picture||gustavo santaolalla
2e2918b1-8a14-36cc-95a8-fd663e45035f,Ma Fleur,The Cinematic Orchestra,ma fleur||the cinematic orchestra
00e27726-b4a2-4881-843d-cd5d775f47dd,The Seeds of Love,Tears for Fears,the seeds of love||tears for fears
,I'm The Man (Remix),50 Cent,i'm the man (remix)||50 cent
,Forever,ilyTOMMY,forever||ilytommy
,Ao Vivo (Live),Nando Reis,ao vivo (live)||nando reis
0a322bae-608a-3bdc-a19a-c2088ea1d12e,Last Kiss,Pearl Jam,last kiss||pearl jam
023cb64f-8366-4a63-9f47-de1cc35102a7,Hunting High and Low,a-ha,hunting high and low||a-ha
,I'm The Man,50 Cent,i'm the man||50 cent
5bcad976-4eab-40a5-8acb-e4df26153721,Outta Control,50 Cent,outta control||50 cent
e1b0e22a-6149-4b32-93f1-90cce6da89d4,Fuk Wat They Talkin Bout,Tyga,fuk wat they talkin bout||tyga
,"The Music of Grand Theft Auto V, Vol. 1: Original Music",A$AP Rocky,"the music of grand theft auto v, vol. 1: original music||a$ap rocky"
,Orbital Love,Hollt,orbital love||hollt
,Faces,Housekeeping,faces||housekeeping
,Keepin On,Lost In Blues,keepin on||lost in blues
1cafd438-383c-4068-a1cd-01c9cfdeb8a2,30,Adele,30||adele
02d703c8-1305-4eec-824d-93412a24cab0,New Beginnings,Reason,new beginnings||reason
88b58ea5-e281-4bec-8221-86405c1d9ed1,ALL-AMERIKKKAN BADA$$,Joey Bada$$,all-amerikkkan bada$$||joey bada$$
036e4bbd-681b-4397-a53f-ce23c239e4d3,Lethal Injection,Ice Cube,lethal injection||ice cube
01fc6b31-f97c-41e5-8804-3e97db946e1d,Da' Miilkrate,Miilkbone,da' miilkrate||miilkbone
0578e4d6-0f92-478d-ad1b-a4d58b864191,The Lost Tapes,Nas,the lost tapes||nas
3c4bb0d5-9ff6-42f1-927f-83d8eb6c9cfb,Player,Player,player||player
03bb638f-0ce9-46e9-8e2d-e6202b2feb1f,Mama Said,Lenny Kravitz,mama said||lenny kravitz
07297312-a07f-4888-bec2-e3e8fd1b20ba,The Hurting,Tears for Fears,the hurting||tears for fears
,Songs From The Big Chair (Deluxe),Tears for Fears,songs from the big chair (deluxe)||tears for fears
2f75a10d-74e6-45ba-ba46-21cbadecf1d9,Ten Summoner's Tales,Sting,ten summoner's tales||sting
4fc064e6-2b71-43f8-b582-62def457bc6a,Compact Jazz: Antonio Carlos Jobim,Antônio Carlos Jobim,compact jazz: antonio carlos jobim||antônio carlos jobim
,Trio Mocotó: Edição Histórica,Trio Mocotó,trio mocotó: edição histórica||trio mocotó
,innerquake,Phoebe Killdeer,innerquake||phoebe killdeer
0b998e3a-f763-46ff-b499-5c4b721517ea,18,Moby,18||moby
05bec03d-4a2c-4314-8ad2-c35670674238,Confidently Lost,Sabrina Claudio,confidently lost||sabrina claudio
0fd6377c-1553-4c6e-9bba-f9ff47a94477,Different Pulses,Asaf Avidan,different pulses||asaf avidan
,Ayayay (feat. Tony Tonite),Bratia Stereo,ayayay (feat. tony tonite)||bratia stereo
307fd3c4-4df0-4641-b60a-70533e984e9f,Gold Shadow,Asaf Avidan,gold shadow||asaf avidan
43c96ba7-a500-46c5-8522-934b718edb98,Peace Is the Mission,Major Lazer,peace is the mission||major lazer
,Paradise (Âme Remix),Moat,paradise (âme remix)||moat
,The Fantastic Sound of,Gunter Kallmann Choir,the fantastic sound of||gunter kallmann choir
1a32ffca-f039-4c83-a3be-40a73dff1d8d,Providence,Hippie Sabotage,providence||hippie sabotage
24f43fba-0cd5-40c9-a6c7-fa50954f0eff,"No Rain, No Flowers",Sabrina Claudio,"no rain, no flowers||sabrina claudio"
2b9212ae-a37f-4761-a467-bfbb50ac6f1b,The Night We Met,Lord Huron,the night we met||lord huron
,Alps,Novo Amor,alps||novo amor
,"""Krig-Ha, Bandolo""",Raul Seixas,"""krig-ha, bandolo""||raul seixas"
0381ad30-8ea7-469c-8918-d76111d716db,Legião Urbana,Legião Urbana,legião urbana||legião urbana
02256b45-45d2-38e3-9d0b-2e233ac49cc5,Construção,Chico Buarque,construção||chico buarque
06d4fef0-6305-4cb9-b111-e0fb3ba8e67b,Are You Gonna Go My Way,Lenny Kravitz,are you gonna go my way||lenny kravitz
8636f692-2718-49c0-a393-4afe5fdaaba8,Rosas E Vinho Tinto,Capital Inicial,rosas e vinho tinto||capital inicial
,Acústico Capital Inicial,Capital Inicial,acústico capital inicial||capital inicial
6e2818d6-20b4-4bf7-9ba7-549d6119d822,White Light,Sidewalks and Skeletons,white light||sidewalks and skeletons
,Every Girl Gets Her Wish,Saint Avangeline,every girl gets her wish||saint avangeline
,Refém (Papasessions #3),L7NNON,refém (papasessions #3)||l7nnon
,Numb to the Feeling,Chase Atlantic,numb to the feeling||chase atlantic
,Floating Palace,Hippie Sabotage,floating palace||hippie sabotage
,Slow Down (feat. Jorja Smith) [Vintage Culture & Slow Motion Remix],Maverick Sabre,slow down (feat. jorja smith) [vintage culture & slow motion remix]||maverick sabre
28e7a417-99d3-4574-9aae-44d4cf818836,Bloom Again,Nu Aspect,bloom again||nu aspect
f9bce0b6-f3c3-4d41-8dc0-6138176c5d85,Drifter,Hippie Sabotage,drifter||hippie sabotage
28681b1e-5af7-45ef-b4dc-b791bd429f52,Highspeeds,Elliot Moss,highspeeds||elliot moss
,Silk,Elijah Blond,silk||elijah blond
dccc5af4-f3bb-402c-81a7-72e534845781,Red Moon Rising,Hippie Sabotage,red moon rising||hippie sabotage
,Tongue,Maribou State,tongue||maribou state
,TRUST NOBODY,Hippie Sabotage,trust nobody||hippie sabotage
,Blacc Hollywood (Deluxe),Wiz Khalifa,blacc hollywood (deluxe)||wiz khalifa
,Options,Hippie Sabotage,options||hippie sabotage
4cecd0ca-f92d-45a4-8e73-40a4106b7840,Puta É Só um Detalhe,DJ Douglinhas,puta é só um detalhe||dj douglinhas
389571a0-da50-4726-a0cb-0144dcbd1d39,Escândalo Íntimo,Luísa Sonza,escândalo íntimo||luísa sonza
,MTG NA IMAGINAÇÃO (TOPO SESSIONS VOL. 1),DJ Topo,mtg na imaginação (topo sessions vol. 1)||dj topo
,Sorrisin De Puto,DJ CAYOO,sorrisin de puto||dj cayoo
,Não Vou Namorar,DJ WS DA IGREJINHA,não vou namorar||dj ws da igrejinha
,Faz um Vuk Vuk (Teto Espelhado),MC Kevin O Chris,faz um vuk vuk (teto espelhado)||mc kevin o chris
,Descer,Kew,descer||kew
,Vidrado Em Você,DJ Guuga,vidrado em você||dj guuga
,Funktroit,mc saci,funktroit||mc saci
,MTG QUEM NÃO QUER SOU EU,DJ Topo,mtg quem não quer sou eu||dj topo
,Waves (Robin Schulz Radio Edit),Mr. Probz,waves (robin schulz radio edit)||mr. probz
,Let It Go,notsobad,let it go||notsobad
,Echo,Rscl,echo||rscl
,Kaleidoscope (Remastered & Expanded),Siouxsie and the Banshees,kaleidoscope (remastered & expanded)||siouxsie and the banshees
,Olha pra Cara de Quem Te...,MC LUUKY,olha pra cara de quem te...||mc luuky
,Won't,Tanerélle,won't||tanerélle
ad452306-631f-49cc-8fba-afab883307f7,LAST NITE,Tommy Richman,last nite||tommy richman
48510e76-3985-4c0d-8ee0-4eff139e84d9,Million Dollar Baby,Tommy Richman,million dollar baby||tommy richman
907aaa31-d6d1-3831-9993-886c70c20c1d,Cold Shoulder,Adele,cold shoulder||adele
7a3f2bc2-1d97-4246-b014-a2c64ef14054,Make You Feel My Love,Adele,make you feel my love||adele
79ef6f41-51a3-3ee5-8b2f-7347de023e30,Rolling in the Deep,Adele,rolling in the deep||adele
7374ce32-6aaf-46f8-ad66-5b22ccf25bee,Bathing Beach,Novo Amor,bathing beach||novo amor
,Escândalo Íntimo (Deluxe),Luísa Sonza,escândalo íntimo (deluxe)||luísa sonza
259f3d9c-37ac-4306-8edf-651633ce383d,Recadin No Espelho,Luísa Sonza,recadin no espelho||luísa sonza
,sentaDONA (Remix) s2,Davi Kneip,sentadona (remix) s2||davi kneip
,Hotel Caro,Baco Exu do Blues,hotel caro||baco exu do blues
992d3bc2-49f5-4fb8-aadb-5dbadeb57b04,Sugar Papi,Marshmello,sugar papi||marshmello
,MOTINHA 2.0 (Mete Marcha),Dennis,motinha 2.0 (mete marcha)||dennis
,MEGA FUNK SHOW ME LOVE,DJ Petroski,mega funk show me love||dj petroski
,Mega Funk Movimenta,Patrick DJ,mega funk movimenta||patrick dj
,Interstellar (Original Motion Picture Soundtrack) [Expanded Edition],Hans Zimmer,interstellar (original motion picture soundtrack) [expanded edition]||hans zimmer
,Gladiator - Music from the Motion Picture,Hans Zimmer,gladiator - music from the motion picture||hans zimmer
4bae1899-4e2a-4e8f-a805-ab0b8df70fd0,Inception (Music from the Motion Picture),Hans Zimmer,inception (music from the motion picture)||hans zimmer
,Made For Each Other,Clér Letiv,made for each other||clér letiv
,Best of Me (Radio Edit),ARTBAT,best of me (radio edit)||artbat
7511b832-99f5-4146-88d1-b3084db3d9ce,A/B,Kaleo,a/b||kaleo
09531a8f-4b94-49e6-a4bb-457bca09a57d,THE TORTURED POETS DEPARTMENT: THE ANTHOLOGY,Taylor Swift,the tortured poets department: the anthology||taylor swift
d643c7e9-8a7e-42eb-82bd-acc4b422d634,MIJA NO TE ASUSTES,Clave Especial,mija no te asustes||clave especial
,Heaven,Palastic,heaven||palastic
,Melancholia,Lynnic,melancholia||lynnic
,Nobody,19Clouds,nobody||19clouds
,SAFE WITH ME (SECRETOS),Jhay Rivas,safe with me (secretos)||jhay rivas
,I Can't See,Row,i can't see||row
90e614d9-ed19-41fc-9a90-e05026b6ce90,GUTS (spilled),Olivia Rodrigo,guts (spilled)||olivia rodrigo
ce37e8cf-c564-4146-92c1-2beec08f5a23,At The Border,Marcel Khalife,at the border||marcel khalife
,All my Heroes,Naeleck,all my heroes||naeleck
9359dda7-bda1-4682-b007-adb0c0447572,Tension,Vök,tension||vök
f63294de-fac3-4030-934a-53e88ca5ea00,Look at Me: The Album,XXXTENTACION,look at me: the album||xxxtentacion
,? (Deluxe),XXXTENTACION,? (deluxe)||xxxtentacion
,Arms Around You (feat. Maluma & Swae Lee),XXXTENTACION,arms around you (feat. maluma & swae lee)||xxxtentacion
,Spider-Man: Into the Spider-Verse (Soundtrack From & Inspired by the Motion Picture),Lil Wayne,spider-man: into the spider-verse (soundtrack from & inspired by the motion picture)||lil wayne
ddd84b1a-f0bd-472f-9608-8f6857c6fed6,Vice City,XXXTENTACION,vice city||xxxtentacion
e5702d9b-3768-49de-871c-508706e8d39a,Project Baby 2: All Grown Up,Kodak Black,project baby 2: all grown up||kodak black
,LET'S PRETEND WE'RE NUMB,XXXTENTACION,let's pretend we're numb||xxxtentacion
,Son of a Gun (Original Motion Picture Soundtrack),Sol Seppy,son of a gun (original motion picture soundtrack)||sol seppy
0eea0f4a-9dce-4c25-9306-8ae5c3c393e0,When Seconds Count,Survivor,when seconds count||survivor
544d1538-0e6b-44e7-9d24-f6a892fee9d5,Sugarbread,Soap&Skin,sugarbread||soap&skin
086591ff-0125-381b-bc3b-3e640940ac0c,Scratch My Back,Peter Gabriel,scratch my back||peter gabriel
49cc786f-7618-4fff-9ada-60f004f4d1e3,Silent Alarm Remixed,Bloc Party,silent alarm remixed||bloc party
2e379aa1-4807-46a7-bd0b-69722671b62e,Rip It Up,Dead or Alive,rip it up||dead or alive
,Silent Alarm (Remixed),Bloc Party,silent alarm (remixed)||bloc party
,The Study On Falling (Deluxe),Asaf Avidan,the study on falling (deluxe)||asaf avidan
,Wishing Well (feat. Lucy Tops),Stomper,wishing well (feat. lucy tops)||stomper
098ea38d-0d49-43ca-ab0b-7928ff3aeacd,At What Cost,GoldLink,at what cost||goldlink
4ad1167e-5d92-4a8e-a9de-3c2b8c4bac4a,LIVE FOREVER,Lil Peep,live forever||lil peep
0d50cfbc-b1ef-44fc-bd1e-0e3a4520b69b,Wolf,"Tyler, The Creator","wolf||tyler, the creator"
67b14d6c-8116-40b2-a208-3c7a95e049d1,Bipolar,Yot Club,bipolar||yot club
040720d3-de1e-3caa-9d89-f99633c5cddb,Viva la Vida or Death and All His Friends,Coldplay,viva la vida or death and all his friends||coldplay
e8308f36-b5c9-4e42-b110-fc70f609dae5,Music,Playboi Carti,music||playboi carti
,Mônaco Freestyle,Veigh,mônaco freestyle||veigh
,Poesia Acústica,Pineapple StormTV,poesia acústica||pineapple stormtv
d8bf7a82-8cf1-404e-95b6-2e2ad2cb0ba8,<atrás/além>,O Terno,<atrás/além>||o terno
04342be0-b3ab-4641-98b3-3967a22bd03c,Rita Lee,Rita Lee,rita lee||rita lee
8b11bf24-e55d-4913-98f6-5d4503ea49be,Adoniran Barbosa,Adoniran Barbosa,adoniran barbosa||adoniran barbosa
,Planet Pit (Deluxe Version),Pitbull,planet pit (deluxe version)||pitbull
,Mtg Forró e Desmantelo,DJ SV,mtg forró e desmantelo||dj sv
,Sem Aliança no Dedo,MC Xenon,sem aliança no dedo||mc xenon
2caf13c1-a3e2-4912-a8b8-a83b04a41f85,Irrastreável,L7NNON,irrastreável||l7nnon
,Fantasma (Versão Gordão do Pc),GORDÃO DO PC,fantasma (versão gordão do pc)||gordão do pc
,Ela É do Tipo,MC Kevin O Chris,ela é do tipo||mc kevin o chris
,Baile do Bruxo,Tropa do Bruxo,baile do bruxo||tropa do bruxo
a169daf6-bd21-43d0-9fc3-5d3f07d998d9,Menor do Desacato,MC LUUKY,menor do desacato||mc luuky
,365 Dias (Vida Mansa),MC Marks,365 dias (vida mansa)||mc marks
,A Danada Me Ligando,MC Cebezinho,a danada me ligando||mc cebezinho
,Nossas Fotos,Felipe Amorim,nossas fotos||felipe amorim
9dcd1f22-0913-4d99-a88d-3c2889a1875e,Liberdade,Oruam,liberdade||oruam
dcb1e0b7-eb30-40c3-8bce-e9d0f5c07e80,dont smile at me (Expanded Edition),Billie Eilish,dont smile at me (expanded edition)||billie eilish
,Duro Igual Concreto,1Kilo,duro igual concreto||1kilo
,$ome $exy $ongs 4 U,Pimmie,$ome $exy $ongs 4 u||pimmie
52ba5cbe-0a83-40ff-baf8-9f0d59447039,All Mine,Plaza,all mine||plaza
,Bleed (feat. Omar Apollo),Malcolm Todd,bleed (feat. omar apollo)||malcolm todd
57244aa9-2e23-490c-bcc8-3a0102eef6e7,Lovers,Anna of the North,lovers||anna of the north
,Humanz (Deluxe),Gorillaz,humanz (deluxe)||gorillaz
,Poesia Acústica,Hodari,poesia acústica||hodari
,Poesia Acústica,Delacruz,poesia acústica||delacruz
,Você Não Ama Ninguém,Salve Malak,você não ama ninguém||salve malak
,Vida Toda - Spotify Singles,L7NNON,vida toda - spotify singles||l7nnon
61c71486-3484-4533-b114-f5c0caa1a667,messy,Łaszewo,messy||łaszewo
,The 20/20 Experience (Deluxe Version),Justin Timberlake,the 20/20 experience (deluxe version)||justin timberlake
,Memoirs of an Imperfect Angel (International Version),Mariah Carey,memoirs of an imperfect angel (international version)||mariah carey
,O Que Bate É Maluquice,J. Eskine,o que bate é maluquice||j. eskine
,Cartão Black,MC Caverinha,cartão black||mc caverinha
,SHADYXV,Eminem,shadyxv||eminem
9a1cc941-0a96-42d1-af64-9045ee3e5c2a,Exis,Roy Woods,exis||roy woods
,Do Job,Mc Tuto,do job||mc tuto
3baa5de9-0492-41ca-bc00-0db2a22a0617,Nobody Is Listening,ZAYN,nobody is listening||zayn
,Drama (feat. Drake) [Sped Up],Roy Woods,drama (feat. drake) [sped up]||roy woods
,Messy,Lola Young,messy||lola young
,Churrasquinho 3 (Ao Vivo),Grupo Menos É Mais,churrasquinho 3 (ao vivo)||grupo menos é mais
,TOCA QUE EU QUERO OUVIR,Henry Freitas,toca que eu quero ouvir||henry freitas
,Mandona (Se eu te dissesse),Vulgo FK,mandona (se eu te dissesse)||vulgo fk
,LITTLE LOVE,MC Cabelinho,little love||mc cabelinho
1d73b765-070b-4fd7-8985-095ff14a4400,I Got You (I Feel Good),James Brown & The Famous Flames,i got you (i feel good)||james brown & the famous flames
45bbde2e-bfc1-48c6-8b58-491348cd5459,GNX,Kendrick Lamar,gnx||kendrick lamar
,Man on the Moon: The End of Day (Int'l Version),Kid Cudi,man on the moon: the end of day (int'l version)||kid cudi
12906c9d-8856-4042-9aa3-98823ccc539d,Saxobeats,Alexandra Stan,saxobeats||alexandra stan
,"Baila Baila Baila (Remix) [feat. Farruko, Anuel Aa]",Ozuna,"baila baila baila (remix) [feat. farruko, anuel aa]||ozuna"
,MTG DTMF,DJ LUAN GOMES,mtg dtmf||dj luan gomes
