track_mbid,track_name
,Summertime Sadness
d6f7b3d7-7c5b-4f11-ba4c-9eb5c57c2cc6,Video Games
045a5040-80e7-4955-9821-08681e7e950f,Brooklyn Baby
,West Coast
,Born to Die
,Young and Beautiful
,National Anthem
860ad0f0-d269-4c60-8143-f9c6792aed0c,White Mustang
055a3bcd-d262-4434-beac-bdd4c07b6559,Religion
111b16ec-fbe7-45b8-9587-64f6cfef8598,Cinnamon Girl
15da3ab6-3246-43de-8831-0c92a04de07c,Time of Our Lives
0cd2aecb-6c29-453b-99e5-a63f1a0c0501,The Zone
1cb19c6f-c1ca-4342-97b3-f4fc3d77a45d,Redemption
,Don’t Matter To Me (with Michael Jackson)
,Sky Walker (feat. Travis Scott)
581ffe21-614a-4394-b42f-5892857a58e5,Superman
287a498f-f565-4eaa-be78-d6ca8eefdab5,Right Here
6a4a95f2-c1ef-433c-9918-b6d1bd6e19ed,Wake Up in the Sky
84fb050a-4fb9-4852-831a-7fe26d239379,Passionfruit
024c0350-1544-4a37-8dff-6042111cc6ee,DIE TRYING
53f7681c-292d-408b-ab9a-14d862b32a61,Me & U
7fd6bbef-a0fe-3469-8720-6e2b22f83d65,American Boy
1179a0f5-9874-4865-9e03-0740e7d04893,Janice STFU
4cdcf557-237c-42cf-a605-afca46b0cdf4,One Dance
6cf3c4d4-c2c2-3d38-adb1-a66c70636864,Novacane
75014721-cc83-4594-b3d2-9cb33a246f14,Stay Ready (What a Life)
f5f8f118-f28d-4e03-ac92-cd0f7efb9cc0,Overdue (with Travis Scott)
1e8811bf-8fa9-4bd0-808c-92bd54c20d47,Photograph
,Pretty Little Fears (feat. J. Cole)
11b58182-f502-3b74-9357-6b34e8e5e656,Wicked Games
,Raindance (feat. Tems)
,Meet Me Halfway
bb5cb487-a780-38f0-b69b-14ed7a652cd0,L.E.S.
04fbea82-441b-3208-a015-a270314a2602,"Call It Fate, Call It Karma"
,All I Want Is You (feat. J. Cole)
,Trance (with Travis Scott & Young Thug)
,Another One of Me (feat. 21 Savage)
0261ce77-d8a0-4b24-9a4d-6f544d3f1f13,Been Like This
4490f266-b8ae-437f-ac1a-2e21509b203b,Niggaz Know
16e5789a-dd94-475e-92c8-7e8dc9ae9d6d,Next
,In Vein
,Lost in the Fire (feat. The Weeknd)
0c33c7c1-4ff1-49ad-8cb9-e03553108478,Trouble
399eec4d-ca58-4164-94e7-35f3f3ec7f86,King of the Fall
,Gifted
39310b1b-f3d4-4b65-b552-be2f7c0a8d59,Love Yourz
f7f85d65-bd9d-4821-9d86-cc0d669bda6c,Apparently
f67c6795-a650-486e-80c8-9402e0f9754c,The Fall-Off is Inevitable
03c9b6e1-46cb-3860-8389-d871fe7603ce,Pyramids
,Only 1 (Interlude) (with Travis Scott)
64f84b86-2059-4a01-aab0-c7cd8e9aa341,4 Your Eyez Only
,F*****g Fans
047fc6a5-ff24-4214-bbd8-29646f20135e,Lonely Star
46b3efee-ea9c-466e-b8b3-cf8bea3ef963,Simply Falling
0352e16b-206b-38ed-847d-9e910ed7b6c0,Spies
ad2ad0c5-3cca-40d9-b1a5-182588339920,Decode
3263c802-3312-4cf4-ba20-dcd8d2690a69,Twenty Eight
2fe8a364-5584-4854-90f0-a17a55f5e59a,Sure Thing
dea3691c-175e-4e5d-9ccd-35c5136b48a8,Love Lockdown
,Far Away (feat. A$AP Rocky)
,Lonely
be86feb1-e0c3-4bed-ba52-0cda476f79a7,After Hours
,Johnny P's Caddy
5afa33bb-83f6-42c6-b789-8bfa34c48b50,WILDFLOWER
,Need You Now - Adriatique Remix
c35a02d7-6ffc-4702-a0f8-06db981a3983,333
1641eebe-eae3-3c9d-a208-53dfd6066af4,High for This
2201b4c7-fdf4-4405-b67a-9694aea47a5c,Hoje Sou Eu Que Não Mais Te Quero
224db51c-8a44-4b05-8674-2f87e8e3dc9f,Fire & Desire
,Superstar (feat. Matthew Santos)
0309071e-e8b6-4263-a68d-c4e4f8c4a988,Lovesong
03c49090-02c1-4481-b4ef-e737190fbeb6,Professional
,Vampiro
0d305f38-4094-4c98-a6ef-455e126edb6d,Heartbeat
,When I’m Home
,Both (feat. Drake)
256ba86c-042d-4e89-bead-b87d7f633b47,Jungle
193366fa-8408-419c-aa70-e3ee5ceef046,Lose You
,Hide U (Tinlicker Remix)
703d59cc-8008-4220-99da-43f32185a944,Pretty When You Cry
10b9d070-f8b2-3491-b0a8-5dbdd1bae147,Crew Love
3f111917-ccbd-43fd-bca1-bdd6379ad175,THANK GOD
4bcb550c-9160-45ed-9cbe-d6771ad96c9d,CHIHIRO
,Be Someone
,Cheyenne
,Un-thinkable (I'm Ready) (feat. Drake) - Remix
34854dca-e909-4271-8bb1-00f2cf5a4d53,Xerces
,Mile High (feat. Travis Scott & Metro Boomin)
,"Lover, You Should've Come Over - Live at Sin-é, New York, NY - July/August 1993"
bda7bd2a-290f-42b4-bbfb-d39156658209,Always
a44f430b-d6e8-4991-a8cd-c8d20150970b,Rehab
56484133-2165-4e1c-a5df-f701504b33a0,Back to Black
70922304-149d-3b98-bb75-683559d094f0,Set Fire to the Rain
,Rolling in the Deep
80eb7ab0-9a19-3958-87af-b857f99b2411,Someone Like You
ccb951a5-f5a0-40d4-a4eb-3ca035b6df07,Love in the Dark
d366aee5-f9a6-4702-903f-4836227298a7,505
941fe227-d325-4dc8-b06d-c5c0ca05876f,Stargirl Interlude
,Moth to a Flame (with The Weeknd)
e9a747f0-3008-43ef-8261-67918beeaf66,And This is Just The Intro
,Clouds
,HOTEL
,STOP TRYING TO BE GOD
22d49305-4e35-4a69-8638-05ac5f734065,Sparks
03d4cd81-97a3-4105-8f2e-fa99ba60bcf5,I Miss You
01dfc5b8-2481-4fea-98ad-0686610a97a3,Sex on Fire
321e9e81-4dd3-3fce-bb77-659d453fcee1,When I'm Small
b98e7007-db7f-45b1-b4b7-e448ac8600dc,TIL FURTHER NOTICE (feat. James Blake & 21 Savage)
,4422
,Ginza
,No Me Conoce - Remix
,EYES
1b31ccbc-f98d-4b9e-8f49-184fd6dd4eab,Next To Me
,Be Strong
bb71835b-dc49-4326-8e21-682cdd666fec,Devotion
acd9db15-06b0-4434-94d7-8a07b1840811,More
f7f7850f-210b-4801-b62c-6a497c055421,Beware
0ad606c8-6e42-4696-9093-130dcd1e8fbd,Disparate Youth
63c83fa7-6426-4cf3-8a7a-03a5e4f03383,Underwater
50bb6ba4-4cca-40a8-b477-e07d02cb0620,Odd Look
,Self Aware
,Nothing Breaks Like a Heart (feat. Miley Cyrus)
03296d3a-6bee-4bcb-84dc-72d8307b1f4a,Sign of the Times
7aebb25e-c971-39ba-bd87-4a6988cc7356,Skyfall
3535c2d7-6703-498c-85af-8f77d10fa602,It Will Rain
0155555a-5604-3a5b-b94c-eb7084d280f4,He Won't Go
,Fallin'
,What i need
0b9d0e54-cd6c-44ce-87a8-fa0818ac7c7a,The Last Day
2ee2fa48-8143-4b7f-96bb-8696d2010f5a,TV
3b613f14-21d1-4029-8b3c-47f6f819c982,idontwannabeyouanymore
c6b28b53-eff8-3237-82e6-5c4d31ea5023,Bebendo Vinho
eb1b85e1-4eed-436a-9302-4c3b6a9c5980,Soy Sabalero
023c1f47-612f-4a52-86f4-3d958ee93eb2,El Bombón
,Still Loving You
a1033b7a-3470-44a3-8e2c-939186e21430,bellyache
20ffb9a3-3391-4ba4-bff5-a056d4aea464,Ain't No Sunshine
3fb3c099-04de-3034-97a4-be06c4102ab2,Purple Rain
,"Lover, You Should've Come Over"
,Fade Into You
,Pink Dolphin Sunset (feat. Tee)
4459f042-afff-4fa3-b5e5-e10d9782992d,Style
40119e72-1d56-4389-8f68-7d05dc836902,Hold Me Down
2a2fbfc6-b576-4224-be6f-bb9325331f93,Confident
5f9fd972-c5d5-4ff8-8599-f5fd9b8526b9,Ayo Technology
20a3cbf8-c940-41db-9d60-9b09dd9ad0c4,Letter Home
,No Sense
,Get You (feat. Kali Uchis)
3233f854-9af6-415d-9b79-8f005f5bd6d7,Teenage Fever
,Around Me (feat. Don Toliver)
31fbc9f8-fcc6-45c9-b881-3f32b91f5561,Heartbreaker
,FAMOSINHA
,Eu Vou Te Comer Sorrindo
,2026
,Posso Até Não Te Dar Flores
b9545700-492a-483d-b522-180b141bb9ec,I Smoked Away My Brain (I'm God x Demons Mashup) (feat. Imogen Heap & Clams Casino)
,Jukebox Joints (feat. Joe Fox & Kanye West)
bc1b4d48-ce4f-4dae-b8aa-33a226250858,Before I'm Gone
b336fd95-9898-4354-9bb6-d5f1622a9f30,Poison
bea181e4-a688-4b0f-aeca-483e69e315a5,Loose
,Dreams (feat. Brandon Hines)
931200ce-caeb-401e-a875-c542ef929647,L$D
82f2f4c6-d7a4-4d07-8680-ce31f5233622,Love
357e8b2f-4243-3177-b75e-f89e8b7372a0,Villematic
c0b24913-4926-4394-a387-87a1e4e168fa,Y.D.L.R.
0784f801-2c0d-4b94-aaa0-efdcb77765b0,She's Mine Pt. 1
bec4c7f7-79ab-36c6-93cf-fc63be50c2fc,Girl With The Tattoo (Enter.Lewd)
1543bd66-afb5-3cc3-8b08-0b0d02d087b2,What You Need
11c04df7-2e9d-40bc-90b0-8014b96ab59d,Intro
47d724dd-ef88-4337-951e-a42647c21780,She's Mine Pt. 2
,Kevin’s Heart
07c4fcb2-fbd8-4028-8c42-469aaf005835,Beauty School
,tower of memories
,Heart-Shaped Box
4e1083c3-b577-48e9-9a56-7bbbcbb1d6e7,Toxicity
efaef19f-d1f3-34e5-8099-db430a14ddae,Behind Blue Eyes
39861fa2-9640-47f7-9620-90babaa0c37c,About a Girl
79f3952e-c1f5-470b-ba49-cf3236d21e19,Be Quiet and Drive (Far Away)
fd528dab-6c43-4cc5-b44f-5cfc7781330a,Change (In the House of Flies)
598fa798-c140-4985-b7ca-7b2dc7a08c46,Nonchalant
,Pound Cake / Paris Morton Music 2
08faf37c-6958-4fd1-ab0f-a2cbc35240ac,Furthest Thing
,Weekend (feat. Miguel)
f448da7a-6119-4e4e-9fff-18a474a63d7d,Madonna
0173683b-bf70-4bb4-9da3-e5ce599ed78b,The Motion
18b312b6-f848-4bbe-9b01-2564a305f38a,Feel No Ways
,"God Is Fair, Sexy Nasty (feat. Kendrick Lamar)"
e9dbad9e-4eb5-4742-8b39-f83312f7e1f9,WHO DO U LUV
0d3d9129-60f0-43e8-b60d-9f1f79eb6ea2,Flatline
c3abf840-2b8b-4cd4-a850-2bc1317bf218,Trust Issues
,S*M*N
9d2ce6c7-4fbf-41e8-86f2-622a5b7f8ac6,Party Monster
,All I Need
342a59a5-5cd7-4731-ba3f-b665e10da96a,All That Matters
d7b3a024-6ff4-4d25-970d-bd37a9e9fad0,Lavender Sunflower
07c57b0a-8df5-4eea-9d37-53280dfb7b16,In For It
,Fake Plastic Trees
519d14dd-9e2d-3079-bb53-54fa876d1ad8,Cherry Waves
04391bbe-900b-4b44-b2db-1bd58ef8db0c,Lonely Day
9727ada1-9bd6-4de7-a074-ba6349f4f5d9,Angel
1d7b4fa4-8bf2-4ab9-8a38-1b6ddc084b4d,Youngest Daughter
e6aaa0a9-3ad2-382e-a83f-25c2795d1e78,Sextape
08a42744-ef73-46d3-b37c-9b44657bfb85,Risk
d9941e39-e84a-44d9-bf5c-898b188b1613,u don't have to tell me
4d4266ee-738d-3c16-8cd2-a482ac45eabb,How Many Drinks?
170e8395-1d30-48fe-a033-c5972b70b64a,Paris Morton Music
4c5a4f17-89a9-406b-80c7-ded91baeab6e,Company
0c660649-372c-4eb3-bc92-50bf537f047f,Tell Your Friends
,Favour
41213097-a109-456c-8f3f-65704d0ef256,Club Paradise
072a03dd-e3a8-4b1f-aa0a-87c5a3a13669,God Gave Me Style
13f9f469-9ed6-3530-afe2-e5f34d1ba753,Window Shopper
,Wish I Never Met You - Prison Tapes
24219e20-e559-4906-adf5-91b05bafe2c5,Now & Forever
056a8620-831c-4ee1-bcf8-f6aeb6e359d7,Weak for Your Love
28ab0341-036f-4f1d-aab1-cfc29bfd52a8,III. Urn
4296fb42-210c-43b5-8bce-74dd5a08808f,Ascension
926e3b37-43f4-42f8-b529-c58afe25d88a,ASTROTHUNDER
05c1eec5-a73d-420c-a8c9-c7fff4555062,Preoccupied
f3e42bd0-1f9f-4815-83b0-b1b3962eefbc,PRBLMS
01234359-24b5-4f1d-a3cf-d7571aa3f883,Hurt Feelings
,Buried Alive Interlude
0d432f1e-60d7-40bd-b52a-2b89b1332d08,Me and Your Mama
5eaf0413-4caf-4a47-9e70-acde299f431b,Sidewalks
09171f78-ebed-4c31-96c5-7ef5f91d851d,One More Love Song
,Cinderella (feat. Ty Dolla $ign)
e68a1f2f-621c-361a-8381-68a5c55512b2,Por Enquanto
,relicário - ao vivo
0de62a22-efae-49ca-a43e-037b2904739f,Eu Amo Você
d138b8e2-b789-429d-9d8a-939b8e669ba6,Preciso Me Encontrar
b99bcd46-ec62-4d77-bcb0-382e73bc044e,Outra Vida
4d043390-d6a8-4352-bf36-0a2ce8f0eef0,Azul Da Cor Do Mar
0383dd88-66d9-3bef-8792-1aae15e7c8d6,Me Dê Motivo
34c15db7-cd23-43b4-b6e6-14d38751185d,Race My Mind
121823ce-31e6-4e9a-9b57-efeac6579210,Hustler's Ambition
652569ca-1bc4-4174-be79-a2231056b4bd,Wings
2ddf3885-b996-4426-964e-ae6319e4c5cd,Stranger
,AFTER HOURS
0377e915-801d-48a4-83af-9a94c65fe154,Star67
ef55f84a-ea32-41b0-bf14-825da6141552,LINK UP
060746ef-8f16-4246-be75-4355d2f90007,Jaded
74ccfd42-af78-4a95-a917-40c5021147da,Dia Especial
3745f869-d97a-4166-88bc-973925e33b27,Own It
a671598e-1428-4667-91e3-04c88a81cb95,Roller Coaster
09ee4f62-76cc-4e49-bfcc-a618c2165364,The Town
157ade33-f693-43ac-b267-9ee7f3ce1d27,Never Know
0970bc62-214f-44a0-90ab-dfe549658bbe,"Reflections Laughing (feat. Travis Scott, Florence + The Machine)"
09ae68ad-ed01-4bf5-a719-4952666471f3,Family Ties
17759833-8197-43de-a11d-a0bd17960b0a,Tears in the Rain
9d4dce87-85d2-4a7a-9b00-6322bec67a75,Lust for Life (with The Weeknd)
af9a4825-f19d-484f-a890-63527d3fa92a,made for this shit
b364258c-121e-4ee4-8273-1b9208677a3f,Same Old Song
08e080b9-000c-4d17-b678-319adaff1e6e,U With Me?
,"Bitch, Don’t Kill My Vibe"
1e7be231-0676-4528-ae4f-ba04b19f7303,My Mine
,Stay Schemin
23fcb69d-9775-42ad-9166-68bcd63fdc7a,PRIDE.
88429f7d-3407-4a8c-8741-e072e03fc71f,Lost
4c77b7aa-7879-430a-a491-e8f74429f0b7,Ladders
28503897-460b-4b2b-bee6-2d5b2d585747,Woods
d089531b-82e3-4921-b492-b6e00a10220b,Nude
3a940ab9-ea4e-4e2e-b375-163e87fe6235,You and Whose Army?
1ce874fb-519a-488e-8cc8-af2c4abbc7a3,Come Back to Earth
e3fcbcab-8b13-4c31-8356-69c09f1bf5a2,Try Me
65a3d9eb-9f4e-48a1-af0a-a6d48fe7abda,Cherry
824cf77e-4076-3076-9893-29b4820382c2,A Little Death
0552dd79-7b3a-412c-90ae-d8c5fc4ba6a0,Right My Wrongs
,How to Disappear Completely
0ae5fac3-d569-4d8b-a217-31aea4b7ddea,Kiss Land
,Poesia Acústica #6 Era uma Vez
,Barcelona (Papasessions #2)
,Perdição
,A Droga do Amor
19752d58-678d-4a37-9fe3-0b32c1d1e1c1,Do I Wanna Know?
0201bd5c-4222-3362-a9db-018fd33d67ff,Tempo Perdido
02fd6adb-02c3-4db7-b745-7bdaf22bffe6,Acquainted
53c6bb24-6604-458a-9a78-3e6b6c5e438a,Swim Good
8e1c2081-7d52-4151-8669-5c2580d0aeb7,Right Now
00241edc-1343-4e30-aff9-7c1b5fa0a1a5,The Birds Part 1
466a4045-092e-492c-a247-6a5a802c9d41,Will He
,Remember You (feat. The Weeknd)
0682b66d-c441-481d-a0b1-63a212d18a94,As You Are
323c965b-1079-43a4-81a8-819cd17033ca,PARASAIL (feat. Yung Lean & Dave Chappelle)
276e5de4-fc4b-3f80-a7ff-2d0b4c3b7f2f,We'll Be Fine
7de2ad6c-7483-4166-bbd7-8e6d190dbadf,Too Late
054ac164-0dad-4327-b615-488507eacbe2,Belong to the World
301cd46f-8404-446b-9aa0-9f7cb5ccaca3,Love in the Sky
0df6f88e-b8b4-410e-a207-cb96bdb7a569,Adaptation
,Shameless
4373dbe0-9703-4317-9fe1-f7fe0612cb7d,MORTAL
1de38654-d93c-3d2d-9a98-7868eb406833,Rolling Stone
024d4da9-394c-4e24-a9bc-21d74ffa14cb,Sorrows
a7d11e8b-6ec5-402d-8377-cdf98db78e7b,Enjoy The Show (feat. Future)
,So Low
,i just wanna feel your love again
c3b0cf69-f679-4f04-acf0-3d30c0b4e497,Mockingbird
373994c7-35e0-4b46-9c2e-82a90b95c0cb,listen before i go
42deea32-f256-4686-a5f6-fa9617b9b5d9,Shiver
361afdc0-2640-3b95-a1fe-9f59f33be150,Don't Panic
30207b80-bc75-4123-aa96-a7049342d9cc,Dusk Till Dawn (feat. Sia) - Radio Edit
a70265ee-e413-423b-9530-0cf452bc7194,Gostava Tanto De Você
,INTRO
,Céu Azul - Ao Vivo
50e3fbc6-362e-49b7-bee7-ea11a16efbd8,Pontos de Exclamação
cd908165-3b24-3d01-9c7b-456d031fd141,Lugar ao Sol
,Saudade
,Velha Infância - 2004 Digital Remaster
,Já Sei Namorar - 2004 Digital Remaster
c40c888e-a225-42b8-97b7-a5429068b561,Como Tudo Deve Ser
19c2df56-f7d3-4063-80ca-839ff6143413,Alone Again
,Yellow
10d8d9c9-9f84-49ab-9c44-999d4087a631,Taking a Walk
0131d153-659e-4f84-9482-b67ad9b5ad3b,SLOW DANCING IN THE DARK
46cae5dc-c16e-4045-8fa1-bb12d30242b8,Art Deco
,Can I Love You (Interlude)
0d0cead3-822e-4674-a557-1fe3233ca899,Say Yes to Heaven
1ee70399-6eae-4d9e-adb3-04bc6fd11453,Love on the Brain
,Fallin Out of Love With You
89664386-9d99-32c9-b658-20fa37490300,Fix You
634fd56f-9f9d-4b39-ab40-e68ff8172057,Him & I (with Halsey)
0b43f977-8b94-4c8d-99ec-1b70bba102c0,Pretty
18bcdc89-e207-4132-a0a1-8989ae31a9c7,Live For
cc18a5e3-da0d-4834-9bc5-b7cbfce32b3a,THE GREATEST
,cross my heart
0e016d69-1afe-435a-b159-f528eea505c6,Softcore
3a87dfb1-55e5-4f2a-ad84-73fd08584df3,Hide Behind My Disguise
48c50faf-ab23-4161-a216-2f17bcf7d217,Meet you at the Graveyard
,HOT N COLD - HARDSTYLE
,THE ONE THAT GOT AWAY - HARDSTYLE
001c4b89-4cd1-45ca-92c9-196cfe71c9f0,House of Balloons / Glass Table Girls
13beba46-b4d9-42b4-824e-6182ca7797d0,Shot for Me
812abf08-721b-4ff2-8fba-01fdcd4f38af,Marvins Room
e1e009ed-eb89-4d8a-9523-1203d6fe4d48,CN TOWER
0ac215b1-32bb-3049-b3fe-3e6e51922460,She Will
010f60b2-3ab7-4b7a-b884-6f5320af2489,Wanderlust
,I Mean It (feat. Remo)
,Destroy Myself Just For You
182b60cc-01a3-47a6-994e-7718b9076e80,Fine Line
af0a389d-fe00-4919-88d4-2084a44b977f,Escape from LA
41c6309b-fec9-4a7d-85ec-be87dab4339c,Scared to Live
,Zóio de Lula
,Me & You (feat. Iro)
7fb8d09f-7a7c-45eb-bbd7-4d2c2bc6be34,Hardest to Love
db889b29-cfbf-4d72-8d29-f09e33a85b76,Snowchild
4c7b7b4e-df4e-4aeb-a148-9ccf27b6168b,"Hold On, We're Going Home"
d665d4d3-bb02-4b5e-b573-660a91471b27,Worst Behavior
1ebad94e-2c15-4eb5-8376-e9e3bea3b2f7,Wu-Tang Forever
905fdf88-69f4-4df6-b884-612b1ab0fa67,Started from the Bottom
7a0816a7-a8b4-4f2e-b5dd-81f1d0aff437,Redbone
397d1f61-f6bc-4322-bc50-89abf97af408,I'll Kill You (feat. Jhené Aiko)
aa1c410a-925c-4112-995e-44c360299884,Exchange
,Consume (feat. Goon Des Garcons)
0b1662e1-064e-4d44-b2fb-170dae65e390,The Knowing
00f5640b-b3c3-46b9-ba48-60485564aa3c,Forever Ever (feat. Young Thug & Reese Laflare)
01a37c9b-c088-4b1b-996c-11634054c61f,The Party & the After Party
09b6acef-58b6-39b5-a6c3-9fc554ec1cfb,Montreal
e540b482-0750-43b1-adc6-1f05522d57a4,Why I Love You
0bacc960-63ba-4d37-9b42-7ef071a0a419,Good Days
,Cry Me a River
12fa880e-6268-4bb5-a0d0-16ed0d3b1d5c,Till Dawn (Here Comes the Sun)
,"1993 (with J. Cole, JID, Cozz & EARTHGANG feat. Smino & Buddy)"
,SKELETONS
6901d263-6780-43b7-b34c-5bcce9eb9da9,Rich Niggaz
28fa3ba0-a3fe-4eff-836a-f72e88212b3a,Hurry Up Tomorrow
5b576c9b-c9c2-4316-bd8b-36893e31bbd2,16
9cc78b98-0261-4098-80ce-3fc550a86128,The Abyss (feat. Lana Del Rey)
01755b0d-8cd9-49b7-bf8f-6b43c82e7f30,Without a Warning
ebb59e72-1549-438d-88e9-c27b697f9e90,Snow On Tha Bluff
483e9cd9-edbe-4979-a8a0-298c226e9f84,CLOUDS
82b86988-b843-498d-9102-a5528ab941ce,No Time to Die
,The Scientist
0a8bbd3c-d3c0-40b5-8389-8a8556acd4a5,She
c205a615-d1ee-468c-9fca-dda3cf8f9937,everything i wanted
61be841a-1c54-405e-8f2c-06f3ce7ab34d,Space Song
ec9601c3-1bc0-45ec-8998-3fb61c1fcf0e,Ribs
a6e88bb8-adf1-380e-85c4-1e86ffafa679,Clocks
1470aad3-a1c1-443e-8d25-6e8387bd49bf,i love you
070a4ab0-98b5-3ab1-89a0-c542dcd89f30,Stay
,Team
6e68e9c9-9b87-4616-9fea-ffb635fbc051,When I Was Your Man
6ad29bda-1601-4da5-a187-2dde1da88901,Wicked Game
,Não Fosse Tão Tarde (Speed)
94d5eee4-5433-48a4-9733-9497ba1d9a36,Good for You
,Animals
,Eyes Without a Face
60c88539-0e15-471c-ba41-8ea9af291534,Phantom
,Judas Effect
21e9cb48-0839-4d02-a570-91c8a4c29f36,Hair on Fire
e876f6db-517a-48fd-b265-6bf965d5d79d,SKINNY
4435f53e-870a-4a21-8e4f-d03e9cffcf04,Echoes of Silence
04a22113-d820-4487-bffe-4aa0b7355502,Given Up on Me
a4dacc7c-bb34-4dbb-8186-3519d0bd9670,BITTERSUITE
4a03bcfb-a41a-4dfd-a36f-3e8bb5efd19c,Worldstar Money (Interlude)
,Canopée des Cîmes
,Babydoll x The Perfect Girl
,TMW
f9114131-08d8-4e9e-ad54-69789b6b8153,Baptized in Fear
68ad5509-9be7-4c85-9c80-5de03871264b,Self Care
e79bde2e-9129-4daf-aa81-75b0507a1caf,BIRDS OF A FEATHER
1b251e5b-ddd2-42e0-bee3-896b2b16b4c2,LUNCH
,Solas
,hurt
,Love You More Than Me
5e84c9ff-9511-4962-90f5-b21ef70651c2,Everybody Dies in Their Nightmares
,Karma Police
,waiting for you (interlude)
,fuck love
24bfe381-5b37-4511-985d-600e9de34f4c,fall in love with you.
,Adonis Interlude (The Montage) (with J. Cole)
,Cayendo (Side A - Acoustic)
303aa1bf-a35a-4374-9ed7-4e17af6e10e2,SCREAM MY NAME
53a8b10f-2f65-4cc5-b2e3-f3e78c415833,Someday I'll Get It
,I'll Bite Your Soul
,scars
ec522a0f-716b-4660-91fe-01a34aa5c64a,hotline (edit)
84244b57-9839-427f-9ecd-dc454853a127,Sad Girl
56193a8a-4394-4f62-904f-af9bfff5d3fe,Whoa (mind in awe)
816db733-5952-4638-93e5-7f7693e1ce48,Blue Jeans
2a15cc30-58ce-4459-8298-83b2f1f0c846,Loft Music
06107044-c90c-4b36-acc7-4d4672f55e31,Coming Down
278b3b99-7c57-4b39-8439-d5a03bdba1bf,Ville Mentality
3ea89063-3e1d-4a5c-8b3e-9076acbabf8b,Deja Vu
84334baf-fce7-4d7e-a7d1-96892fb310ee,Immortal
1e32b7b6-0be9-4ee3-a403-d2e374e28e66,For Whom the Bell Tolls
,Paper Soldier (feat. Joony)
f71e59a5-caab-48b3-80b4-a2e0e189f4a2,Lovely
5e747ec4-b9f0-4064-b779-22ad0c4f8a2e,GREEDY
,WAIT FOR U (feat. Drake & Tems)
100e704b-f637-4ac8-9388-080a7d168d22,Valerie
09408974-5541-4b50-9ce4-58d1f67ed45b,My Love (feat. T.I.)
bb7d979a-d8de-4986-bccf-87f85712cc2a,MOTH BALLS
3d7da135-09db-45eb-b2f6-747902f42696,Doing It Wrong
5e64f639-8c2c-4637-863e-79afd205fe28,SOMETHING ABOUT YOU
,Dear April (Side A - Acoustic)
0e8e383b-39f6-4317-9c66-13e15fc32eed,HOPE
6d98de4e-ef35-3982-8739-af77f9a6d3a6,Stan
1ac4a321-73a9-4ee0-b85e-5bfc2e1951d4,Heaven or Las Vegas
7b51a844-9601-4d8d-8a35-ef262039cc87,Under Ground Kings
0836cf60-1b77-48ed-970d-72c07e89a245,Ultraviolence
14dfdea9-7380-4de8-83c6-63a16fcef0f7,No Church in the Wild
,Low Life (feat. The Weeknd)
08311fcd-e21a-4576-8128-fe32ca4dc459,Needed Me
23dfc72c-29e9-43f7-8e59-2498014a0cd8,Friends
00132f55-cdb5-4818-9d04-a8f6be0c2ef3,Outside
,Best Part (feat. H.E.R.)
c57d2acd-3139-4085-985a-db4f79ca9bac,H.E.R.//Are You Dumb
,Excitement
075c6f13-4f0a-4342-b11b-3ca93ed57fb9,Kiss It Better
,Nobody But You
9666c2d4-bcfd-4c61-8295-54eacd85e458,Rehab (Winter In Paris)
0df1d027-bec2-40cc-901a-cdbaf66f2239,TELEKINESIS (feat. SZA & Future)
59591f4f-9d0c-4e7a-bb05-7d9eaa9d4a24,Nothings Into Somethings
,PARTY'S OVER
,Impatient
7db24923-824f-4301-9ff2-374bf79ed0f3,Clouded
0e360068-12c7-4012-853c-6a6011e0b36a,Pink + White
,What Goes Around.../...Comes Around (Interlude)
8847209e-10d3-4c9a-8a7b-53c7544dd9db,"One of the Girls (with JENNIE, Lily Rose Depp)"
d81e975a-2af7-4624-82f9-30a2e60f0862,Pistachios
,love is more depressing than depression
d593d04e-053a-419f-b69e-e7a6d71b5d77,The Other Woman
45e58de9-3eb1-4d0a-958b-4793671e1537,Initiation
b45cb971-ab24-4c2a-baca-b20dad55c856,XO / The Host
cd0ad05c-a090-479b-8f06-57aff5da0c69,Jocelyn Flores
38ebe9a4-7d50-42a8-bb18-9fb0ab70fd74,MAFIA
bd061645-c390-4fd8-b177-a2439381ccb7,Pray 4 Love (feat. The Weeknd)
6855da4b-c74e-4b16-87c5-4eacf7b39dc0,Loveeeeeee Song
5c837285-d35f-47b7-a654-a6ec86d617d5,TWENTY NIGHTS
,Where’s my love - alternate version
,Love Again
1cfd2354-6819-4b15-bcbf-506301d359e5,Leray
,Última Noite - Solo
,The Abyss (feat. Lana Del Ray)
941d44cb-517b-4da8-af7b-0c1e7cbc7105,Too Fast
191a8d46-9b16-4acd-8c39-5dca192ecd18,Seigfried
d2420165-a71c-432e-b61a-a96a80372b9f,Die for You
1515aef6-311f-404b-83aa-83d104745380,White Ferrari
7737b200-5891-4f48-b363-0aea571e8fd3,Master of None
4b28d358-2718-4892-9c73-62af20b7ad64,Cigarette Daydreams
,Mad Riches
cd986f85-32a3-4e33-8d8e-a831ed4ea3a2,Do for Love
77ca0761-9bc8-48c3-8942-b8ae2eab1023,Sierra Leone
a535ef7f-307a-4d17-bfdf-3e06eb4d818c,Starry Eyes
de0be746-b2bc-4e33-b6ee-aa65166e094f,Chicago Freestyle (feat. Giveon)
,Fell In Love
8a90e3ae-308b-4dce-afb9-5eced62eb0a4,JACKIE BROWN
,Break You Off
fb18812a-6dc6-463d-b844-a5cb4f431244,Broken Clocks
0765454a-8268-4695-956c-07de074ebcbf,Karma
,Everybody (Backstreet's Back)
2491b62f-5f5c-4390-92db-00fc95e37bfa,Care
,Child's Play (feat. Chance the Rapper)
afbf837d-7aba-415b-9c11-12b4483b6cba,HYFR (Hell Ya Fucking Right)
a53851bb-cf7f-3e9d-a87e-5425e8a5d3df,Look What You've Done
15ca3129-84c4-45c0-9b83-1cf24cf73010,The Real Her
,Cameras / Good Ones Go Interlude - Medley
811e4c06-8c44-4a2a-989a-78f03f4ec968,Cry For Me
,Altitude
d1f61e7b-c6a6-48ec-8b2f-3a1db58ea3ef,Over
2b13b544-a0af-44d4-b8a7-6f4da5bac44a,Sex on the Beach
,Outside All Night (feat. A$AP Rocky & N3WYRKLA)
b9d2405c-3ff3-40b9-b054-89ffcfa2abf8,"act i: stickerz ""99"""
,You & Me - Rivo Remix
,Run Deep
073d23f4-5e5e-45cb-8634-36243632dac6,Aura
,Far Away Place - Rampa Remix
,The Last Goodbye
4c88be21-018f-4be5-a3f1-21e8dadb3930,Why We Lose
6c8ab139-fd58-4dc5-83fe-e2e67d1467f3,Trap Queen
5f7281f0-4f19-4f71-9cef-d121da0e98e6,STONED
298743f7-35ce-451f-bf1b-7983859cd0b0,Midnight's Interlude
f3f44d7c-0a28-4fcd-9eb7-0837acdb702a,Maria I'm Drunk (feat. Justin Bieber & Young Thug)
17a17c4c-f42c-46ed-a597-7aa93238283d,Best Time
3d2af23f-18e1-4bcf-abfe-4ffcbdeb3afb,act iii: on god? (she like)
e87a4f90-11da-44a8-96c8-5774d7d9a164,Count Me Out
81242aff-4b24-4e6a-98af-571ec1341cb9,Daddy Issues
7b0ccd88-be61-4cbe-b33c-84326ccb07b0,BLUE
1b402e45-817e-421c-b09b-56dee8e544c7,Prey
e422d926-105a-3bbb-9341-e26ece14ff52,Leaving Tonight
,Maps
ad3cc0a5-4584-47cd-b2f5-8fa790d424d5,Star Shopping
,Dreamin
5ae0085a-9bee-472f-b49d-882a260b6440,Love Me
40dafdb1-613b-4d23-83e3-4a63765c7662,9
079d36e8-e42a-46f2-b655-c038d80e8ae9,The Fall
30888d1c-8390-4fe3-868a-022e9ed5f2dd,D.D.
47e1f53a-232e-4938-ad5e-ef9c5bf2daf0,Headlines
072e3a49-f97b-46b7-9002-deb896134441,The Worst
835779ec-5d81-4a79-b502-7f96ee9e0fcd,Money Trees
094852de-b0c8-3c1b-a6d0-432061fd2ebb,Thinkin Bout You
965c885b-f64c-44f5-85db-b7b7848067a2,L’AMOUR DE MA VIE
01d352f5-6066-4907-8d8e-68d7f7ed7fb3,The Birds Part 2
a4f55b4c-0ac9-403f-bcb7-e767f8ee13aa,July
,WASTE - Sped Up Version
8bf3e27f-8a0f-47fc-8efb-a34274e69a0b,Moonlight
06e30ba2-b59b-4992-be5a-592f0ffcdf60,Pacify Her
,Congratulations (feat. Bilal)
027f2df3-f4d2-44cb-9bbe-fa609d41e967,difference (interlude)
,In This Darkness
0f08d06e-133b-47dc-8129-4e2747a2a250,NUMB
8383f08c-2ad4-48b7-8f4d-53b5e4fb9106,Revenge
,tough
fb2e5a17-5478-45b3-af95-dfc58faaeb7b,Big Sleep (feat. Giorgio Moroder)
110d7a38-8fea-43df-b1e2-701533907257,Take Me Back To LA
3fe204ab-ff05-4b60-a464-0ec0db634b12,Niagara Falls
60cae8b4-815e-4794-abaf-3f7e721936d8,Timeless (feat Playboi Carti)
b9f8c23a-6718-4275-9004-1e6b02acfe5e,I Can't Wait to Get There
,Dark Times
,Prisoner
bda9a032-5b13-4555-93b6-f99ca82d52d4,Higher
4f47daa2-e26f-4b3f-b1f8-c6024858d7c0,Opening Night
,Fancy
d2002105-9f9a-4b7c-9fda-0fe5014d2e18,Open Hearts
,We Are the People
be95e42d-5371-4938-a286-9b15c66905ba,Red Terror
57a4ac95-6ade-47d3-897a-a91723ec3f42,Wake Me Up (feat. Justice)
d4e8a2de-3bca-4333-be81-8812822c1349,Flashing Lights
d64a6d5f-d495-43c5-9d47-9a59916f7d96,Forever
,Train Station (feat. BLU)
6bb2b994-c5ce-4f2f-9918-50af13d29ce8,2ofus
,Circadian Rhythm
fad9ee57-78e3-4a25-84f3-6f43c7385ac9,DIFFERENT
,"Or Nah (feat. The Weeknd, Wiz Khalifa & DJ Mustard) - Remix"
0e34c46d-b695-45f0-abff-44e4b9a60941,FML
f1458e00-4d1f-4740-b6e9-a845d08572f9,Saint Pablo
57b74e92-917b-4110-b696-167ac59e58e1,Afraid
eff8545b-ed01-4efa-ab8e-5ae0a4f91c8c,coordinate
,Language
a3acc48e-5b93-4b95-827b-bf9ca8676de7,Been Away
f6191987-586d-4356-8f78-b5937ac3da83,Run
f6e3760f-50e3-4f6b-8ad9-c7078e99f1ce,Exscape
334ba116-3e4b-4426-89d2-de92c8d20ab0,The Less I Know the Better
4b37b995-9d2a-4aa8-8931-1adc228672f1,Stuck with Me
2063bc22-cc4f-42bd-a1ef-ef429c5c3a71,Heavenly
ad7978bb-7256-4191-8e45-f6c5731d88ca,Stop the World I Wanna Get Off with You
7980f760-93b4-3f38-8b16-12999b172156,Losing My Religion
08bb8e8c-92bd-4266-be4e-a70a997b7c8f,Alleyways
09eb848c-deae-4c90-8c59-a0cec85ff682,R U Mine?
08748ce2-8719-497d-a9b2-5aa951c539ce,Compass
4851bda1-464c-4b70-b923-23f53010c9c6,Silver Soul
20ef5a77-b596-4263-818b-b1a7d1edbfb5,Ivy
1a6f4693-99fb-418b-aedd-77bf1631ab8d,Flawless
03e7eb0d-d6bc-40a6-ac60-4f2ef205eee5,Void
33b9684d-273e-4e72-a7a1-c8d5fa79a774,Scary Love
,Safe
,Losing Interest
4f20b0fd-b61f-4630-b4f1-7abc1c5c1ec9,Big Jet Plane
,Love All (with JAY-Z)
,MOTHS
,Young Love
1054cbe5-5bc7-4337-8948-872c3e5f790a,Sétima Do Pontal
1e22d101-30d2-3686-8152-4a08127723a7,Mesmo que Mude
,act ii: date @ 8 (feat. Drake) - remix
25a1c1be-d667-4b88-9eb2-75d28a57c6be,Often
25cc9817-b14b-4f2b-832d-cd82885eedca,90210 (feat. Kacy Hill)
,Bathroom
a603cf37-dcc7-418e-90b9-5f33f660666d,Not You Too (feat. Chris Brown)
b60fdad0-c7fc-4c4f-b66c-131df8a683b9,Now We're Strangers
14576ae3-0130-4a10-b0d6-2135ffbe8ac9,Gone
,Yebba’s Heartbreak
b001a09a-a0ba-427a-991f-578ede7152d4,Lady of Namek
f7533c2f-a1d5-4c34-833b-82ed34e889ca,Low
,Could've Been (feat. Bryson Tiller)
50acbb51-2ddb-451b-8e6e-acbe1dc9799a,What You Heard
f1e71cc4-56e6-48bf-ba90-989f28c32b39,Drive
d5d2d9d0-c58a-4d42-badf-9fefa08ff18e,Give Me Mercy
15f71722-f9b6-4927-972a-e2a60774031a,Is There Someone Else?
21ba6df4-1777-466f-b73f-dba00624a1d3,Empire State of Mind
09e665ad-987f-4616-9499-52fa2a32f8c3,Self Control
c98dbb8b-ffb8-4045-899f-2c6eb3ec17c3,Uuuu
af7afa88-31a2-4d52-af69-ac3776692f86,Hotline Bling
e8d4e414-325d-40d1-8e8b-2d7c7e5c31d8,Dead Man Walking
80542baf-618f-47fa-844f-cf35508ad1b9,Reflections Laughing
35f1186c-2f51-4ac6-85f3-37d0df784711,Some
183edd40-cd38-49fb-a1a3-2e4070f0a2fc,Enjoy the Show
ce6cc884-5ae3-49f1-aa7a-a00f57f5d7fe,São Paulo
19c456f6-8fde-4d8d-8245-7b075adc34a7,Peak
98552b63-1577-4866-bf62-3982499f5c0e,Love Me Harder
171be526-2c8b-4493-b4b5-11cc9d6db644,Can I
f9beeebd-cc0d-4e8e-94b7-fe7092de46d7,Wake Me Up
b6bba81e-44ae-4807-893b-5fc27dea1703,Again (feat. XXXTENTACION)
4e335ac6-4cfc-40a4-a6d7-410670d9d2fe,Big Sleep
bab5b1b9-47d4-4d35-86e1-cac7c325cf0f,The Abyss
77463385-5b49-4573-86cf-dea4b75514a9,Pilot Jones
e014c25d-edc2-45c0-9d33-9cdc3dc24f52,In the Night
7456719d-df64-4e43-a1ae-5238f45ce620,Runaway
0474bafa-6ecb-4e2b-a4e5-594326f6310d,EARFQUAKE
994262c2-5d1a-4a37-9188-12cb040af0ad,Father Stretch My Hands Pt. 1
6e74a5fb-3502-4bb6-baa0-053c9ed78f98,LOVE. FEAT. ZACARI.
a11b5e8f-9cbe-469a-97ad-1bd436ed596f,Session 32
,In the Bible (with Lil Durk & GIVEON)
c40892b0-2943-454c-aeff-af9e5384fcca,Girls Want Girls (with Lil Baby)
,if u think i'm pretty
,TAP OUT
,how could u love somebody like me?
302aa70c-6259-470a-a1e2-d1cb7c0c8498,Dead to Me
198a07de-8383-495b-8530-d01f02fa1dc7,Nothing Compares - Bonus Track
d9cbb319-dd48-4c3c-881a-2e0317d25e5c,Can't Help Falling in Love
75cd4691-e9b4-345a-9262-9b09ac657a97,Lie to Me
9081e680-a28a-4f08-88c9-7fd951abb57f,Knockin' on Heaven's Door
,Samba Da Benção
,Carta Ao Tom 74
,Onde Anda Você
431a947e-9bd7-4278-a454-10ce33a889d0,Love Galore (feat. Travis Scott)
,Creep
2bd78baf-e581-4401-8e0b-abf75be22a90,TSU
f83bedee-282e-4254-ba08-6bce01970d2c,Way 2 Sexy (with Future & Young Thug)
76073950-0bd2-49ac-9e8e-3250e9eb82c7,Fair Trade (with Travis Scott)
2024044c-6d2f-4e45-b57d-7b2065ce3a56,Call Out My Name
9b8957a2-d9de-4b87-bac4-34faa228c55a,No Friends in the Industry
26b6922a-0de6-4917-8992-f28dd0c7dd14,Feedback
b07726b1-ad78-4348-a61a-08def3436784,Ultralight Beam
dec4c665-2b90-40f6-95b0-4d50dfefcc01,God's Plan
d85d92c4-5ff0-4d20-96b1-3e28957d7618,Nice for What
0a2af4c8-c688-4931-ba8e-5a7b0cea7c96,The Morning
,i don't feel part of the world anymore
3569411e-6393-4474-8ed7-c7f08dfec8a8,Devil in a New Dress
80326c23-7965-47df-82bc-d2a250465e3c,"After the Storm (feat. Tyler, the Creator & Bootsy Collins)"
157a7648-b84b-4093-b7d8-1003fbbb6482,Real Friends
8d5c7d5a-e836-4fa7-9fc2-9012ffec998d,Break from Toronto
dedf7857-5aed-4540-9872-1865ed174f2e,C U Girl
da923736-b5e5-43bb-b046-8d351896c6da,Stay Down
a87903c8-ab9a-4db6-b001-979b71cf3b90,Who Did You Touch?
059365f1-1431-48b9-9f9d-2807f34780ef,Earned It (Fifty Shades of Grey)
13d668e4-3592-46dc-b4a5-82342720e9e2,Deep
,let u go
41293975-738e-4ca5-831b-abd202cea904,I don't wanna do this anymore
0466193a-074b-4938-a7c1-bd507c67fcd6,"GONE, GONE / THANK YOU"
,Vamos Beber (Joga o Copo Pro Alto)
,cardigan
16195dbc-5de2-4669-82d0-a908b6e1be36,"Sex, Drugs, Etc."
68aaf9b2-faaa-4593-9442-ffffc88ac820,wish you were gay
23e2245c-25ad-4746-9c5a-eab7b5181026,Wolves
5842a3fd-f00c-4ce7-98f8-7f5b044ab0bb,My House Is Not A Home
25d3db0c-6483-46cd-ab75-81937ccb161d,The Beach
,do i ever cross your mind
78fc46e2-b159-4b6b-970c-7718d7b9bc33,Let the Light In (feat. Father John Misty)
956006c8-bcee-4da4-b4dd-d3b7afc97dbd,See You Again (feat. Kali Uchis)
46177b63-5e0e-4b9f-bb18-9c52ff303ccc,Melting
01f6a3a6-6aac-4d28-9706-cde1b793f4b5,My Future
0aebb1fe-c155-39eb-9dfd-6f1453b8af65,Baby Came Home
fc45cc9d-0f9c-471f-9482-68238f669d51,Swim
18247ec2-f952-42ac-b7af-bb6b10c7000d,Romantic Homicide
2eddea62-9370-47b7-9a1f-e6babb1427fd,You Get Me So High
,Shut up My Moms Calling
a396dab3-a6ce-46a3-b42b-843a518bc541,Kill Bill
0b242edf-ccf6-331b-a863-feed3b220834,Homecoming
ba7a88da-f864-4ead-9a63-36f92d10de46,when the party's over
,M4
,Fragrância - Remix (feat. PL Quest)
92cd3a7e-d69b-45d8-97d8-f058c461c23d,Under the Influence
54ee9fb7-d513-43a7-9cdb-9b8be2c76c1d,Halley's Comet
dadb94f2-7fd0-4d12-8f4e-ff059c94e4c8,Snooze
,Telefone do Gw (Piririm)
,Howling
5970bda8-52a8-45ba-a558-6910f58fdb90,THE DINER
4149cd6f-64e8-48b6-bbc5-79e34cfabb87,Forget Her
052bf429-d3c0-47cf-b093-ff5181008615,Dark But Just a Game
,Sprinter
587289b2-90f4-4aea-b3c4-8a0aee6bf661,BAILE INoLVIDABLE
fdd4a266-f13a-4f1d-8db0-d3fa64017971,Selfless
85a2f0a4-65a1-4d44-86d6-212e1dc61f90,My Kind of Woman
11ad302f-84ef-488c-84f2-b08f0b06f8f6,Futile Devices (Doveman Remix)
e2e92e44-270a-4f0c-abb2-c1d2ab94a2c1,You're So Dark
041a51d0-f002-49c4-8e4e-3bfad58982f8,W.D.Y.W.F.M?
90a93bad-3249-4fe4-b0c8-9729745e86de,Matilda
fefe6374-6287-4b99-af69-ca94fbe05d6d,Live Forever
e8b7c4b1-a444-4e74-95b5-d78f66b7c6f2,Vienna
279a97c2-2a55-45cb-928a-d889c9fb01da,Man of War
6315e507-26a9-3d9f-a572-996b249b068b,A Rush of Blood to the Head
ee4a720e-f32d-4778-b024-f6e755891b0f,DtMF
,BAND4BAND (feat. Lil Baby)
,Remember You
025d2dc8-2ba8-4d82-8498-2b59873f4c3d,This I Love
3b2cc7af-3403-48f6-938c-2415c1616eba,Poetic Justice
,Parade on Cleveland (feat. Drake)
,Pink Matter
04dda9fe-86fc-428f-b969-ffdcf613fe44,LOYALTY. FEAT. RIHANNA.
3d6c338d-6f70-30e8-84e3-a51fc2f0b9e4,Piledriver Waltz
4d2d6b62-4ef6-31fc-9257-67ae32960e3e,Linger
,Vestido da Fendi
6ad1cc2b-194e-40b5-acde-c92e7d6f5b9b,Love Is a Losing Game
1aa370c8-6d05-4644-9706-3338d4b8f550,Knee Socks
f6ffd289-349b-4baf-a27f-cd603f05f385,O Velho E O Mar
311f517a-3196-35c8-a067-f4685934dd86,Senhor do Tempo
a5701ac7-755d-43d7-885a-6c94e3b167b8,Primeiro Andar
0150c741-15bd-4296-818f-9255d66f426c,Ainda Gosto de Você
e4f478a9-7d72-4697-a049-109047c467a7,We Never Change
a5743cb6-624b-3d66-927a-2a3aaaa5bf89,Fez-Se Mar
1bc76d05-c688-4588-ab5a-cbb34f7b79a2,Spectre
,Everything in Its Right Place
538b39fe-ec04-3741-a3a2-abf4127b6adb,Nutshell
c237c4e5-c4f2-4abb-aac4-d9d98acfbd2e,Breathe (In the Air)
901c9ca6-d865-43bb-9145-e025eb7757a0,Planet Caravan - 2009 Remaster
9d5a63d3-d129-485a-97b6-3308139a789a,While My Guitar Gently Weeps
,Grace
46aa67fc-8a56-4ad3-9d7e-895aba2bacaa,Sandcastles
015bd408-c1cb-4aaf-bcfa-fe523cd2119d,Nothing's Changed
,Preferida
1c82fcb0-fd10-437d-9a19-bf580c0aed68,"Dias De Luta, Dias De Glória"
27755486-1f21-44f9-ace2-9a9538513b33,Libertários Não Morrem
,Poesia Acústica #3: Capricorniana
6efd865d-1529-4cb8-8f09-c270add32f0a,Nights
d6b9b7e1-56e5-4f9c-8754-4e642b6ca6dd,Invicto
,Segredo
27234cc4-eda1-44ed-ba8b-6628e88e5ce6,Céu Azul
,Planos
3d98e354-5fe0-4086-b086-65336529c2ea,Weston Road Flows
1943fd35-d55c-4341-a4f6-5936b0321abe,Hype
,The London (feat. J. Cole & Travis Scott)
f4322597-5707-4b1b-8a9a-80a5af0e5f05,Girls Need Love (with Drake) - Remix
,With You
,Hey You
,Hako Is Alive And She Is 59
07e81d0f-fb4b-4ac7-b992-af1436115a42,Blue Spanish Sky
1c0a5fff-670d-4443-b0a0-d090c47fc9e7,Don't Marry Her
31ef2e3e-7747-4930-b942-47ae9201507a,Heart to Heart
5c085160-99b5-3971-9946-e976cddd5bc7,O Velho e o Moço
74f3b043-c0b4-4590-8c10-bfc4e3a06fef,End of Beginning
5b12e50e-d64f-4d69-8521-fdfdee2cb7fb,Tek It
2152d090-29ef-4f03-887e-3d3a6774fa0d,Billie Bossa Nova
f82cbaa8-c437-479c-a423-8664e4949984,Signs
1e03443c-4769-4cd4-be44-649ff9f6379c,Wish You Were Here
445e1164-3165-4ad5-99e7-d3d77f72cca3,"Cry, Cry"
04a338e5-d01e-40d7-8f28-29387b03fcda,What If
05d60376-9a60-317a-86f5-bf688091ffcd,Look After You
,wrong faces.
,Running On E
e6b55015-a520-4981-9258-972b7ab8c900,4x4
,Make Me Proud
,Beanie
43bfe287-b927-4837-9ec9-7ce128121327,bitches broken hearts
5890fa18-2364-4346-9b55-30c24be4bb58,Bad Habit
,Open Arms (feat. Travis Scott)
53b25241-3767-426f-9fd9-c2e51aa7fa66,Freaks
6c337c9d-8637-4720-9af2-d914019149b8,Borderline
e8433d2d-4c9f-4cd4-a4cf-f4a02d85a438,Dangerous Woman
e7dc1907-8113-4d3d-b856-dbbcc60c4a0c,Espresso
ba8d497a-9075-4991-a821-ccdf63a8a589,Diamond Boy (DTM)
0334b281-76cb-4451-a4ea-8608fc09e20a,Veridis Quo
2b7f81e7-63e0-4afd-a270-89f003e47e67,Let It Happen
7df1575b-b664-497c-8885-2cd21c0d048f,Doin' Time
47259f75-19b4-4da8-b23a-8fcee7ff5cf2,Faith
1f0c4298-3fb6-412f-b90e-350a9bf7009a,Reflections
0ac0efbb-7178-4d22-9704-36c81b734f7a,Say It
,A Morte do AutoTune
7a2295ab-a460-4963-9e00-3afde45964b2,Mr. Rager
,Don't Dream It's Over
23f26e16-37ad-41d6-ba3b-008296d83ffb,Perfecto
,I LIKE
,You (feat. Travis Scott)
,If I Had (feat. Charlie Wilson)
3932bd4d-4eeb-40a1-b5ae-48fe7a61b826,Infrunami
,On My Own
,talk 2 me
0ab188d9-dbc6-4caf-8eda-84059fdc1886,Timeless (with Playboi Carti)
f0b6314f-d616-4009-b7a2-f10fc8c72796,come out and play
21eb6cb5-7fef-4658-a00b-35b59d31ca2c,Six Feet Under
c5d27935-2633-45de-bd31-5d75d87ffc47,The 30th
a3227a92-b99d-4c94-9fa4-660cea0134ea,you should see me in a crown
6bd56e4a-2abd-435d-9eac-bc834e30d1c0,Lost Cause
1c3683c9-9008-4777-866b-5aacea6187dc,all the good girls go to hell
2fbd5b7f-bd31-4149-84c3-4949f450bf21,Oxytocin
720d683e-232a-49f3-a28e-8d88b1593057,I Didn't Change My Number
57c4279a-da46-4d96-9928-50d290de3f4c,Getting Older
028eb5ad-3eba-4e8f-ac50-4cbc21c0c11e,Therefore I Am
,lovely (with Khalid)
24134481-599d-4e30-bffd-3080739f3d58,Happier Than Ever
8d2a9c91-d77b-4522-8e4d-4000d620bad6,"What Was I Made For? [From the Motion Picture ""Barbie""]"
b6d81709-4853-4105-ba25-745fa1f80c5f,I Was Never There
0505893d-70b6-44c0-828b-7bb88ad3c5db,"Yeah, I Said It"
43453bf6-2696-4fc1-a25a-0994a24ee779,Trust
3745bf20-90c9-47b4-877a-92cbd3464cb9,John Redcorn
b5c78faa-c96b-4a7e-969a-ae4939d99196,Sativa
06f1c44e-e3dc-4fed-ac63-833608c675e3,Swimming Pools (Drank) (extended version)
849db3ec-bfb1-4ae9-9373-21aeeec3ce19,Company Pt. 3
,telepatía
7c74ec38-2e6f-4663-bab3-61331d13c841,Luz que me traz paz
61018968-2ed4-4750-8cbf-0219f5398be8,Summers Over Interlude
5c116cf2-6f97-4bcf-bc77-05a4b5e40e54,ROS
5d0333f5-6424-46b3-bc1a-01aade05ea00,one night only
d7d648a7-3f42-492d-b7bf-7a494e1692fb,Forever Yours
,too far close
af2a0bf6-07eb-464a-88fb-acdbe22c72e1,Crown
b9254504-f7e7-4f99-a4f0-5366cc9b5e31,Máquina do Tempo
,Luxúria
,Deus Perdoa
,Não faz isso Comigo não
,Bandana 2
bdd1670f-f7aa-4456-b41b-b2967869e47c,Like This!
88957045-6116-4c64-a6cb-89d097d81977,Maria
06a1fab9-fb33-4130-a28e-5c4a42858ee3,V DE VILÃO
724afd6f-e9cd-4c58-a84b-33b0158c7dc5,Castlevania
8872aa92-5c69-4310-ac02-3121be745385,04AM
aef6e751-a010-4531-9d08-32a5392e2e72,O Som
,4TAL
f4afc557-45d5-45d0-a398-02b7a8536566,1993
,Isso é Sério
c362b75b-7f1b-443b-9f98-1c340b540841,Crack com Mussilon
,Amor
,Good Vibe
,Melhor Agora
,Emoções
,Uma Era
,Acima De Mim Só Deus
,Da Onde Eu Venho
,2025
,MONTAGEM DE VAPO
,"Gol Bolinha, Gol Quadrado"
,Papel Do Mal
,Evoque Azul
,Os Maloca
,Z-TALIA
,A Escolhida
,OZEN
,Solta o Grave
,Nosso Amor
,"Bonita, Lindinha e Sagaz"
,Eu vou te pegar
c57fc620-9ca2-40be-95ec-2c498a2151a8,Sweater Weather
bb1620e8-774b-4baa-acb4-565aae92c56d,Sad!
03dec4a5-e0a2-4362-98f1-921e863fe0b8,Fuck It (I Don't Want You Back)
80ea35a1-65ef-47bf-a588-0ac86c34eeb0,Finesse
5c7c7196-1488-44ec-b1d1-121e315d5907,Fetish (feat. Gucci Mane)
,doce mágico
2adb762d-4b08-4476-a5a3-5fba917ca1ca,Talk Is Cheap
d8a8d9a1-1607-4e43-96c6-aa8081bddb25,Pisando Descalço
001ba0a3-9b7f-4a89-8015-858a30cbb93e,Hunger of the Pine
c5134c2f-f344-4a72-b124-89e33d8b33c1,Everybody Wants to Rule the World
,Every Breath You Take
486f99cc-a3e7-4d6b-9c41-41b6648efe55,Prayer in C
182b41df-92c8-463d-9357-38508a3d1451,Sugar (feat. Francesco Yates)
174341f1-ab38-4833-b1a4-2a5da9145436,Prayer in C - Robin Schulz Radio Edit
,ocean eyes
,Resenha do Arrocha
097cacd2-6c80-44d5-a76c-5b71aa9b13db,Let Me Love You
,No One
,Risco
,O Que Sobrou (150Bpm)
0485ef09-793e-43f7-b054-92a9365e018d,What's My Name?
e9b1ac08-aa3e-4328-90ca-bded0191a691,Mirror
,Closer
d7312671-b6c2-4ea0-b188-859f77bb8050,After Dark
,Amor de Fim de Noite
fd61c199-f2a6-4665-b817-08c2c6ea9f2a,R e s e n t m e n t
,Vê Se Não Demora
de703e1a-6b59-47a7-bde6-d228eca8763b,Amor Incendiário
,OK! OK!
a3322a07-3067-4700-9983-38d59696afe5,In My Room
20b0cbf8-12bd-4b69-a089-de2994b5a6d5,The Night We Met
0b920b9b-b15d-4bdc-b8b1-f5c3ad9d98dd,Synergy
,Lady (Hear Me Tonight)
,THE HILLS - HARDSTYLE
98c18f67-e118-4e93-bceb-a2157488b65d,Locked Up
89e8d76b-b247-4b07-aea4-1b65755fe993,Gang Over Luv
,Sweet Nothing (feat. Florence Welch)
,Feel Good Inc.
96d0bcb5-688a-4da2-8bbf-33e055faaa8c,Innerbloom
,After Dark (feat. Static Major & Ty Dolla $ign)
0fdb6375-aa5a-4a22-9160-1b2e05c7a8e2,Let You Go
,BALLENA
1942ae28-ee62-47ba-b1bd-a98264cbaf9b,NIGHTS LIKE THIS
11d61bbe-741b-4291-87aa-0e5eb744ec6c,Streets
977f733d-3fc3-4dbe-8f7c-4be52c9994c0,Your Power
49d29db7-cdb6-469e-b77c-689486561f45,Move (feat. Camila Cabello & Malachiii)
e7993878-bfde-4550-8295-610adec3c5f4,I Was All Over Her
02c47925-5759-4d3f-9055-cb9ef45e5a01,What You Know
,World Hold On (Children Of The Sky) - Radio Edit
,Fala na Cara
,For Me (feat. Brent Faiyaz) - Remix
,"Dreams, Fairytales, Fantasies (feat. Brent Faiyaz & Salaam Remi)"
04ac299e-5329-4681-8dfa-f4ffcb3cba91,Solitude - Felsmann + Tiley Reinterpretation
,World Hold On (Children Of The Sky) - FISHER Rework
,Innerbloom - Radio Edit
2b9b7f95-c461-3593-be49-616601db24e2,Too Deep for the Intro
a21e7747-6c00-41e7-9103-df9b31647c75,Sticky
,Floresta
,on one tonight
7216661b-2cd4-4c01-b45d-0dd64e12064c,TOO INVOLVED
,want u
401b0767-ae59-43df-a89f-9de1f2342ccc,Playing Games (with Bryson Tiller) - Extended Version
7be94db5-62dc-4f32-a37b-5c12bbc2bba9,Distance
,MEDLEY DE IGARATÁ 3
ef47f82a-2d15-4cd3-882a-a4260660dd03,Take Care
,Amantes da Foda
,Postura de Bandido Mau
,Aplico o Chá
32ce3955-bb99-48a7-9cd1-71714849391c,Oakwood
4a154661-f61a-4ea0-b88f-fe89ae5d3afc,Breezeblocks
3830d897-7546-4889-ae52-8e9f21ab583b,Views
,Embrace (The End)
1e00322d-34ba-426f-b2a0-fc7446d662f4,Lord Knows
,Faithful
24ddf129-ecb0-473f-a80a-cd83335288ea,Jealous
52a0345e-497d-479e-99ca-f869f45dfefc,The Color Violet
d66e22b3-1a57-47de-8824-df07e76335b9,Chlorine
,Where Have You Been
131db5ab-048b-47ce-989f-b005e1b5a9c4,What Do I Do
5e595368-1e34-4595-98d6-f865f78d5678,Pontes Indestrutíveis
,Eve
05644a9f-5dc4-4be8-9d05-3cc3a62bb610,Keep the Family Close
,Bagulho Louco
a0a38516-c9c3-4a05-a2bf-523b6ca219ab,All the Stars (with SZA)
cdef65b7-4a44-407f-b962-2315e40142d0,Unforgettable
be4f7a59-8742-4f4d-8404-0f5155e779c4,Feel
45b068f1-5fc7-4853-88a6-e01fdccff631,Nothing Else Matters
05f6133a-9413-4840-884c-92b28fe553a9,Fui Mlk
4eff47e0-90fe-4585-bc0f-28eb5789c12a,Come as You Are
27e6f690-8478-4cbd-bd3d-d3ff9942e507,The Spins
468ba3ac-5255-4c18-970e-59d890765bd9,Numb
b4d8a98e-987e-3dc0-95fe-b1a889ff1e3a,How You Remind Me
585cae91-f731-45b8-9b4b-da754b645cdc,I Hate Everything About You
0d15328a-5baa-464c-8586-12e6ee4da66d,Let Em' Know
04237e51-d522-427d-ad71-99b6155f50ff,The Hills
02c2b134-62a8-4e72-8236-fb9b7faed23b,Sanctuary
,Randomly
,Show Me
,Calling My Phone
d00083b0-2043-45b3-a3fe-753754067e3a,Moon River
cf63a0de-a055-4f2a-bdbd-52942fb614a2,Let Me Go
,Love Is Only a Feeling
de1034f0-a511-4e85-ab61-bbedcf7b09e9,NIGHTS LIKE THIS PT 2
bee32417-e955-4663-aa19-15a93315d1ef,ball w/o you
7af51d1f-41a3-4a5c-b386-599b92585c1c,Chemtrails Over the Country Club
,Diet Mountain Dew
4a8f8f72-457f-4789-babe-35cdf38f7339,Into It
0382af3b-96d5-4bb0-824a-be9fee8abbe9,Thursday
1612c761-8352-4b59-bfc8-8261df3f6a5f,Life of the Party
5eae2a47-e197-4d42-bc2d-653095a6ac77,Privilege
,white noise.
91789807-671b-4247-ba94-66e61f47b676,Which One (feat. Central Cee)
7b5f4f0d-fbde-481b-b211-c662a835e455,I KNOW ?
83d41034-8020-489b-b16c-7b1d7656347d,Hurts Me
39b0b191-a6d8-339e-a29e-711f729e8fe4,Amsterdam
6e98b690-2dce-4c6f-9f1b-182dd9b0f794,Azul
,You Found Me
,You Were a Dream
,Wine Pon You (feat. Konshens)
72bea84d-a433-497d-9a64-445403f9dbbe,Too Late to Say Goodbye
,Vida Chique
c70af33a-478d-41c4-916e-71998cb1c816,Londres Freestyle
,butterflies.
9d1f8586-0413-451e-b500-042a55bfc5f9,SAFETY
c21150be-c1e2-4952-9ded-388d4337cacc,Two Six
cd6abcd5-6f23-4c48-89ce-0742bdbcc45a,29 Intro
1ac7b5b2-ede9-43a7-a01d-3d71b32a768d,HIGHEST IN THE ROOM
,"Everyday (feat. Rod Stewart, Miguel & Mark Ronson)"
425bc9d3-653b-4ec3-8594-ad8ea885ebab,Jigsaw Falling Into Place
807c3b81-22b3-4f04-b494-6086aebd4037,$TING
,Lilith
7969e0e3-69d3-43c1-ba06-b5fb6c5d8d15,Jezebel
00e8e1f0-8bcd-44c0-9297-12eb37430569,Tulsa Jesus Freak
,Lembrei De Tu
10790a46-71b4-47c3-b1c3-e44fa41e117c,Like a Tattoo
,float 2.0
a4e1218e-1ae7-46c4-964d-46ba6d5ecad9,Time Flies
1126feb5-85fd-4bf8-aa2b-676ee7177590,Doja
,bazooka
70213d8a-731d-4428-be3d-613ec8431180,Good Looking
93938d80-6123-4bd2-994c-b337b15f0ed6,No Role Modelz
26d3b6a5-3afb-4136-8b89-3e7a2b1c381b,Did It First (with Central Cee)
,Judas Effect - 2024 Remaster
,The Space in Between - Ben Böhmer Remix
,D4U - Spotify Singles
,Grenade
,Pumped Up Kicks
,Sem Coração
,Redes Sociais
,Ela É Blogueira
,Onda Subaquática
,Vida Tá Demais
,Privilégio
,"Set do Dj 2W, Vol. 2"
,Eu Te Amo Meu Amor / Faixa Rosa
,Privacy Dela (Gosta Que Pega Bolado)
,Que Saudade de Você
,Chihiro
1da6c575-3dd2-467e-a621-15eb2ae8e8c6,Navajo
,Hair Down
,Power Trip (feat. Miguel)
a0e9c2a7-2edc-484b-8ea7-c2a8e12adf9f,Insecure
4493478b-6d33-440f-ade0-578c7e0899e4,D'Evils
b4b875a9-9737-49c7-8010-5a4282f991fa,Miss Independent
f17db68a-4c6d-4245-aad8-a1a2a519282b,While We're Young
7cdd9316-590b-42ef-b0e9-c1b0e2fe19d9,Belong to the City
047b3ef5-2e1c-4a21-880a-ee2a6efa5b04,Fantasy
,What I've Done
,Sorriso no Rosto
,Solteiro Forçado - Ao Vivo
0ac6c308-f172-490a-90aa-8d2578c6fe03,YEAH RIGHT
f078699c-9b68-4040-9ba4-b1e4f7d86598,"New Person, Same Old Mistakes"
,Deuces (feat. Tyga & Kevin McCall)
,Garden Kisses
c86e0305-e8db-4a2d-9d8c-cd5e562dbbad,Blue Dream
76aa6e95-b90a-4192-a65c-0448fa04c6db,False Prophets
99038c69-adc7-4881-ab23-b9d314c76198,RIOT
0931ef70-c5fc-4d80-9e52-14d44e6fc935,The Percocet & Stripper Joint
,Niagara Falls (Foot or 2) [with Travis Scott & 21 Savage]
4b5506ed-ae9e-4059-8fc6-c3a8e9dd9c61,Violent Crimes
7424b1d1-09d8-4578-afd6-44d3e6bd4fe3,Falling Down - Bonus Track
4803535d-d6ec-4c81-ad3c-fc94b5b6d04b,All Falls Down
,Raindrops (Insane) [with Travis Scott]
8fb93394-f4e8-4f5a-9300-6fc7274e396b,Follow God
d119365a-cecc-4f8e-ba16-61e3db9cf964,Ride
8eedf921-5a15-4814-b74f-48890911b861,a lot
,Barulho Do Foguete - Ao Vivo
,Savior
,Savior - Interlude
,Silent Hill
,Be Someone (feat. Ray X Ben)
dfccf171-55a6-4c96-8815-2eb5a25b988a,Hold Me
,Breathing
,More - Extended Mix
ba131fe2-bcbe-428b-9499-a2958fe58107,Intro (Landmine)
a71ae7c5-2d3f-4dc5-b6d3-63407d4dd8af,PILLOWTALK
5959fbc1-e985-4985-8811-515c36ba6a0d,MIDDLE CHILD
,In The Air Tonight - 2015 Remastered
,With or Without You
,Sparks Will Fly (feat. Jhené Aiko)
65a23443-e846-4a24-9fad-09fe7ccf0c24,LVL
,Upset (feat. Tommy Richman & FELIX!)
85e6f53d-b8af-48cd-b245-bdc9951c8a21,All Mine
651d2f23-7505-44b8-a9d8-43187b746c7f,Piece of My Heart (feat. Brent Faiyaz)
4f157369-1519-496d-886f-faae81349692,The Ride
1cea84b4-bb7b-3727-87d3-ac18bd7742ba,Practice
,The Reason
e6b61f32-a165-48e5-8306-57870843d184,From Time
f02e019d-c123-4e87-a5b4-9d0a00b9a872,No One Knows
bec7b24e-daee-475d-9f35-1383aef487ba,TBH
078febad-b962-4173-9f07-52b8c9ab1e60,Godspeed
5b9a27f7-7374-422c-b948-af5ac78e9ce6,Body
5edfa255-7774-4539-bb95-0d2e56f9349a,In the Morning
,Show Me - Sped Up
,Caught in a Dream
b299c2cd-d74a-468d-abc9-e8b6a6b2b112,I Adore You (feat. Daecolm)
2b56b0fa-9d53-4963-9e0b-f71a58762c31,Sideways
beeb09c7-7319-4f3c-a1ee-f536bd560b67,Forever (feat. Malou & Yuna)
,Get It Together
,In The Dark
,S&M - HARDSTYLE
,Deep Inside Of Me (feat. MKLA)
10615e42-e1ca-4d54-91ff-e81a50cd6e8d,MY EYES
787d77e9-dac1-4ae3-a5f4-0ebba532f362,Use Somebody
,Engana Dizendo Que Ama
,YOSEMITE
0d32af4f-5493-4f3b-a2ad-f61fa55698e6,Change
,Imprevisto
,Stop Crying Your Heart Out
,CAN'T SAY
,Se a Saudade Bater
,Let's Go 4
,Tipo Gringa
,Self Esteem - #1 HIT - Kisses for Me
,Água Rosa
,Bala Love
,Meca Cereja
,OI
,USEM CAMISINHA
28b8287b-7cd0-4277-8bef-b730a003d72c,Favelinha
,Meio Pá
8eb7e347-faf4-4c69-ad46-bbf504060968,Perdoa Por Tudo Vida
,Champagne
b7805b61-1ecd-4a74-b070-2d36047e0ac5,Pelo Momento
4d5100dc-0884-4c43-9247-81cc8d6bc059,6AM NA COHAB - interlúdio
d1880804-cf35-4dbd-b17a-913a07d9c64d,Orações
79763d3b-141c-4b3c-9743-89306405f9bb,Ghost Town
8650bda1-1b72-4376-a197-ad420b38223a,Know Yourself
,Be Easy
,You Are In My System - Club Mix
,Sing It Back (feat. Naila)
02db4d1a-b0ba-4420-aa8e-71402148b8cd,Massive
dd4b29ac-3c06-46df-9a78-8f773825d013,Disco
,Idea 22
fdb5147b-d767-4bd9-9d8c-88769d130d1a,Lollipop
,Hourglass
,expensive taste
,blind side
,Solace
,Hide U - Tinlicker Remix
0278242f-5291-4035-8136-1213dbbe2414,ROLE MODEL
1a35c5cc-3f3a-46bd-bcdd-c2c9e51389f2,Mesmerize
,Family Affair
,Say My Name
d9f510fc-8281-4b37-98a6-5874838609d4,21 Questions
,"I Need a Girl (Pt. 2) [feat. Loon, Ginuwine, Mario Winans]"
077ac12a-faa1-365b-8ec8-43ed1b74ae46,My Boo
,I Don't Wanna Know (feat. Enya & P. Diddy) - 2016 Remaster
,I Can't Save You (Interlude) [with Future & feat. Don Toliver]
,Metro Spider (with Young Thug)
,Umbrella (with 21 Savage & Young Nudy)
b02d506c-7c8b-45a5-8253-6338a39090ed,Superhero (Heroes & Villains) [with Future & Chris Brown]
71ccf639-e9a4-4c88-8f1a-53ba8f4fc83f,Flight's Booked
b477491a-8227-43f4-868f-04563822918d,Bored
,Weightless (jamesjamesjames Remix)
,On My Knees - Adriatique Remix
,Make It Better [ZAC & BAKKA (BR) Remix]
,Ascend
,Something Real
,Price
3189be65-0538-4839-93d2-ad7ee3cfe9d1,Dancing People Are Never Wrong
16986ce4-82f1-4d08-8227-90628333ca48,Same Mistake - But Different Remix
,Cornfield Chase
,one of wun
,Mrs
,No Love
2a1bc029-f80b-4bb2-9c79-d069c768f3ce,For Me
,Alive - Anyma Remix
,Miss You
c84dc015-f623-4ed5-8ca4-6c89b35a6a4f,Sleepless
,A Internet É Toxica
,Escolhas - Ao Vivo
,Ninguém Tá Puro
7107fc06-f6c1-412f-819e-7de0046b75e4,Rich Spirit
,Alternative Outro
acbd1813-31c2-410d-8639-5cc933a1934e,Ocean Drive - Extended Mix
03cc4956-11d4-4977-a7e9-95dbca6c01e7,Glue
5ca1962a-010e-3a03-aff6-480580450c6c,Can't Get Over
2d24b570-969d-4502-a835-b526191815e0,Where You Are
1d9e04fb-7481-47e1-bd4f-e19225f83fff,Stay Tonight
,World Hold On (Children Of The Sky) - Radio Edit - Vintage Culture & Dubdogz Remix
,Can i love you
,I'm Drunk And Confused
,so long
,Just Anyone
,Don't Rub It In - Slowed
,Father Forgive Me
,you're just playing with my heart
,Come and See Me (feat. Drake)
c3ddb911-0e63-4116-b66b-4d62dfa590ec,Heartless
935e594f-f3ff-4fb1-9b25-aa1bb8a9d8d4,Best of You
06c88f2e-faee-4b1c-8ef7-a3e88df12691,Toosie Slide
dd3c3991-af3b-4904-a0c1-fa7cf68c6cf1,BUTTERFLY EFFECT
c96c470a-829d-4180-9e39-b771fd5649fa,Glimpse of Us
40ff435c-cfed-4bfd-bd5c-e11232032229,I Fall Apart
4f7d5fa3-558e-4fd8-92ce-70e056968bb6,Triumph
,Personal
,Praga
,Aquelas Coisas
7104a441-8bfc-4114-bb5d-d229e387cf5a,Súplica Cearense
,Sementinha do Mal
,Mar
,NO BYSTANDERS
aa66fe58-bd0b-4bb6-918e-a909532326be,Solo (Reprise)
0682117f-b0ce-426f-b77a-1e3ccde129b1,Here With Me
,You're Mines Still (feat. Drake)
6fda07d5-8234-43fd-bfe4-74b61742bf29,Ms. Jackson
8b442348-2736-4511-bf76-5b478de912bf,Wus Good / Curious
,Boa Sorte / Good Luck (feat. Ben Harper)
9ff00fdb-5d7a-4dde-a655-daf4b7765808,Drugs You Should Try It
,Everlong
e7f3f4f7-9c82-4176-b0ae-51653f474731,Cherry Hill
34feb761-9f22-4e2c-bb31-d4f7aabe222e,Feeling Whitney
2df8fd99-ce90-4d9a-90b0-9df70a678b95,Carry On
,R.I.P. (feat. Trippie Redd)
7d3a45ca-ba99-4bf9-9b45-4094256b97dd,Romeo & Juliet
02a2bf20-0ffb-4d57-a7e1-17a76a4c4333,I Wanna Be Yours
3e2732ac-b267-4de3-b49f-71bf3693fa86,Pretty Sweet
fe242e70-9c39-440b-b055-8a36f49e021d,Outra Noite Que Se Vai
056b7ee6-8232-47d7-b372-b95be4d10beb,Everybody Here Wants You
00f2a39a-4623-4f8d-acf6-e6edcfbbc0c0,Warning Sign
,Everything's Not Lost - Includes Hidden Track 'Life Is For Living'
,"F**kin' Problems (feat. Drake, 2 Chainz & Kendrick Lamar)"
6d69315f-3ff3-49b3-94c4-819c11dde94a,Old Dog (with Petey Pablo)
e94bafde-1498-4778-a3ae-e2f18bdda444,The Villest (with Erykah Badu)
92772eab-c65e-4e9e-9a5d-dae4a9d80729,Quik Stop
635d6103-b889-4341-a4c8-36f85194405f,What If (with Morray)
8bdf4f46-ac2e-4ae9-9801-383e12c09719,I Love Her Again
09963942-3708-4138-b79b-6d24bce102bc,Man Up Above
bb04b0ea-57b5-45f7-8738-905150e2725b,Only You (with Burna Boy)
c7f840b7-049d-4cf6-910b-435c492146a5,Life Sentence
f275549f-c6ed-4a53-885b-392fb6facc72,39 Intro
bb41389b-3d6d-4c41-8625-e0c7b6dd5124,Lonely at the Top (Bonus)
89f07614-b56b-459a-9846-43dfb528544b,Bombs In The Ville/Hit The Gas
300f0c44-fd73-4026-8326-3bfea1756d30,The Let Out
3927a174-6bf3-4aed-aa79-a6958db24deb,Drum n Bass
cb49383c-9e11-48dc-ba56-01e327388756,WHO TF IZ U
3efaab32-5731-4d5e-bd64-a5aa887035a2,Bunce Road Blues
e6d24edd-22f7-4a15-bcb0-8fab00933532,Legacy
e5e68cd9-cdde-4755-a180-e41abf225a9e,Poor Thang
78ddf107-aff3-44ee-b553-daeb4eca3605,Run A Train
8305118c-98d3-475f-ae15-a70bff2f72fa,The World We Knew (Over And Over)
,My Way - 2008 Remastered
25b4fe9e-2c8d-4961-b1c7-cd2d04c82cd9,Somewhere Tonight
07b65362-2687-3917-808b-0cbda25df955,Pearls
fdcfc38f-26db-3369-a894-b41da29a8e20,Sideline Story
2117b3d2-ebb4-4056-841a-7b8c6c2b5519,Happy
7920df27-1911-43be-98f6-a85bf792f7ad,Five String Serenade
714e1ec4-2ea6-4d9c-81fb-d0eb59e44e92,Go Slowly
,Black
,Location (feat. Burna Boy)
,Lei do Retorno
005b425c-8539-42ec-ae9c-efb8a99f4227,Mojo Pin
2b730962-9403-483d-8d26-5636bc0f2682,Ruby Rosary (feat. J. Cole)
b47fda9b-ac37-4124-9727-c692a213cfee,Smoothies In 1991
4fa4ef95-4d3e-4575-a976-a20bb220f687,St. Tropez
,Free Fall (feat. J. Cole)
,Ocean Sounds
3acf5628-d9ee-45d8-8bdf-de2873d33cbb,Doves in the Wind (feat. Kendrick Lamar)
06462e5d-87a6-4212-8530-c6896d313657,January 28th
f86c6b30-14e9-47ce-8c54-50991e7aeb3c,COMË N GO
948da28e-369a-4012-a953-19895f861d3e,DON'T BE DUMB / TRIP BABY
492f30a6-3591-4e7f-98a1-19ba4141f716,Tiramisu
,History (feat. James Blake)
,wgft (Remix) [feat. Chris Brown]
69546407-423e-49bc-a95a-088e307c6d5e,Playa
0baa55f4-9c09-4da5-9814-54210e0c5035,Environment
013d7ee8-3865-4a01-b51e-3c591838a412,Caged Bird
,L'Amour Toujours - Organs Instrumental
,wgft (feat. Burna Boy)
abe0e2bc-99b4-4c3d-a4ee-a82e5502c1e7,Healing
,Forget Her - Studio Outtake - 1993
1d51fd38-3928-45f7-8aaf-276e2a420cea,Buzzcut Season
bd2deab2-de4d-46a2-be5c-b66d7b57cc27,When We Were Young
,Dark Paradise
9e3e014f-14d1-47da-9712-0dc1dfe00421,Let Down
10ddfd38-dbcf-4ba3-9a8e-2560108d4919,Cancer
6641b32a-be60-3318-80f6-e1cd6b898b91,Marigold
2c0cf19d-db0b-4374-8092-16f08ff3ac89,Adventure of a Lifetime
0cecc75b-50d7-3465-a834-6fb9b3201887,When the Sun Hits
2677c415-0fc1-48f1-9772-fe109aef033d,If We Being Rëal
bf02e5a2-3f7e-4e1f-8253-b592c11befea,Adore You
62661b5d-175d-3c01-8253-fd4338daade2,Lotus Flower
1661b646-59d3-4a21-84f2-d6668f4fd4a1,Fire and the Thud
28d078b7-9ce7-4c1f-95cf-f6f85d556eca,Ode to the Mets
532cf30d-80af-4fb2-9c90-d730d62e1123,Levitation
,Angel Heart
22b8105b-7667-33b6-b59a-538ba40e5606,Only Ones Who Know
6a333674-7e9e-4d9b-8b71-7e95a296f4fb,Knives Out
129287c7-63f4-4b47-be66-550ff9d6265d,Drunk in LA
,Mi Gente
,Why Are Sundays So Depressing
,Pyramid Song
,Freedom of Speech (with J. Cole)
160e7b94-60fb-44f5-a466-f6adf83eef45,7AM on Bridle Path
d1b887d4-47d9-4a51-950f-a8b7c4ab9e1b,Stickz N Stonez
,Heaven’s EP (with J. Cole)
523870c9-a497-42d8-8f5d-823733bbf77d,Margaret (feat. Bleachers)
,Paranoid Android - Remastered
,Airbag - Remastered
0678ca99-6351-35f2-856d-8cfb61547554,Açúcar ou adoçante?
1e938009-678d-45a7-ad3d-1ceade630bb6,Is She Gon Pop
98820935-b785-44c1-915e-45af6e600d70,Everybody's Watching Me (Uh Oh)
f1509a16-f4f3-4c9b-8c9e-c8ff8ee0a300,Fable
a5cb9adb-9cd9-4988-827b-75a7c694d481,Salvatore
58911cb5-2bab-4526-b525-ac9dc74f703e,Motion Picture Soundtrack
,Jodeci Freestyle (feat. J. Cole)
,p u n c h i n ‘ . t h e . c l o c k
1d5be275-7706-408a-b7c1-948e9642eab3,Tears Dry (Original Version)
,Lucky
94db79c1-78c6-4318-8759-16e3b679fc9b,Weird Fishes / Arpeggi
346c038a-1bd5-43f6-9bb5-b6e805e219b2,Foldin Clothes
303a8f69-1196-47e2-82f6-9fcdd09cf09e,Neighbors
,Good & Plenty - Remix
1b0c92ac-8ac3-484f-9e14-cb9681b58e20,The Ultracheese
01020b23-daf4-4939-942d-a7b28e900b6b,Lilac Wine
,Too Much For Me
40ff2d65-92e2-4c2c-b6f8-7cb2f4c03783,A Fire Inside Of Me
,Do To Me
,Do You Mind - Crazy Cousinz Remix
dd45e4f8-10d6-3970-bae5-3bb798e92154,Ensaio Sobre Ela
,Gauchinha
08a6dab7-2b08-448c-9abf-5e96dff45c8c,Fuck it I love you
ba0c4d80-e885-47b4-b638-515a3b074460,2AM
0328780a-9134-416e-8da2-f210128f36dd,Sex With Me
25297437-aa25-47bd-bb22-19f2421a42d6,Misunderstood
,AURA
,The Fate of Ophelia - Funk
0e58937f-6a6e-31d9-8cf4-0c6538d59242,Tempo de Pipa
5af020a5-adae-4a39-ba1e-74b79dc3b06e,Blank Space
589244d3-cdb5-4ba8-8397-3daa199b0299,Enjoy the Silence
,Under Pressure - Remastered 2011
2582a295-026f-46f0-acff-8867a5eca131,California
0f7bc098-79d2-470f-9686-573c30360895,Don't
,Oceans
19289fa3-05f2-4535-bb3d-3c6e7caf811e,You & the 6
06fc4fe8-c1c6-4313-bf52-305da7a57279,Zeitgeist
,Vicio
3c8f8c30-21af-4632-8d65-98f0b461daa1,Sentimental
,Faz assim
b0cdf4d2-9fca-4a6a-baf2-4d0bbaa4e211,Waterfalls (feat. Sam Harper & Bobby Harvey)
78440a8f-d4cd-31e6-b7b5-ef2abdde8a9b,Walking on Air
604e54fa-f9a1-4209-8167-258cefe8db25,Don't Go Away
0101b01c-d0c8-4ddd-a30e-e7f23916dd66,Riot Van
9619181a-f141-43a8-a841-e3ea25b9fd4b,Daughter - Remastered
2f37fa85-1c1f-3cec-81e9-4ae0683243b6,Pyro
1635efe3-81e8-4ac7-ba77-cc9653f575f4,I'm Outta Time
1d2200fa-1d38-46de-9112-bf9fab55c437,Wet Dreamz
1e4d6162-0890-4c0a-bfd1-7d5d596ebca7,Connect
a02d53fd-6c57-47db-81f7-f2c89bf45f9a,Hot Blooded
e645ac2d-491e-499d-bdeb-4f0941f53cfe,I'd Rather Go Blind
0d9a5d4f-cf21-400b-8440-163f0663b522,How to disappear
30707099-62e5-4b66-aeff-f917f4917112,Wake Up Alone
0fc09c43-e00e-4025-a677-a61908788d49,Fucked My Way Up to the Top
198131da-0e31-45f9-8431-ee367c4c0917,A Song for You
06e6aabb-1efd-44ee-884c-636b04149e68,Green Eyes
,Resenha do Arrocha 4.0
,AMOR BANDIDO
5c761780-a3c6-400f-a241-71ffde4346d7,Fallen Star
,Shout
,Do It
,Peu
,Back To Black - Live At Porchester Hall / 2007
12c55a51-d34b-380f-a95b-de8a63fb2be2,Último Romance
89951854-4048-40ba-a11e-88570fcaab4b,Ainda Bem
e165ef13-031e-4632-b7b4-c13aec5935ac,A Estrada
1eeeff7e-4f74-444e-8198-59bee604fd28,Do Sétimo Andar
519c0af8-ed5b-4c31-8d98-128d0c967353,Quando Bate Aquela Saudade
3b72ea9f-02be-47c5-a5b5-085d645d98e4,fade into you - live
,Jezebel - Live 2011
042d7e74-ea1e-4292-8a79-485e08f4badb,Some Unholy War - Down Tempo
27a74d2e-870f-4348-89d3-f2da0a0bca77,Goodbye (feat. Soap&Skin)
baa11207-540d-4110-bfd7-156f870e316c,Quadro Verde
,Obsoleto
2b0620c5-bb31-3c64-92bc-120d4923a0d1,Tá Bom
,Desvencilhar
6a51bb52-c435-4685-a498-2fa7889a3ce1,High Speed
06560e2c-de60-3a7c-bbfd-44f390362abe,Parachutes
1ed114ae-dc75-43e6-b6b7-5630708e653e,Be That Easy
,Valerie - Live At Porchester Hall / 2007
0a79d098-cb7d-4302-87f9-ee3f50f9e85a,The Resistance
60b520aa-95bb-4ffb-aaa6-c8d7c7e83ee1,Art of War
,Sei Lá (Papatracks#7)
1a5ee7ea-ecd3-408e-a469-a82de88fd58e,Fishtail
,That’s How You Feel
3df24852-9ebd-33f3-ac1a-34b46388b65e,When It Rains It Pours
,Esse Cupido Não Me Ajuda
00b0d26b-a195-43ff-85b6-1cdc543e2558,The Greatest
,Toda Trabalhada
,Say What's Real
,Falling Back - Extended Version
,Lights
01368c7f-441a-4dee-bbbf-569348662e16,The Next Best American Record
,living room flow - Bonus
,ÍCONE FASHION
68856905-3925-4988-b434-2383ea95a42d,MEU CEMITÉRIO
40bdf22b-c2a2-43e8-81cd-2d1a9bd77880,TALKING BOUT
352b55fa-64cc-4adc-9121-d272fc0981fc,REI TUÊ
75e43d65-c49b-458a-ad52-19350cf36f99,Taco Truck x VB
147209d7-0b8c-4110-90af-4860582ea921,Peppers (feat. Tommy Genesis)
f2aea3a7-07b5-4ebb-b035-a08d29d1542d,Cry Baby
,There’s a Field (That’s Only Yours)
fa5150d5-926d-4907-841d-efc9f4a5072c,It's ok I'm ok
e58136c5-cdbe-45c1-843a-1399fb1983c5,This Love
b5797911-4f7f-4360-a46d-05bd4d81af9e,"I Love You, I'm Sorry"
3f320603-c50a-4d6f-9b64-55f04528046a,Duvet
,No Ordinary Love
,Con Tus Besos
d133a345-c51e-4251-b880-d2bdb69070c5,MIENTRAS DUERMES
3068dbb5-c070-45fc-8c5a-08fcfd52f397,A Outra
0ea4e530-6b1e-4cd1-99b4-280e591e38bd,Dreams Money Can Buy
c779a372-ed8f-40c1-852d-431e0680bb2a,God Knows I Tried
,Último romance - ao vivo
,Já Era
,Last Christmas
a6fab057-cf3a-4456-950e-d3edaf219326,All I Want for Christmas Is You
8670a098-6ab7-4e18-8ac0-0ec7259151f8,The Fate of Ophelia
3646de71-0bbe-4097-a930-e3610c95940b,Cherry Flavoured
,Eu não sou boa influência pra você
,Only Over You - 2016 Remaster
15a981d9-cba1-4df7-a26f-1235a2aaca0b,LoveBomb
,Zebrastreifenpferd
,Manu Pilas - MIRA (Videoclip Oficial)
,SERENADE
,TENTAR SER BREVE 🤷🏾‍♀️
7a742946-b45d-41db-9435-57e56f9f6542,Lady of Neptune
27a95028-910b-4b2a-ae48-e74ad2da1601,Lord I Need You
7101d451-c7c1-4000-bfd8-e0ebdff50e04,Free
4d4b73cd-8dc3-37f5-93cd-5633d3c1a3f5,Reckoner
7ca6eacf-31e8-4790-8a1c-b8f9571fff73,Bromélias
03112bf2-62f1-317b-8ab3-35768e19c483,Pelo Interfone
,INTERFERIR 🚫
f0219eaf-7e1b-32e0-9047-d0d7b243c0f9,Os Pássaros
,Ouvi Dizer
da754e42-6c8b-477c-865c-a0ed0d159d7a,Condicional
,peace
0418792f-72be-4ede-8de9-8233f4699a91,In Another Time
b5f56e38-bf57-476f-a7ad-5c50ad2efe5e,Wishing on a Star
,Silhouettes
,hot slow
115790a5-e2b0-4baf-99d6-0b8499cbdc60,Terrified
780a1440-35e8-4d1f-9c22-53b39e05a12c,Is It a Crime
,you & i - sped up
,It’s Dark in My Room
,Sick Of Your Love
9e820e5e-6964-4ac0-9e43-5cbd858bb951,R.I.P. 2 My Youth
,i want(ed) To Die
,take it from the starz - Slowed & reverb
4d7b75e8-26de-4513-bd80-f5bafd056cb2,O Piano
ba441570-522a-42be-81cc-f6a30cd91bec,Save Me
9e24f4b3-f992-4adb-89ed-4c506e22a292,wet dreams
,Silencieux Amoureux
,take it from the starz
6d2ab6cd-ee39-3eed-9af1-59939e2759a5,Já Vou Tarde
137af463-3117-4b75-abf0-fe19dbb05656,Basta a Coragem
,APRES SKI
3b66db9c-5d1f-3d75-b6bb-a05d6d7f9efc,Quase Um Segundo
28179bf5-a22d-4d0f-8121-520a5fafc929,Sorriso ao sono
580bb241-1d1f-3b9d-bd4b-bab14ceda847,Faust Arp
019f6468-3879-4a9e-9fd0-1bcc62ef1d17,Moonlight on the River
542b753e-5c33-41df-af05-babe5e55117b,Devaneios Retianos
,Motion Sickness
7a0d496e-1292-451c-a7a4-7c633cb9d7a6,Inwood Hill Park
6fe33653-110b-4797-acdf-be70fcadea4f,Chamber of Reflection
05abf4ba-9c2a-3b21-9639-805457d598a7,The Sun
20ddc463-1ac9-47b0-a242-75a7d5c84c61,Ex-Factor
59dd9888-d4b4-4ced-9bb8-98cd0dda0046,The Blonde
09884f35-fd29-405a-88af-e192200da238,ARE WE STILL FRIENDS?
5ce32c3d-d73c-4d96-a805-bb3ee9a29ed1,Baby Came Home 2 / Valentines
cb12a5b8-8b39-4c97-96e5-10af0721c5fa,Zombie
,Iris' Secret
,ghetto gatsby (feat. alicia keys)
bf55ac50-35ea-4cea-9270-2d1b37f3cc8d,PRICE OF FAME
3895408a-b7cc-4ce4-9624-ab1ff4f9fb79,SKIT: EGOMANIAC
cc505e5d-a206-4632-8146-dab9376bfd1a,HEAL YOUR HEART (Interlude)
,"Gravity (feat. Tyler, The Creator)"
8f21eead-c956-4c1d-970c-091982f9d1e7,LOOSE CHANGE
,Dawged Em Skit
,On This Side (feat. A$AP Ant & CruddyMurda)
3210decf-77ca-4ef6-89b7-1808f58fc2aa,IMPLOSION
1d5093e5-0afb-4bd9-93e2-6e8697a163e0,Final Fantasy
d2673f10-e293-4e27-bc5e-b8e7858bf82a,Rabbit
adedb0ea-6b2c-4ed4-b78c-1c8486988ca2,Holy Ghost
5a4ca257-49d2-46da-9626-141418dae9fa,Planet
13fa02fe-a982-405d-8b65-4a09ac92de9f,Lil Ol Me
a863bd47-cc3e-473f-a292-c5f615536a3c,Private
,Afraid - Live at The Palladium
69c7fe3d-512f-4daf-b4ba-84e994373fe4,OMG
,Prey - Live
,Wrong - Todd Terry Remix
fb0e8f6a-d58e-4b22-b7fc-dd336e72f994,Hula Girl
,The Entire World Seems to Be Asking the Same Question
,Les - Instrumental
98d3db38-e026-47ec-a3d0-ac26843511de,MTFU
38e1d1e8-5ae0-35a6-bc95-3be2940c7e7b,Bad News
9d2ffc65-6219-455b-8237-f2abb4834810,Skin
c0d7c649-5d5b-4cd6-9a6f-6e9e87863254,Say You Will
,In Between (feat. BANKS) - Bonus
13325c6b-9b57-3612-a8ae-df36a4a1996f,Coldest Winter
8c695815-d441-4387-9aad-eb148d345018,I Run
96c4a14d-7b15-4cd5-b163-627b39725a33,Too Much
4bbb23d4-4305-40e0-9a6c-af7da7793fb1,March 14
618bfc73-b5f2-48a3-9f03-fc4604b42cf9,Hate It Or Love It
e6fb4f02-5130-42bb-b26d-13721f7ee22d,Is It True
7780612e-80d2-4523-9c1d-da1bf60115ff,New Day
bc8aa20c-4e78-4342-9339-420d17502503,Hell of a Life
5b1c893a-16da-4e3d-b9b7-6cc57afc360c,Dracula
d897ea13-eae7-44a2-9e83-c08b07de2fb7,Promises
,WILDFIRE
,Just For the Night
,Falling
,Runaway (U & I)
,Make Me Feel
,Key To My Heart
ee343ad5-610a-454c-bd46-1c1eebf2f28f,Jamie (Do you still love me?)
,Crazy
,Miss Your Body
,Desire
623ecfe3-5357-46ec-ae28-151a802428a9,The Language
,No Church In The Wild
9579eb01-a797-449e-9076-5e4bc4dbc6ca,Enchanted Waterfall
9108bab0-54e2-4417-ba28-ed9d2eb7b724,On My Knees
,We Are Mirage
95bf67d4-837d-4f6b-aaa5-26ea567ea46d,Hurt You
59b9db93-4146-48f6-b32a-45134f29c842,One Life
0c4d85f4-312d-47e1-89f7-0682eaded309,No Pressure
cf0ba0df-c06e-4934-a03c-a7235f8d1475,Un-Thinkable (I'm Ready)
ec9def76-98c1-4217-94a5-ebb339c9ba76,NOBLE
3a94240e-42e8-3dcd-a06f-b5a5e1a5ec48,Wonderwall
0e822bd3-2088-4702-b0af-3aeb191094f2,Infinite Source
f283ed7a-580b-4c03-99f3-79722c964bf5,I Think About You All The Time
38fa48cc-4683-4218-a8ad-5c85879f8788,Diamond Eyes
397f8ac0-0098-4455-918c-b8dee0d2e1f7,Mascara
003e75e4-7e77-3dcb-b460-5b79d8a2c123,Entombed
,Lost In You (Falling In Love) - Estiva Remix
,I Am Free
2a2947f2-a794-4b21-88d2-3a19c83f5fac,Far Away Place - Jody Wisternoff & James Grant Remix
,Fade Into Black
be24922d-012a-49be-9af3-d62bdfea3ce7,The Chase
,Can't Feel My Face
2fc54d46-272a-4e69-ad67-926611e6e391,Sundress
1abbab1d-b5f5-45a5-9fc5-464ca48747e2,Gold Digger
d6f74e20-4c3b-4793-93fc-f0a51aab0968,ALL THE LOVE (feat. Andre Troutman)
,Run This Town
,One Pillow
,Barulho Da Colocada
,Passo com a Bunda e Sarro
,QUE LOUCURA
,Sereia
1289931a-6967-3ddf-b57f-f13c9091dbe1,Welcome To Heartbreak
314a89a4-b403-4c4f-873b-cbf5201e2d55,t h e . c l i m b . b a c k
8386d1cf-a9f7-407b-8eb8-4922f1ae417c,Fall in Love
,Drugs N Hella Melodies (feat. Kali Uchis)
832183e6-a4ad-4063-8a17-f2cad12678ac,Love to Lay
5d6007c0-9746-4141-b549-79e3978d53cc,Sundream
,Fill The Void (feat. Amir Obé & Daniel Caesar)
,Feeling
,Surrender (feat. Curtis Harding)
,Sandra’s Rose
17159a98-3f8d-40db-8644-d1064edc3697,3005
,Drive Slow (feat. Kanye West & GLC)
,Is it cool? (feat. SZA)
17a5cb78-9745-4186-bd93-86f6de2154b7,The Recipe - Bonus Track
,Drip Too Hard (Lil Baby & Gunna)
,Pharsyde (feat. Joe Fox)
,Thug Cry
b0c85223-6931-405c-bc0e-87ad2332b837,Dai Dai
,Zoo
,"Colors - Coca-Cola® Anthem, 2018 FIFA World CupTM"
,Cascade
,Floating in Reverie
,surround me
1a5187f5-077a-469c-861c-a571dab13fa8,A Gallant Gentleman
,nothing left
,Broken (Are Little Victories By the Ship of Life)
29923036-d952-47a5-91ed-ea19597bb8fc,It's Snowing Like It's the End of the World
4a685094-5c70-43c8-b66c-87961b1f4933,You Right
0766f431-5fc2-4550-881c-e050f398f79f,Bad Religion
,vanish
,ur special to me
243fc46a-2e6c-4357-b5d3-098593b0e85b,Thin Flesh
,Over It
,Paralyzed
,Brittany
,exorcism
00d7e99b-a3cf-4a53-9be6-875bef1a4e6e,This Grotesque Dance
,Король Чёрного Трона
,Mariana
f52168e3-359a-455b-914d-f9ccb0b91bb6,How Much a Dollar Cost
729ebb21-a40b-3f22-9395-ec7ed7a6ef44,Dollar and a Dream III
,Holy Ghost (feat. Joe Fox)
75a68bb4-f621-4da1-acd7-d2572e581d26,Sandman
08244809-a566-4c23-b1bb-90add7e2bb47,"III. Telegraph Ave. (""Oakland"" by Lloyd)"
,N.W.H.
24495cc5-957d-3f47-b955-77983a79397b,Crack Rock
fd83178d-c064-4689-9c09-bef8f1c4cad9,The Art of Peer Pressure
,Rain (feat. Vince Staples)
e00d0311-b1f5-421a-9092-f411cd7ed66c,Sirens
,Doe-eyed
,All the Fakes
,Merces Letifer
,90's Jennifer
2233bff5-a17c-44a7-a5d0-b393f74eb3ea,Space Goth Coast to Coast
,Fernanda
dde60a5d-bc57-4a16-ae45-89c156002f68,Always Down
,I Love Mallory
,TELL ME WHEN I'M TELLING LIES
,Crippling Death
,Елена
,Halloween
,VCR Romance
,Should Have
,Transient Ischemic Melancholia
,The Straight Edge
,you don't like real girls
8c023286-0509-4306-b173-d6646421ba34,Glory Box (Live)
8f4e798d-4767-4dfe-9f22-76ec477225d4,All Me
6fa0ff3b-5650-4a0f-84e1-df35ee2b4ffe,Come Thru
7102e0f0-e689-4434-b790-9c6d9932cdb6,305 to My City
3e7f5246-3a30-4a02-a3c5-f042c2ba7470,Tuscan Leather
0f9ba5c5-17de-4b95-a64a-982fd8f78abd,Wackelkontakt
,ALRIGHT
,Say My Name - Remix
,Wild
,Kisses (feat. bbyclose)
,Tongue Tied
,Lose Control
,wacuka x say my name
,Bandido problemático
,That's Life - 2008 Remastered
a63619cf-4127-4e0c-97d3-1feb075896a9,dirty little secret
539c360e-c290-45d9-90eb-a1c48c33d59f,eat me alive
,West Savannah (feat. SZA)
,Ronnie Drake (feat. SZA)
59b99280-67db-4f2b-8c66-fa0927c40fbf,Phoenix
392265ec-5336-4927-a54b-0fb132ced662,Headache
,ALL EYES
f9f3f4e7-9669-4d84-a6c9-cedaf499516a,Last Night I Dreamt That Somebody Loved Me - 2011 Remaster
06390fb0-a62e-34d6-95eb-1077068919f6,Roads
9128e802-502a-433b-8b31-78b3ddc31647,I Want to Know What Love Is - 1999 Remaster
04002251-7cb5-47fa-b133-370a5471d246,Until I Know
,EU SEI QUE NÃO É VERDADE
d41e7f0b-ab24-4212-9b81-02f6e876d6d2,Strangers
d5ee8b39-5fda-48da-a711-233ebfb9a68b,Trae The Truth in Ibiza
df27417e-81d5-4287-92cb-0aa5165f50c5,Until I Bleed Out
,Hours In Silence
6085ce19-265f-4aeb-b0ff-96604f7826d5,These Walls
6ce048c9-a307-4df6-b6e6-7bb3944cda58,Jorja Interlude
06ee8b6e-a859-4241-8d69-79a26109e546,Will I See You Again?
31b43803-c0d3-44d6-9447-48505dc8ca6a,My Favorite Part
,We (feat. CeeLo Green)
,Carta Marcada
a50c395d-69a9-43e8-a0ea-0dd5c8bd3de6,You Ain't Gotta Lie (Momma Said)
0516b5b0-de25-391d-a668-c79ad3854ff4,All I Wanted
,Wackelkontakt - HBz x Luca-Dante Spadafora Remix
159a93a8-98c4-498e-86a7-75608a47d874,Compton
1eee25a8-5d82-4523-8dab-90318f7d7e23,Ratha Be Ya Nigga (ft. Richie Rich)
530cadbc-8194-46ee-8e14-51d10aa2ce84,Now Or Never - Bonus Track
1668674a-69f1-45b8-a1ea-2a6e401db676,Heavenly Father
c21af371-b53b-4175-bb07-500e7f1f4fb5,Only God Can Judge Me (ft. Rappin' 4-Tay)
421d5f93-107c-46b3-953e-cad600e1e25c,good kid
07d19b43-9187-38fa-9f7e-92ea9644e363,Lost Ones
3b7f63f1-da91-4ae5-9d00-514718ff1c89,Cilvia Demo
f48ccb95-c92e-429d-be41-5565d0fad265,Better Dayz
403cb480-4ddb-4525-acab-87615422378b,Land of the Snakes
8683cd76-764e-4f4a-b547-9a3c6d7cc691,Searchin
,l e t . g o . m y . h a n d (with Bas & 6LACK)
,Tcheca açucarada
68a9925c-a3b8-3767-81f9-7cf7d587237a,Sail to the Moon
33b49c18-4d5d-432f-a5c6-d48a6ffc09b5,Aonde Quer Que Eu Vá
,Seja Para Mim - Acústico
091d9ee8-73c7-4aab-8c9a-eacc07bdc20a,southbound
7ca0e5a4-aa40-42cf-a072-562776359dac,i like the way you kiss me
2e1b53b6-9c24-437f-8ea9-83c20329cb64,Samurai
,DM
,Freestyle
,Reús
2bf4aef5-c5ae-4154-8a24-a2929ea87096,Aliança
cfe54f25-d95e-4337-ba8e-1f25cb8a48ed,Codinome Beija-Flor
af0d09c0-12cb-3a63-86cf-20b9da1b8e9b,Só os Loucos Sabem
,No Surprises
,High and Dry
,Jorge Da Capadócia
,Cartas na Mesa (Bônus)
,SEM PAUSA
,MLK RUIM
,as i wave goodbye
d3c18dd9-5262-4e16-9faf-3edc0639c94e,superstar
a2412749-febd-4e49-a269-dd9f96e80d24,Medo Bobo
7f451a39-a0f9-3742-852d-bf7af82f93c3,Vilarejo
114baa15-de47-4792-8a4e-54b0a695eb14,Amour Plastique
aa9b08c1-cce6-331e-bd11-d77712561e11,Depois
268b220b-d470-4b0e-93de-80ca6ec0682e,Roi
e87fb0eb-58cb-42b4-a352-9254de99348a,ilomilo
,Used To Be
c4d38fad-f420-4496-a0fc-a488b619d746,Oblivion
d2877d7d-2ee9-4260-910d-43c46710d5ff,Like Him (feat. Lola Young)
6da0b598-d9cf-4f62-8376-bc3181e509af,Obsolete
a02486cc-75b8-4ef5-8070-9803dccceddf,My Old Ways
b63ee1cc-d098-4ea6-8acd-6a344ccf4a64,Overdrive
45031787-353d-4fb1-be70-c78cc76a87c9,Nova Sorte
771462a2-8149-4667-816c-a6e0aef4d88b,Don't Wake Me Up
fa7e97b6-431d-4452-af62-89556b34b1a6,Heartburn
1facddb5-b3ec-4b11-97b1-1927e4bca40a,Only in my mind
8f0cd48f-76b5-4e63-9422-0e6ff1a02d3c,Summer Love
65653633-5af5-42c2-a928-ea5083e5712a,I'm God
054f2182-003a-484b-8ab1-8ef1fca2d7bf,Adorn
4fe6e86b-68ef-4468-8f63-106474c05e7a,Let Me Explain
,Champions League Theme
,Honest - From The Amazing Spider-Man 2 Soundtrack
a2f52125-cb24-4774-b95c-69b3225ffb7d,Feel Good
,UEFA Champions League Legacy Anthem - Full Version
,"Vivaldi: The Four Seasons, Violin Concerto in G Minor, Op. 8 No. 2, RV 315 ""Summer"": III. Presto"
,"Vida Loka, Pt. 2"
,"Vida Loka, Pt. 1"
9d261386-779b-4a49-8c32-ae4e9119acb8,Haus am See
,DOS DÍAS
,Extssy Model
,NUEVA VIDA
,Pa Ti
,Baby Please
bbc0e688-654f-4fb8-a27c-9124f071de22,PARIS
579564f0-753b-4bbc-b31a-3aba5a664978,LAS NOCHES
0cc24b99-6d34-4d86-a89b-664059a22f67,"All the Stars (with SZA) - From ""Black Panther: The Album"""
,I Love You for All Seasons - Single Version
,In the Rain
,I Wanna Get Next To You
40e663ac-70a0-4be9-85be-7869d4a2d53d,You'll Lose A Good Thing
,Mirada
,Atención
,Me Matas
,Morena
36df1770-2012-4888-a87c-606764e68481,Y LLORO
,Meteor
,Sal Grosso
,Sou de Todas
,TAPC
,Minha Vida é Isso
,RITMADA GARDEN KISSES
,Vivência
,MÓ CASTIGO
,MEC MEC MTG
,Eu Preciso de Grana
,Ex-Planos
,Pensando na Gente
,Escape MTG
,"Briga, Briga, Briga"
,Falta de Amor
,Se Pa Que Ela Tente Mudar
,RITMADA ANOS 2000
,OUTRA
,Eu mudei
,Me Deixe Leve
,Baby
,Fin de Semana
fa73353f-9b84-42f1-adb3-b04bc1d85893,PIÉNSALO
1a62fd8e-042a-4761-9f8b-e0343eecbc05,Solitude
00352f1d-ed2f-47ad-bed4-3c49d3d5aa9d,I'm a Firefighter
f218c190-b26b-47dc-9162-addada7e392d,My Tears Are Becoming a Sea
,just want u to feel something
6939f102-291c-48f9-b6b0-42744f3cd938,Lurk
28a41c67-3b9c-4b34-a464-d9b9e47b5f68,Regresa Mami
,LADY GAGA
cbd9ea90-67b9-361e-8814-c0127136ed0d,Silly Wasn't I
46b83258-7eb8-4502-bec4-f2c02e28055d,Hang On to Your Love
611cc2c3-609f-471a-a17e-8a03e8fedac7,My Mind Is A Mountain
6485939b-96d5-4107-9ea5-9feefdbf4512,I Don't Wanna Waste My Time
005f6ded-9e97-422b-9576-b7f6ab455661,Soulmate
,Planet God Damn (feat. Njomza)
,Someone New
,Sacrifices (with EARTHGANG & J. Cole feat. Smino & Saba)
832cee2f-ec48-4fa8-9dcb-213c49519324,Scar Tissue
,Say It Right
01e582e4-8cbd-3b84-b0c9-75054f90162a,Snow (Hey Oh)
812d1fe9-09ee-482e-b3d0-378c4eadcdef,I Feel It Coming
1704f341-f44a-4e43-92d9-a56c7423d585,You Know I'm No Good
8e6f8058-2bc1-4332-b39a-849f39cf837c,One More Night
b36ebd07-e205-4d8f-ab2d-2f4ef9ad1cda,Bahamas Promises
,She Will Be Loved - Radio Mix
,SexyBack
edcf70c1-2d55-4430-a46c-c3b113bd221b,I'm Supposed to Die Tonight
e8f51c5c-d045-4866-a039-4aa81fe122cb,Wonderful
f1eafdb6-781d-4475-b472-aa6ef6d1b12d,Objects in the Mirror
,Too Many Nights (feat. Don Toliver & with Future)
d6f43224-d0c2-4430-b4c2-b51732160049,Cece's Interlude
0094a8e3-9dbf-4008-b438-8480a09bd431,Dunno
93a6d179-589c-44b7-9203-b3aa599cb2ae,FEAR.
7a3e8796-a0b3-4999-b268-4e2d47912e3c,Otherside
19da3fa5-6429-4a7e-bce7-ab3d5356c708,Days Before Rodeo: The Prayer
,Promiscuous
d21421a3-16ba-4bf5-b89d-c39aabebbb8d,Dark Necessities
,In My Place
,Ella Baila Sola
,Me Prendes
,Tres De La Mañana
891a2242-e85b-4226-8232-d0a6be04d369,Ambitionz az a Ridah
9d9ab58d-6560-4252-a197-34143f0d10ca,Ryder Music
0f6af314-ad5c-4f7d-a026-24ea64e37660,100 Grandkids
2f32dbb6-f88a-4985-bcc4-d230f77812c5,Right
,That's Life (feat. Mac Miller & Sia)
33d73a1a-ce98-498e-b0ce-5bf4d6fc6260,Rush Hour
6d4fee70-4ae1-4e5a-acc8-00e3dc32bd13,Buttons
aac5ab5e-178d-4e4b-a587-a1d3b11cd354,Programs
2c1202e0-681b-4159-88d3-121cc2daa5e7,Diablo
16ff86a9-265a-4a95-9d3b-1666dc187e3b,Kool Aid & Frozen Pizza
07751f0b-7a4b-4b61-a794-86fd809d4c44,BDE Bonus
7f96fdd5-6e93-47d0-a673-d5e17e4613c3,Funny Papers
0baf49f5-524a-4590-aded-6601223a11d7,Clubhouse
32c57215-7a96-44b5-93d4-6aceab7014e3,Surf
1b70c9c1-e05f-4ff1-8a98-408fcc6ef7e4,Thoughts From a Balcony
81028ca1-c5c1-3b84-88e9-a056339a67ad,Knock Knock
54fda115-7237-49af-8559-fcf45713b69c,Circles
85af056f-8a68-451b-8592-c77c30642196,Donald Trump
,Time
5c661f0a-8b49-4c7f-881c-38cc446af230,Hand Me Downs
107e8b2d-4bb6-4286-9572-9451918ff664,What's the Use?
04375b54-41c2-4717-bf4d-6cebc044e066,The Way
4e792d3f-a2c1-43b6-ad25-6a1febb86f2d,Good News
,Dang! (feat. Anderson .Paak)
51596d7d-9976-3cc5-8d07-ea4a70c209e1,Nikes on My Feet
fe267001-493b-44ad-b2e6-12d01f95322e,Missed Calls
69169f55-46a9-4f76-b478-159a56567a4b,Blue World
1920dd84-5db0-462d-bcd4-6cbe851b5845,Small Worlds
68e38f54-7e4c-47e6-b866-9c1069840bf0,Love Lost
,Ghetto Symphony (feat. Gunplay & A$AP Ferg)
dfbdad16-ad3d-4ef5-a160-e1bb2045d0b1,Survival of the Fittest
4b2fe59b-38c2-4efb-82d5-4f6e60112d7e,All Eyez on Me (ft. Big Syke)
b8a7ce44-4908-4b18-949c-601d4ba9342c,Can't Get Enough
,Down Ass Bitch
eea91a7a-a31b-4a0b-85fa-976a031b4bfb,So Many Tears
,Always On Time
087396b0-3cab-49be-b4df-6fae65de3ed9,Shorty Wanna Be a Thug
0f10b16a-40da-38e8-a531-c5b98b86af04,Highschool Lover
,Duvet - acoustic
6ea565de-9f2b-4f4d-8326-7cecd9a07508,Back to the Old House - 2011 Remaster
e6af6da7-551d-434e-b3a8-33737862b119,Over My Dead Body
6b157fef-9135-47e0-b599-c069b581e474,Comfort Inn Ending (Freestyle)
,Silver Springs - 2004 Remaster
24d0dca5-728b-3f04-a7a3-07d7821a4d68,You're Not the Only One I Know
197c960a-0f5a-4149-8547-0a4ca2e6c741,3:16am
6bc3e27d-ea8d-3d34-847c-221e4526507f,Halah
329ae903-2664-424a-b15e-76a835742ccd,Playground Love
043e10d6-f63c-4f09-8ddf-3779c65fd6dd,"Please, Please, Please, Let Me Get What I Want - 2011 Remaster"
,Come Back - Buddha Remastered 2001
3d7fc05a-49e1-4256-8764-38a20f03b024,Blue Light
da25eade-e561-4af9-90ed-9f3619a05cf1,I Know It's Over - 2011 Remaster
00408f71-1551-336b-8398-0e3805ca3d10,Kiss Of Life
34c4b1dc-b7d1-42ee-b32b-65f962fa17dd,So Far So Fake
2cdf78da-7aa6-40f1-81b9-6d1025f53b27,You Are Here
33e05310-7de5-3da2-8817-1948a9f373ca,Flamboyant
179acf8a-9048-47c9-9e1f-3af5acd71a79,Position Of Power
c8bf9f1c-604e-4920-905b-38ebc652f9a3,Through the Wire
07f4dc59-3623-30d6-9363-ac095e8d69b6,Follow My Lead
df5d47ca-7335-44a8-9131-4197ac0f6940,Lord Pretty Flacko Jodye 2 (LPFJ2)
a812433a-7689-38a9-a42f-92b9fa94c953,Stay Fly
ab1cbd2d-9f5e-4f01-a00b-28d9db94c878,Estilo Livre
0405be8c-5a3c-45d9-9fdd-7f0643bc2d75,Lovers Rock
0af5cbad-3f85-420b-aa8e-f7f625713a08,Future Lover
,Everything
275296ff-e9fe-45b9-a9e0-27fe27dad060,Champagne Coast
0017766b-840f-4853-b025-d7d96256d6ba,You vs Them
4961c13b-d3f2-4d2f-a4bd-24ccb42e36f3,Sunsetz
c5e61732-71c8-3cb5-9552-60f3da25028f,Unlike Me
,Tell Me Why
,24 Songs
24ba0390-f31e-447c-be1d-5652cc826b63,Monks
55a93000-c799-4974-904c-0c6d6ff12bd8,And I Love Her
9c6d5d06-17ca-4155-b10b-dbf55e105ec9,This Charming Man - 2011 Remaster
6c178bf4-670a-41a6-ad8f-f838afe429e9,Don't Look Back In Anger - Remastered
0edd2834-be04-40c7-acc3-83ec8ce61584,For the First Time
,Wish (feat. Trippie Redd) - Trippie Mix
ba2c8fc2-4c1a-4648-bbc3-4e40d47141ea,Taças pro Ar
,mirrors - Bonus
ee2354f6-44dc-497b-9bb6-13a6b776ccc4,Wading
,Chiquita
58e23ccb-597c-31f5-a97a-f9381a40080e,Life Goes On
1ae2a9df-456d-44c0-8750-ac62e9ec4b1d,Deceiving Eve
2623a669-a7a2-49b2-8973-fd78c801b16a,Feel It
9fa98bb9-71f5-4025-9489-08865140f98a,Moral Conscience
57beb2b1-3dd0-4ab4-b680-fb890b95141b,Speed
,Ai Calica
af97bc1b-f6b9-44aa-8895-4d4baa2353d3,Paradise
,"Canción del Mariachi (Ilia Topuria ""El Matador"" Anthem)"
93afbd76-7a1e-4758-8b6f-762d38e334fc,Bed Peace
34741f1e-4b64-48f3-8ddd-08600281b553,The Weekend
0755e50f-e9ce-43fd-b855-cd072ac55b0e,Drew Barrymore
,Los Cuadros
,LAGUNAS
,Hoe (Feat. Miguel)
,Show Me Love (feat. Miguel) - Live
,SUIZA
,Morena (Remix)
,Can't Do a Thing
0d9864b2-ef8f-3b83-8ad6-9a2bb6f1708c,Wild Horses
,All I Need (feat. Beth Hirsch)
10ac1f04-6887-4c1a-993b-b7098da94c48,PPP
,Alma de Guitarra
,Cancion Del Mariachi
,Ebrio de Amor - En Vivo
,HASTA LA MUERTE
fc2e7ee0-a5f8-4758-8523-ac99fbfcdbe4,Amor Tumbado
,Tentacion
5d18e792-b8a7-407f-85a3-298523a517e9,Meddle About
28a77f51-3534-4763-a0ab-ed5cb396f4b8,Loner
204f08e1-05f1-3ed0-a2ef-5c45b16a7c61,Myth
01531289-e5a2-4046-af72-4f9fa01e7e29,Laputa
27529644-e7d5-4e2d-8285-71a6408e16b3,Thunder
,LA PATRULLA
,Asquerosamente Rico
facc43f3-de6e-4464-97f1-d38fd1df9879,QLONA
,HOLLYWOOD
,Se Amerita
,Solo Me Dejaste
,Bye
,Una Linda Mujer
,Diciembre
,Gula
,1004 Kilómetros
6b0a77c4-ccc9-4a50-a345-dcb0a8004be5,Rosones
,RELOJ
,Tal Vez
,M&M
,1004 KM
,VETE A LA FREGADA
,LUNA
,Pacas Verdes
e27aac3c-92ac-41ad-964f-047a91b78292,Neurótico de Guerra
,Por las Noches
,Mi Bello Angel
,Todo a Su Tiempo
,Jugaste y Sufrí
,La Curiosidad
,Dias Nublados
,AMG
,Igual Que Un Ángel (with Peso Pluma)
,Cristal
,What's Luv? (Feat. Ja-Rule & Ashanti)
,Worst In Us
,Bonjour
,Drip da Roça
b83850d0-b6aa-4f4a-89d5-a43d87d00d6f,Manha
,Sem Dó
74815162-3b8d-4117-8673-b8278664ef28,Saudades do Tempo
,My Love For You (Yebba's Heartbreak)
,Fractures
,Everything I Own
,World Of Sound
,Rendezvous
cf404c82-6998-41b2-b15c-f7d592d773cd,Ray
,Aurora
,Deeper Grounds
,Unbound
,If I Ain't Got You
,Miami (feat. Leon Thomas)
af6b5e4a-06e2-41a3-a025-313976043c78,A Tale of 2 Citiez
0e08b1a7-1873-41a5-ad8d-2388f04a3de6,6 Man
,Earrings
b954fae4-e690-4d76-9c71-2d96a2c557c7,honeybee
c48142ff-3c83-4aeb-afdc-e2281cec3f1c,Marlboro Rojo
,ME JALO
,Tuyo (Narcos Theme) - A Netflix Original Series Soundtrack
,Tuyo (Narcos Theme) [Extended Version] - A Netflix Original Series Soundtrack
,Say Hello
,Iceberg
e54b12cc-f345-4c79-b783-506edc3f6398,Perfect Mistake
9f6d7e3f-9ef6-47b9-a46b-8f36eb5f1470,Kyoto
836fe9fa-5f4b-407f-92ff-abeb476ec39b,Fractal
019e0fbf-888f-41f2-af68-d898d125c41a,Turning Tables
0904ad6d-0a63-467d-b285-9be318ba7ded,Ain't No Grave
1de149c9-1f2d-491e-b628-6dde34e13b62,the cure
,Relógio
,De Love
,Esquadrilha da Fumaça
,Deixa Escondido - Sarra no Pentão - Acoustic
86ab0727-2be6-4002-b829-5159c81eff12,Mil Maneiras
ff53e7c3-f3bf-43dd-b1fc-4f9798eaad02,SPIT IN MY FACE!
25d3b449-c28e-47f3-91e4-b2dc23d90da6,Coração De Gelo
,Amor Vem Cá
30f5ee02-d33c-4141-b076-e530d6974661,Yes I'm Changing
5962f759-b9fe-460c-8802-20e60debbcf1,Naughty Girl
470077bc-3f88-4613-aa4c-ee2fb9bca3d9,Treasure
26679d87-1c8c-4949-a6f7-d03d069d3d51,Wonderwall - Remastered
796de46b-3924-44dc-a724-297f1506ec4e,Irreplaceable
ade64ea2-2d53-4277-b94e-6f0c9f03b0ed,"Take Me Home, Country Roads"
,Maneater
,Fergalicious
,Venho do Bairro da Azenha
,Só Quero Ver
,No Piscar dos Olhos
2f67859c-7644-398d-abd4-1cb393531e84,a vida é desafio
ca8ae0e5-136f-3d89-947f-ab96bbf315d4,Fire Fly
4a403575-fb56-4a9a-a8d8-9f080e808de0,Sugar On My Tongue
7bb16e51-205f-42e0-bc76-9ca7b3ab7f22,Baby By Me
2c2edc8a-9ae2-4fce-8a6f-913656f3e521,Because of You
,So Sick
b722a142-777d-3749-b457-4fcc669d9e4a,Jesus Chorou
,Não Desista Agora
,Anos Luz
5cb96926-7cfe-354c-86ff-eb3167c0aadc,Estilo Cachorro
,Cartier Santos Dumont
,Reduto de Malandro
224b544c-3134-4f41-b127-3340452d08c8,Nangs
cd06c484-9319-4376-a104-504871e19756,The Chain - 2004 Remaster
,Comfortably Numb
8a012c71-1e46-4595-ba0a-b323c46191e7,MORAL
66624d01-7c89-4aa2-890d-d671e879c690,Everybody Dies
1d1ad02a-c744-3334-a4a7-7b1b37e1560d,Never Told
,I. Pink Toes
7d73a5df-f7b6-4843-ad24-eeabac8cef55,Pretty Little Birds (feat. Isaiah Rashad)
,BUSY
2573e363-b725-421a-8ec2-e2f54c96ca88,II. Shadows
,fivethirty (BONUS)
37763b76-0d0c-48fc-8df5-12e37eda4684,Interlude
52b0eef1-fd36-4ee6-a725-f914ec8b1701,I. Flight of the Navigator
,THE MANNINGS
1d3327e2-a345-454b-824b-cd4168e4ff8f,Baby Boy
1851c816-c850-41e4-84ef-62475ab1d9aa,Be Free
0484c070-4dd6-41a3-bd6c-89d9077ba728,Breakdown
a414950b-fa05-4ac5-b120-fa43e909f2d2,Nobody's Perfect
2ad60826-3b66-4003-a815-e16c3215c65d,Chaining Day
,Once an Addict - Interlude
6dda5d01-8eed-450e-a180-bb4599008a25,Denver
,Glock Six - Bonus
680e7246-2ffc-4313-afdf-09fcfb623745,Disconnect
8bd2f170-0fe7-4526-bebd-26ce6d055d1e,What Kind of Love
5a8096e3-ee9f-4ea0-9854-58f5c61e810b,Luving U
,No Cares
,Warm Winds (feat. Isaiah Rashad)
105c3ad3-3411-465b-9ceb-5412fb7f67f7,BRACKETS
,No One Noticed (Extended English)
,Mrs Magic (Strings Version)
11c4fcb2-efd8-4e44-b803-865adcfbfe70,Nervous
38661c90-98d5-4b79-93e6-fcd265d80202,You Are the Right One
089d49aa-cad5-4a62-ac54-5d8c89654be2,Love/Paranoia
,No One Noticed (Extended Spanish)
d79a255b-7063-48b5-8ddb-8bc7225faeaa,back to friends
8a1ed345-5f50-3e5b-987b-9d8848e76643,Suffocation
a0b54158-9200-41d2-91aa-c76bb86fe320,Without You
1af8a3da-7b8e-4be6-87ef-801c7027005d,Learn Ya
,Receipts
,The Cut Off (feat. kiLL edward)
46b018e7-fdec-4273-89be-1ed17cae292e,20201203
,Transição (Mensagem)
,Boomzim
,Chefe do Crime Perfeito
31f216f0-cbfa-4d33-8b47-851c83fa8bc8,Rap é Compromisso
,Cheiro do Verde
4a84c6e2-13b3-4563-8366-b7219cf12660,Homem na Estrada
,Contorno
,Rbn
,Malandro Demais Vira Bicho
,Cega Eles Vovó
91517c92-3108-44ce-978a-983068492111,Isso Que é Vida
,mun rá
,Zona Sul
10bcc1b2-5066-4e44-b59f-61cd8774895f,Os Deuses Me Chamam
0ec3df51-b888-4bf4-b9aa-05c204b45d08,A Ronda
,Dutumob
ec5e5f50-5c49-448d-b045-aedf09b6a3d4,VVZ
,Night Drive
7b244b2a-3097-4276-8ce3-06920c1afa44,Norman fucking Rockwell
,LIE / LOSE YOU
,DEEP IN THE WATER
fbc5edca-89e2-4ae6-908e-99342eff48de,Ordinary Life
026d7080-a7f1-3395-bda9-d3cc678d2ff6,Vanished
004a9ec9-f8a3-3e0a-8596-b765f8f21250,Back To The Topic
,BACKSTREETS (FEAT. TEEZO TOUCHDOWN)
,R.I.P. SCREW
,WHAT U NEED
,Euphoria (feat. Travis Scott & Kaash Paige)
2f17d632-2511-482a-aff6-08c0459bffac,Never Catch Me
c44742a1-ef4a-4493-84d6-969ef837d125,No Pole
f2c1ef66-a862-4570-87c5-c9110beb51bb,sdp interlude
,Loner At Sunset
4f11bf62-3c81-4492-b3e7-d546c5a03125,The Moment
c4ac2e4f-78d2-4e63-8974-6174e78eae88,Acting Like
0ec3d9e8-f152-4438-944f-6235f8eb0732,Past Life
25793cfc-847e-48d1-85e6-729112fc59a8,Guilt Trip
1f61fabf-975f-47cf-9bd5-383b2071640c,Touch
06db5a90-c751-436e-ab14-0947fb523c00,Watching Him Fade Away
35549e3f-bf88-4253-b705-a9d583014206,100
b35f707a-f06d-47a1-bf34-51f60cbac473,K.
05e6fd40-bd6f-46c8-8470-e791cfbbecd8,Fireside
533d0203-d6d5-4c5f-94f0-754b6a6fbbb9,Heavy
b5c7540d-41fe-4d90-9a48-7400ff491950,You and I
063a22f7-9ada-4090-b570-6608f03e02c5,Opera House
18c2388f-1bc9-404a-bf2f-2c3c844c1d6e,Pretty Boy
12a97bf7-ef17-4319-8bc5-0bf180d5eca6,Something Good
3c95fd44-e06d-432c-ab47-44599dddde2d,Over the Moon
00da0fd4-5f59-4baf-9084-318932e92d30,Taro
d13a634b-9f69-4256-9415-b7e95aac101d,No One Noticed
81060707-b9be-4fed-9793-883dd500f2e8,Snap Out of It
e325d5a5-a50c-4e54-9cbd-fb6ff01b5615,20191009 I Like Her
babe3199-1997-4b8f-80fb-a5a780c385da,20180702 2
064eaba7-50b3-40f6-a86c-5b611ebeb878,Come a Little Closer
f3db7473-3a61-4053-a7ce-a8fe29dbe5fa,Sienna
,Exit Music (for a Film)
,hakuna matata
,Dance with me
,The Great Gig in the Sky
,Estouração Automotiva
,Braba No Chá
,Mãe Solteira
,Slow Down
,Rainha da Pista
43f4419c-2c8c-485b-8c7a-42246c5edf5f,In My Feelings
687ef958-b06a-405d-ae40-f15c098e3797,Iron Man - 2009 Remaster
bdc3e2cb-0e40-4697-9b89-22eacbc851fb,Take My Breath
c7d8bf1f-1fd5-4756-9495-47bfd0da20fe,Don’t Break My Heart
4e4f1529-f8ea-329a-af8c-c9a0ded67ec9,Maybe Tomorrow
0e0eb674-7c6e-4e31-92f9-3a36e3524da3,Each Time You Fall in Love
0453b77d-e358-49bc-b5c6-c6e1ad4851e5,I Couldn't Love You More
35cca4de-c967-44e5-ac83-092e0c7f686e,For Emma
8c3b2182-dc36-420b-9e6a-51132af20e23,Always in My Head
00d5bacd-0766-4865-b838-3fb9a0e37303,Cupid's Chokehold / Breakfast In America - Radio Mix
,Ass Back Home (feat. Neon Hitch)
cd7c3d76-ba85-4990-95ff-0af348644586,Cupid's Chokehold / Breakfast in America
4855bc5d-4b6b-4043-83b8-3fb42f070761,Cherish the Day
f1f6eb66-b330-4427-9ded-369f1beafaca,Hometown Glory
3d81de07-519f-4e4d-a485-e1bdf5fcf5a3,From the Dining Table
a847bc14-7d8e-4009-ae3c-e7b60ecc71d3,Apocalypse
1172abe1-5509-4e89-baf1-aec3063760f0,Changes
,Paranoia
,Love You Anyway
,Like We Wrote
480ee987-101e-41d0-a14f-8b0b26db7589,House of Cards
21271291-78fb-4804-baa0-5ba2c25eccd1,Luna - 2011 Remaster
570e8a71-1290-31af-9d4a-029d2d0f69c5,Blood On My Hands
df7f1430-37e8-415a-860d-ecdb446755cc,Famous
17f114cb-e48a-4d93-9870-6a2553735331,Feels Like Summer
d391a0f1-123a-4717-917a-a82d41f005b9,All I Really Want Is You
678359f6-1ac4-456f-abda-0535381e1041,Shades of Cool
107a681c-b9f9-4fc7-93ea-1c6f0d6e3284,Love Is a Laserquest
,Birthday Suit
,Hold Out
453450ba-e8f4-4e8f-99e7-59183f027e3f,Fall Back
,Lift Me Up
,Come Outside
,Pessimist
,Purple - Lost Tapes 2022
,Higher Low
fe0c37a4-65b7-4d31-a69c-94604021bf33,Name My Price
78e00040-d869-4759-992d-7c7b794f82fa,Here's Where the Story Ends
4058dea6-9dcd-3e0b-889c-3380a28a443a,Lazuli
bb2aad87-f354-4d92-ad3f-7498973f1570,Roseblood
,Let It All Work Out
,deep in it
78dff24c-7d8c-4cc3-a024-9d3b3364faea,The Sweetest Taboo
211e6e05-dab1-438e-9700-04334a1b940b,Seems Like
07ee756f-27dd-4c93-b3c0-808bef05dbc8,Meet Me in the Hallway
cbc98297-e6e7-4e77-a531-0ce5e1fd1d0b,Nothing's Gonna Hurt You Baby
6a6ac233-e278-434c-b29f-604601d56d9e,"Quiet, The Winter Harbor"
342901ec-92e9-4eb5-8fce-547108643d25,Want You
424513b1-473c-4f90-81f8-06e23f99178f,Wat's Wrong (feat. Zacari & Kendrick Lamar)
,Drunk in Love (feat. JAY Z)
,Churchill Downs (feat. Drake)
df56fa49-de03-4157-8f60-343b70f48df8,Run to the Hills - 2015 Remaster
059a7d04-a424-4f88-9d06-c915ad1e3647,Fear of the Dark - 2015 remaster
8f13d546-0cc6-4d8b-8d3a-27805f3ca264,The Trooper - 2015 remaster
3b547b4a-d43d-3aa5-8a43-b4f4adcc672a,Lift
,Brain Damage
92076b53-12be-4c22-a3e5-bff35f73f3c9,Dealer
9120d8e8-a2a4-43e4-97ea-2adfbb8df12c,Do Me a Favour
661e5275-3c32-42c1-a45e-5b20e7a0e9eb,Heaven Knows I'm Miserable Now - 2011 Remaster
f9970c18-608b-48e3-b260-59cab7cc0051,The Girl from Ipanema
64565c48-9593-4a4a-ae64-23c68e93c5fd,Stand by Me
7dc12acf-f4ad-4717-bf91-9f535edf10d5,That's Life
26ec855e-2a90-36dc-afc0-595a5732055a,My Funny Valentine
94dac83c-966b-4622-b24b-4568341c2dfe,Be My Baby
63ddfa75-56c3-36c4-85d6-fcb6f0cd99cb,Let's Stay Together
017a8b6a-a714-41d1-9b77-f32e974a613e,Drinking Again
,The House of the Rising Sun
,She's Always a Woman
248cc9d1-97ea-493e-84d4-4c5ec718683b,Dreams - 2004 Remaster
,Strangers in the Night
79c665f2-293f-3baf-baf3-714697a0f19a,How Can You Mend a Broken Heart
f55b1127-2272-4228-a696-8e0536890104,I Could Die for You
37e5f882-8368-48b5-a92b-92080f8ab6cb,Sugar for the Pill
548a20fe-ec94-45b4-96f2-473a2a784485,God Put a Smile Upon Your Face
d771c353-1ddf-4271-96f7-d36a703a3717,The Only Exception
4bf545bb-84d2-3fd9-9bde-480806ce7f23,Speed of Sound
65223e52-b792-4924-817e-6a30c32aafcb,All My Love - Remaster
c7b621be-68bb-4061-9c35-30b177f0eb67,I Can't Quit You Baby - 1990 Remaster
,Bleed the Freak
59c38d35-c430-4945-bbe8-255c8da6c833,Even Flow
c79facae-98d4-4a99-ab79-64c2cf7ddae7,Man in the Box
88a9d5a4-669e-41fe-8b63-a2580b9098a6,Changes - 2009 Remaster
b0b9e9c1-a234-42db-a2b6-d0d576bf525d,Would? (2022 remaster)
3ffc3806-100b-454b-9f69-033a41b1db87,A Ilha
,Desenho de Deus (feat. Armandinho) - Natiruts Reggae Brasil - Ao Vivo
,Reviso Meus Planos - Ao Vivo Em São Paulo
132c5e55-d91f-3aa3-8a21-d00856f2557c,Casinha
0e82e21e-88c1-4d6c-978a-7d1ecca213d9,Desenho De Deus
0b0c5954-199f-4e0f-9952-a4358354aa0f,Lua Cheia
2cc9cc29-4953-3ff5-b46b-a6662edebabe,Pescador
3ae6b25d-e57e-4775-a6c4-0c6239b4b532,Sol Loiro
5856e18d-6ff6-4f13-9380-22892c6cc110,Analua
6d063d63-0301-482b-bf55-9416587928c3,Tobacco Sunburst
bc1e47c4-ac3d-4f30-9378-2e9c893f6a2a,Linger - Acoustic Version
3f951ace-9388-4af7-b4e5-288eb7f750d1,Landslide
109e5354-7934-4fdf-8de1-119eeda8ec3c,Conversa de Botas Batidas
08a7902a-752d-4058-b6f6-eb12da0867ee,O Pouco Que Sobrou
05fcb142-be7b-3d5d-9391-b54f8f925933,aLÉm do que se vê
,Uptown Girl
,Bad (feat. Rihanna) - Remix
,A Boa
8ea49834-8ac7-3c2e-96a6-93cc0dc6c51f,Friday Night Lights
,Caipirinha Convos
484358d8-b74c-44f7-9b41-2a22194f5c07,Everything Mayjor Pt. 2
,MR. ROMANCE
6d99f958-e18a-41ae-a7f7-cdd1eb452add,Welcome
c8d4b842-7acd-4ada-9efc-0a038f31546e,Farewell
69318c94-dc9c-3fe7-8827-e83504fbad22,See World
39fc3b0e-fc54-30ca-bf9b-45fd38707e7d,Love Me Not
9ca82184-fdb5-4b85-9243-bc74f35a1d5e,Home For The Holidays
de0b0c19-ca21-4bf9-ba83-386418d5189b,Rosa Norte
9ac4cde1-1f6c-42ed-9625-1be36b5605ee,Premeditated Murder
5c096b69-b323-388b-9a36-c053a0854c1e,Cost Me A Lot
,Best Friend - Friday Night Lights
cb90f425-6669-3e96-82e1-591434f75957,The Autograph
6dbbd4ea-61f9-48ab-b2d8-cdaf3ca2e12c,2Face
,In the Morning (feat. Drake)
a0917285-5237-3284-b5e9-8e788f111cc7,Blow Up
,Enchanted (feat. Omen)
,You Got It (feat. Wale)
4d36be2a-daad-4678-9425-11c8949f6a44,Auto-Reverse
3da0513d-f86c-4c38-9a74-a7be7054929a,O Que Sobrou Do Céu
33fe2941-763a-3c54-a555-3a5ede09cdae,Amado
b7e7cfa2-453d-4d97-9b8d-af6c7f06c2a1,Pra Você
0ba19fef-b8a7-3b2e-9266-3f3433e8aa88,Vapor Barato
22692d18-e4b1-30ae-8c81-b38ff17bf7c4,Disritmia
0366a0ab-6b9a-312f-a135-4650bf2ae550,Minha Alma (A Paz Que Eu Não Quero)
0863d01b-5567-4a93-bb35-acfed4edfc76,Várias Queixas
,Trying Too Hard (Lullaby)
e9dccdb5-0835-4162-9c3b-bb3ceaaa8798,Bells Ring
11d4e476-735c-4506-a4e3-a8a35ce7888d,Slomo
66b7ebdb-9c48-48b3-859c-7602102a5c08,D>E>A>T>H>M>E>T>A>L
520e2ef1-3775-4c54-a41b-3df1762141d0,Take Everything
,Flew
,Darkness
50eae6b2-4940-4e50-a618-0255787554ce,White Dress
,Zuar e Beber - Ao Vivo
5060882c-3895-40aa-8f2c-e09aa86f386b,Everything I Am
,m y . l i f e (with 21 Savage & Morray)
0f5019b3-087f-4c32-a025-bcd56cbba64e,Freaking Out the Neighborhood
c83faa6a-8407-4d6f-91f3-67a49699b4ca,Garden Shed (feat. Estelle)
0673045d-b838-4500-8414-df78ca749887,I DON'T LOVE YOU ANYMORE
,Ilusão
74b9b82e-a71d-4ee7-977b-82c94751e654,august
,Is it a Crime?
5aa18d8a-d75e-4c53-afe7-86b846f9f243,Nothing Without You
,WE STILL DON'T TRUST YOU
38ed9f57-fc8d-4953-87d2-4b3c72095718,MORTAL KOMBAT
,Crisis Evasion
,Secrets [Gxnxvs Remix] (feat. the Weeknd)
bcec4d52-07d9-4e0d-8324-c179eb355534,silver sable
,Real Life
,BLESSING
,Alone
,LoveHate Thing (feat. Sam Dew)
026db0b6-cf20-4b3e-8641-eb0512082869,Like a Stone
050c237c-56d6-448d-b090-e4f6b365d5a8,Kicking Cars
1304095a-d342-39da-984e-4a639cb2302d,Futile Devices
e7a6c516-55ee-4b21-add0-2104c2c59dc0,Unloveable - 2017 Master
0045b4a1-3fa4-470b-b1ac-63e8d039a775,I've Been Bored
410fe0c8-56e7-4941-a496-2f5b3c022904,India Rubber
729706f2-84f4-4327-ae94-4867f648ecb5,Girl of the Year
da3f6cab-f758-44b5-9ba4-726977508f69,Give You My Lovin
f9e1cacf-0e4f-4ab1-be3c-02d081bcfb24,This Night Has Opened My Eyes - 2011 Remaster
1b45e08e-0996-4fc5-b7bd-3ba774c0b34f,Leach
2bdfbee3-5ab0-4728-855d-86fd86d6c074,Goodbye
e81a42fe-4c95-4e8d-978c-c582f5451cb9,Be My Angel
,Anjos (Pra Quem Tem Fé)
04c4c6b7-28c8-379e-abf4-b2c4611e3a7b,Open Your Eyes
,Everything Changes (Feat. Falcão)
6adc752b-b8ed-4bb0-b44c-d5616c9f4c0d,Losing My Mind
03d4fc51-ad5f-47cc-8d24-3c225ba809c3,Don't Cry (Original)
26cd80b4-93a7-4b0d-b7d1-08cfbbeca66f,Wildflower
0167cd7a-b92c-3588-909e-4f621fd9657e,Alison
af6a6406-6289-4e4b-bf17-18b98bb6cf61,Evidence Of Life
6ea77687-5784-40be-80ca-41b6aa12efed,Picture Of You (X+W)
,New Year's Day
587f649f-1da2-4807-9a44-46a3eae5c627,Sweetest Thing
,Stuck in a Moment You Can't Get Out Of
,Where The Streets Have No Name - Remastered
947ed8a2-e8fb-4993-8cba-0f0d89a43a83,Pride (In The Name Of Love) - Remastered 2009
2420d0e4-1ace-42b6-abcf-0bf3315c4e35,Sunday Bloody Sunday - Remastered 2008
,Beautiful Day
,One
5ff102f1-8d9c-3471-9589-37b9e37ba55b,I Still Haven't Found What I'm Looking For
8ec01cf4-ef37-4cbd-88cf-238d45379c25,Poison's Gone
,Where's My Love - Acoustic
5c17e90e-ce0c-449c-b27b-7841c47f00cf,Wait for Me
365171e6-34e2-47cf-bd34-ca4194a8f643,Mystery of Love
,She Will Be Loved
,Alors on danse
17351981-deb8-4fe6-8aab-6f4c781c083b,Indigo Night
,Morphosis
52f2a38b-4ef6-45ed-9699-50285f5db125,Fear of the Water
,Indigo Night - Live At Ancienne Belgique
d1a98ccf-d874-47a1-87d3-e0d1b2791d94,Breath Of Roma
0f51e80d-1c52-40e2-b83e-34114657ddc1,YaYaYa
,Burning in Paris
02d7110f-45f7-42a7-a4b3-50ae34373058,Habibi
,OMG (feat. will.i.am)
56f2088f-8b74-4352-b790-b6859a0ce2e7,Sexy Bitch (feat. Akon)
,Only Girl (In the World)
ca943b34-ce89-431c-9cb6-579900e03fee,Locked Out of Heaven
cb62500d-dae2-4eaf-8489-42b6f140203a,Stereo Love
2c007240-e4dc-4fbe-8424-4d9c4ea192cd,Memories (feat. Kid Cudi)
,Blame (feat. John Newman)
,Without You (feat. Usher)
8ca55217-09e5-4bdd-a3eb-2f47b113cb8c,What More Can I Say
,Melhor Só
36a25812-885d-4e8f-bcfc-583154109941,Novo Balanço
6ac63d5f-4a07-47aa-8efa-572df54e34f4,I Don't Owe You Anything - 2011 Remaster
,Lost Highway - Studio Outtake - 1993
01e471f2-0f1f-4187-bc97-48c05dd54b1f,Living Legend
5b4c9d77-e261-4f72-bc23-1027b004d874,Back to the Old House - John Peel Session 14/09/83
28361669-119b-4600-b055-911121c7609b,Tomorrow Never Came (feat. Sean Ono Lennon)
,My Dream - 2013 Remaster
,Rhiannon
cb85b719-144e-4bf8-8bee-c5fa57ee30b1,Still Beating
0bb6ee81-d8fb-4fe0-b94c-e2c62ed5e7b2,Weight of Love
7f6485e8-4259-410f-bd43-aac9a0c96466,Cara Estranho
7e33f93d-f065-47c5-b817-8bd90599210d,Intervals
,Selvagem
7b69d237-c735-4328-8d10-441edfb979ba,TEMPORAL
,Discreto
9a87caff-e607-3dc0-bceb-6b4ca14ec778,I Need You
a5f9553c-b65e-44a5-8a17-301a026eb487,Simple Man - 2005 Remaster
449b6c10-9dae-4b6a-9af7-27a31507393a,There Is a Light That Never Goes Out - 2011 Remaster
,K-POP
,Superficial
7292c04a-0b89-49f7-a31d-e1c4b72c4fb6,Hurt
aa68091b-f694-4dd6-8518-7e34fca1991e,expectations
ed2451e3-7de2-43c6-8f8e-db4d61126c33,Meridian
,Soon You'll Be Gone - Vocal Mix
7a2e3d53-bfae-43f2-a05a-47088fcc725f,Maelstrom
,Voice Of Silence - Edit
,Twisted
,Kaleidoscope Colours
,The Chase - Rebūke Remix
739cb055-d0e4-44f6-bff3-e7651f9a3c57,X&Y
b78e7df8-0617-470e-acbf-8e6fdf92aee2,Who Said
6ba2073e-2771-4a23-a9a0-3203719a5d6d,Anointed
6a432b82-c037-412e-8628-7f4a7a748f03,Blame U
f2315b4e-0fc9-4aa5-a42a-46b577acce0c,...The Make Up
ede5ff1c-9729-4fcf-a41a-c4e64c955c6c,"Fill the Void (with Lily Rose Depp, Ramsey)"
d2727f2b-c4a9-480e-8b35-789809307342,Like Spinning Plates
,This Version Of You - Joseph Ray Remix
,Believe
,Soon You'll Be Gone
601670a4-eb06-4e84-a413-1d71c7561cfe,Delirious
,Ran To Atlanta (feat. Future & Molly Santana)
12e78a20-94ea-4ca6-8413-6ba1924408d2,c l o s e
,Licor 43
216c08b0-669f-4995-88e3-5ffa4dd0ac7f,Come With Me
,Bicho Solto
753a3027-b04b-4202-8b4c-3aaaf1ff8e18,So High
736f12bf-d706-300d-b9a3-cac7935f00a5,I Want Someone Badly
,Visita
,Eis Me Aqui
,Concreto e Aço
,Maldito Papel
,Maturidade
785a8cad-c915-4799-8d8d-18545f3c2918,Diamonds
2749000d-cbaa-475d-ba75-6f1c0d792798,RUNNING OUT OF TIME
02759141-ff8b-414b-94fc-d942a897cbf8,I THINK
,Jackie B
,Gorah
5246f5ee-96a6-466f-864c-9b47fa3276a0,Worlds Apart
,It's Not Right - Radio Edit
,Hit the Ground
10eec724-45dd-4cfa-930c-c28c07c0485d,How Deep Is Your Love
4fbc892e-fe69-4364-a5c6-9f4655fae08a,Your Body
,Shades Of Love
,tony soprano.
e819f757-031d-44c9-ac39-c55f442d57ec,20180816
ed6f95ba-82d3-4c51-8f81-4494d00f4b69,20180702
71ea2222-ad0c-46ff-acb4-c650e3760de7,20180701
37162551-7f23-417a-b491-933bad360274,20180529
2534f6b2-7d82-4889-8c94-298571624c46,20180512
076116f8-833e-4e7f-b026-5e2f94044c46,No Other Heart
,"G, Myself, And I"
fd715e61-9ece-4d7d-a318-95b85c1ca6fd,Simple Man
,Dream Uh U
,GARDENING
e2d6988b-8f4d-4587-af12-eaf66d9de1e1,Sonder Son (Interlude)
e2f35e0b-21f6-432a-9f9c-13cb372b3bfa,RUSSIAN ROULETTE(I ADORE U)
732d431b-c433-47b9-9689-57e88800d5e7,THE NOTEBOOK
,From Chi To Saint Mary
a25b6908-e2f9-4b5b-becb-b14ea795c4ec,Invite Me
d36fefd7-4c20-4d8c-b2a0-9e69d01368f9,ROSE IN THE WINTER
eba98961-f0fe-4a79-ae6e-8edc369c792f,Money Power Glory
18d9f9ba-fa70-4944-a866-b4885aecff5c,Mandraka
9ea918a7-4433-4a77-8eaa-12b3801b66e5,Luxo No Morro
f76b5bda-16e4-4b59-8abc-18d31a0101e8,Tuesday's Gone
77155309-f974-4e40-bfad-4c566d6d9b94,Waiting for a Girl Like You
,Nós
,November Rain
,Vejo
,Decode - Twilight Soundtrack Version
2d0045da-00ed-4f91-b7ac-1326223c45cc,One Day
f6c798fb-43fb-4259-a95e-e399142659e1,Please Please Please Let Me Get What I Want - 2005 Remaster
,Gorgeous (feat. Naila)
,Terapia
f1f8636b-b032-41a3-bc2a-15d006440020,Chapa Quente
8af67b29-c2ab-3048-8c36-442cba2e3ab9,Sweet Dreams
027e3e7e-fe14-45ff-a8f3-51049dd8db16,Crazy in Love (feat. JAY-Z)
,Buy U A Drank (Shawty Snappin') (feat. Yung Joc)
,Rock Your Body
56c5e58b-c62b-4d86-bc75-f1501fd2f98f,End of Summer
375c0aec-0301-4a9e-878e-68537236d592,Russian Roulette
0f835145-feea-4294-9d6d-a7cccb0792d5,If You Lie Down with Me
01f7e40f-e963-31b7-9dbd-567460e866fd,On The Hunt
,Glory Box
03e55355-6d3f-3819-8ad2-6a02be5aeb5a,Non-Believer
85c4d9d5-c600-4299-81bc-2fd8a1295110,It Makes You Forget (Itgehane)
8b0fb5c2-d075-4ba8-bfea-6bfc4ba30a2f,Back Down South
162f9a2b-9627-331b-abf9-c5cdfa472cbe,Thrown Down
8667faed-04d3-3ec1-bf44-17c323a67223,Don't You Remember
107cebc0-9e85-40da-bbdf-fb17997cd598,Melt My Heart to Stone
e03514a9-2481-4daa-9ec2-0f859fb9e1e0,The Heart Wants What It Wants
4925f4dd-5135-4acb-a636-ce704c6b497f,What Is It About Men
031559d6-bfd2-4501-b5c5-4c90fd32c14c,You're All I Want
0c88eebe-9ad0-3742-9dc2-0f028a39d601,Life Will Go On
101d6316-97d7-44f5-b100-f6eaebeabf44,Cry
93a562a5-931b-4871-891c-89e2f4755ac5,Keep On Loving You
5b61879d-aeb0-4846-ab6a-b8e16e37ccce,Fashion Killa
15117469-a39b-4e13-abf7-749c6da290af,One and Only
,Wish I Never Met You
a53a5ee5-0382-4e40-80a9-93afd133d0b0,WY@
349bee6f-b364-4a00-b5c0-5277161caaf6,I'll Take Care of You (feat. Yebba)
83f4ab28-f069-4fe7-8071-41ab81e138c3,Doo Wop (That Thing)
74e7d8f2-c95f-470e-95ae-939b28fe14c5,Brutally
34f2fea6-7e73-4939-ab96-f45f072a8b54,Pistol
0ad4e5dc-7441-4048-a6f0-3a4d8a7150db,Only
00c42643-3aa9-4a4f-ac96-49375acf11bb,Let Me Love You Like a Woman
28c4eeb1-8644-4b15-bfd0-b2d7b3cffe05,Nothing Can Come Between Us
02f482c2-f03e-4e22-9b03-7b672f8f85b0,Bravado
b3cf13e8-4c58-4058-8794-12bb136dc12c,Formula
4f8fd3f9-b91d-40c9-b215-8f83aaa0611e,Jumpsuit
b5445d44-0fe4-4cc0-b1de-ad9d1bba4bd6,Glory and Gore
f0e68b2b-b6cd-4bce-9ea7-f4cb4d77f045,Same Old Song (S.O.S. Part 1)
a57e8f9d-6691-47ed-a87c-fcbb7496e804,Polarize
,Silver Eyes (feat. the Neighbourhood)
38d48923-c99c-42be-9d1e-17e9210c4115,My Blood
68a5beec-1145-4225-a0ec-d6a22353827a,Why'd You Only Call Me When You're High?
345025f8-ea2f-47a5-b9e0-f753a622005a,WHEN I WAS OLDER - Music Inspired By The Film ROMA
23e30794-6424-427c-8e70-5a6d9dda6dff,A World Alone
,"If Young Metro Don’t Trust You, I’m Gon’ Shoot You"
23dfa0b0-6a4b-410e-8100-d3a3c531328a,Do Not Disturb
,PMW (All I Really Need) (feat. ScHoolboy Q)
18f0ac2b-2b7e-4db1-86c1-35b061877fcb,Keep Doing What You're Doing
19e1d339-1970-4c93-9c84-ea2e6d0f8c22,LASERS
540d5d28-1c1a-4158-9eaf-bc2c298f5d69,Ex Calling
00174935-c076-4b05-96d9-121258957fc0,RIP Young
3e9662f8-35ce-4596-bbc0-97049ee1a436,Can't Have Everything
04a7c318-2c57-4000-806d-fcb459cf53ef,Pipe Down
cf997d95-e39c-453d-8102-da1a69487217,Ready
93619c3c-2087-4b8c-beac-42e8b91bf38e,Don't You Worry Baby (feat. Madison McFerrin)
ccfdd180-22e1-49b9-bd81-b5fcf2c6474e,Stairway to Heaven - Remaster
9334014c-c973-4d2c-84e5-bbbf43b809e9,My Love
14facf11-020f-44c4-9d7d-144118fd33f8,Gorilla Roxo
,3 Dias Virado
,400K
092f300a-43cc-4565-bd4b-41ff951d88f5,Me Deixa
,Here
7c09f165-7fe8-4d40-b4b3-d7e470319d79,Eventually
3e7b2c1f-a7e8-4109-b780-6cd43cd42483,Music to Watch Boys To
1084c73f-573c-3580-801d-507b071e5906,Daylight
b69b2713-2d6a-4a8c-9a16-530c951b625b,Twenty One
035656a1-f248-4168-96d6-537ce6c56db0,Poema
6d8b349c-d28f-4750-8d81-4e9d739126c3,Love Love
,É Você - 2004 Digital Remaster
457851c2-5633-30ca-ad83-824fa39446ca,Não Sei Dançar
03510dcb-0a80-4aac-ac11-baf75dddfd17,MELTDOWN (feat. Drake)
86f443aa-8f6a-4d40-8be3-816bed183bf0,SIRENS
d571741e-d17f-4935-be14-7699bd1c42ab,GOD'S COUNTRY
50352d66-a80b-41b5-8d32-7b7a3ee9c373,MODERN JAM (feat. Teezo Touchdown)
bc8db1f5-66aa-4cee-bb93-e6dda033aaf5,HYAENA
1c0de4f6-96b1-4198-b925-1ff3447a9c67,Charcoal Baby
3d70bbfb-40d1-4844-b508-9f088b6d4edb,Recovery
118cdc05-ea5a-45d1-9da2-bb3242cdd5ac,Hold Tight
c02173fe-dc1a-4705-a738-c0234da16f65,Quiet Nights of Quiet Stars (Corcovado)
f0edb471-b6ad-3374-9eb0-a1d5032c91d0,I Only Have Eyes for You
,We Belong Together
9ccb9d08-97fb-404b-8d2d-de6bb41146d4,Músicas de amor nunca mais
b4265baa-35d3-4bf2-b3ad-18bd5d002f33,YUKON
04d273fe-0fcf-4a27-9fc3-aae909d17219,Fly Me to the Moon (In Other Words)
,How I Made My Millions - Remastered
8bbc25de-39ee-4a23-af0b-3c5c36c36584,Last Flowers
c82adf13-7a60-4ac3-b473-92e2460641df,Setting Sun
,im so happy
70b3752f-f393-40cd-9212-14d8a9ad4f46,Groupie Love (feat. A$AP Rocky)
002aa669-7b0c-471c-b964-0963ed8967a8,Sweet
5bf7eb75-de63-4d92-b2ca-c0b436074b2e,48 Laws
14c3952d-689e-4344-bd3e-02856e83c665,Work
5406b222-c02b-475d-929e-34676e4d652a,Zero
b1b25588-1b68-4029-bcd4-315e8ac5ef84,Ben
1b59ae45-f292-423b-a0cf-43dcea6ec1f6,Nossa Canção
0383608e-70ed-30f7-b8b7-dc7fd96e8dc9,Dance Little Liar
744973d6-69d9-4e55-a320-dae7c9b1c57f,Cardigan
474c51a7-6dd8-4be4-95ef-4b40817e7db5,Let Go
083b5140-098e-4db0-8faf-d9236bd18bf0,CONTEST
d2be836d-f482-4b68-b05b-c890a6817560,VELOUR
324488c0-17c1-4e2b-9a2c-0f2e467e4965,MM3
5c577781-b889-4b14-9f05-f6f7c6baef42,DUMBO
e8e67e23-37a1-412b-847a-a4d5def681d8,KICK OUT
f757dcb7-da21-4f3b-99a3-8c8f605eeded,2000 EXCURSION
7536cfb8-f62c-4991-950d-9e704fde20bf,CHAMPAIN & VACAY
,Final Hour
,Superstar
,To Zion (feat. Carlos Santana)
,Nothing Else Matters - Remastered 2021
4ab03828-58b1-47f6-957f-012cdfcd922f,"Another Brick in the Wall, Pt. 2"
b79ab746-3502-4536-93c1-9b24affa7617,Another Day in Paradise - 2016 Remaster
,Wind of Change
e356a034-f31d-436d-a6f5-fb0a15249add,SKITZO (feat. Young Thug)
7531c3ec-e2e0-48d6-83b4-eeb240dc88d9,Can't Tell Me Nothing
,Não Fosse Tão Tarde
c7b5a163-d1cb-4f4c-b2a9-f1de415ac8be,Summer Sweat
6bc1fc12-5b57-4478-9342-dc027d876b57,undressed
29200da9-0de4-3fd9-8b8d-090cb0058780,Serpentskirt
fd9b10d2-f464-35ef-a29f-7e8eea7db1d0,Rosemary
4a0a8e34-ca3e-45da-9054-cf8e6b8a1103,Sour Times
,No Flockin'
,peter pan.
,DENTRO DA HILUX
5468e506-72f5-4d9e-aaf2-c411f4b8e93a,ILMB
,Beauty and a Beat
,I Don’t Wanna Live Forever (Fifty Shades Darker)
0ca3afb6-0bd5-4d65-b976-98e74ff3fdb0,No. 1 Party Anthem
,Habits (Stay High)
771f0e42-08f6-4570-95fa-aa4ae95d974a,Rather Be (feat. Jess Glynne)
2bbc2827-5924-435c-95a9-62c3e22d3050,Cross Your Mind
0af4f600-ce77-4efd-b954-d5184bd63ad5,Into Dust
1d611371-5fc3-3c3c-9b4d-de3c6d331873,Cherry-Coloured Funk
6e90fd1d-33ac-4679-a6ea-0dfde17974d2,Delusional
7f586f5c-2c50-4f93-947e-99c8474f6955,Dark Red
11bb6328-85a5-425c-8db3-bffe469ae057,Nobody New
173a401f-cee9-453e-a64a-f9845ae85cc7,FORGIVENESS
5528b877-588c-4b7d-9752-43380713abbb,TOO LONG
f4b6a0af-e107-4ac8-a064-90de7e3cd47a,ZUMA HOUSE
9db8fc03-dd99-4956-bcaf-ee4c8a7652df,SWAG
8660e2e9-f004-47b6-a2d7-3113ebd700fc,405
502a4d32-e704-4ac1-b615-9d085dd29850,STANDING ON BUSINESS
76b3a2fb-25a6-474b-a1d7-957fbd6bb20b,SWEET SPOT
ac6b9adc-c8db-4bcf-b2a5-47d82d5060ef,THERAPY SESSION
4786b340-7146-4689-adfa-efc156d5a065,DADZ LOVE
ea1551b9-1668-40cb-9540-0c8073413ebf,DEVOTION
364206f9-7376-4995-9211-04363923222e,GLORY VOICE MEMO
3ff4960b-11e5-4c14-99af-897543b84950,WALKING AWAY
83e1234a-6aaf-4c59-ae3c-52f8e242e5a2,SOULFUL
609a1f27-a671-46fa-92c8-92b061483888,FIRST PLACE
5ad3d930-b596-4eda-bae0-477c62ab8376,WAY IT IS
6a5b5786-bf60-4225-aac8-ec450b97797d,BUTTERFLIES
140a7d6e-0c5e-4878-a6ef-b7e9ef9c6115,THINGS YOU DO
dd5bdb21-16a7-402a-b20d-267d270224b2,GO BABY
e4e26484-77ee-4d82-8012-293c4c147254,DAISIES
13fb51a9-348d-4772-9812-72c551cfa4fb,ALL I CAN TAKE
4a2be6ff-6ba2-4732-a71b-dd3a7af0c299,One More Hour
1c8e3e41-0d90-4573-8528-e809cce46c39,Gilded Lily
2cd1e2ea-da3d-45f7-a06c-ec87a5d6b5af,Fora da Memória
046156ac-de17-324e-805b-2024af414940,Casa Pré-Fabricada
1f8b68f0-7849-47cf-961c-7cca7fbf9fcb,Show Me How
5542bb36-1be8-4ed7-abe7-282d0bee35f7,Only in My Dreams
54851908-6a29-4f68-b587-43d3354731c5,I Know You
0fab4f0d-0f57-4136-b9c6-42a72def2666,Always Forever
152b276a-8be0-4e7d-a6ef-a8033c61125b,You got time and I got money
345afeb4-50bb-4e58-ada6-570d3803bef0,I Come With Mud
4c821dfd-851c-4ef7-b4f6-ac56e9efff7f,Call Me The Breeze
2e0865f5-7ed4-4a40-aa36-c0f8ecb75c82,That Smell
bdb15f4f-495e-4081-82b5-75f889454de2,Free Bird
882f966b-806e-4e49-b198-e31e7f151b76,that way again
0fddcded-9a77-4204-a5fc-0fabef123452,Common Burn
ed19e68a-afff-42e8-8f77-42b84ff853ca,Wasted
fc22dc9c-576e-4268-842e-6708d037a56a,To Love
307211bc-b6b6-48a3-98aa-b0764c11145f,In the Kingdom
02e96fff-fafb-40a3-827a-e119ff5f29a6,Lemon Glow
1d75dcad-36f9-4234-95bd-efcab617ca7f,Stole the Night
5ce004fe-723c-4a59-a9b5-03ecf39c8f3c,'Bout It
4087af7e-d53e-4719-b0cd-9ea40a98caca,Cigarettes out the Window
,Maxwell
,200 Pies (feat. 2 Chainz)
,No Yeast (feat. Boldy James)
,Photographic Memories (feat. Earl Sweatshirt)
,Let's Drive To Vegas
,Evil Ways (feat. J. Cole)
a6cc6731-6229-4805-a375-633a718c444a,Situations
7a9a6d0b-7775-4da2-bb40-3c96696193b5,Airborne Aquarium
,Blakk Tape
,Turkish Cotton
61cc581f-dfb2-4361-b02b-f7877a456980,consofbeingthenarrator
430cd8b5-fcd6-41d4-8089-fc5bd05953bd,There You Have It
,Location Remote
,Mac 10 Wounds (Feat. Conway)
848cab96-60f3-4d73-855d-c8d6e63bb476,Don't Die
,State We In
,Scottie Pippens (feat. Freddie Gibbs)
,89 Earthquake
,Look At Me
1b1f6b4f-ef3f-41c5-bebc-a4129ff02eff,Malcolm X.X.X.
,Half Moon Mornings
,Skinny Suge
,Umbrella
,The Hopeless Romantic (feat. Action Bronson)
,New Thangs
,Orange Village
,Enough for you
69ba9c4e-b684-3c32-b532-b8bd58c08f80,So Real
,Your face
ba24e56e-caba-4f7e-bd4a-03caf5f197d1,Whateverrrr
a798321d-0018-42e3-b24c-3f5cea9200f5,Take Me Back
,GEEZER
0ef3cc50-33b9-4d65-b7bd-0186387765e5,we never dated
58372b8e-7f42-4dc7-89d9-64cdd03d2dfa,Jeremy
59013ac2-9697-4a99-b140-0d7a53b66da1,Alive
7c7a4b2f-7d4d-43ca-aedb-8a5ccf6b7868,Shelly
,Pullin Up (feat. The Weeknd)
,Curve (feat. The Weeknd)
,Dior
,INVEJOSO
,CULPA DO FUSO
,LENTO
5bda4e8f-45ca-4eb4-93ba-24457777561c,NDA
bff19b3b-1277-470e-a37e-f352499acf43,Virginia Beach
,Carry On - EarthLife Remix
,Alone (feat. FEMME)
5eba8a7c-fb84-4e2f-a4c8-78b98a18c54a,Maybe Not
1332cc5a-e295-467f-bb2c-fa5ba7e1169e,National Treasures
9e5e708f-3c6d-4387-be64-f985451deaf8,Safe In Your Skin
11ff24f3-df86-40c3-8eef-93ff322f401b,Ever (Foreign Flag)
fba95e43-c38f-411f-a292-d3c5ba8f3e66,Iris
d8934c01-104d-43b3-a733-ec4a71ea1033,"Azul, Bebê"
,Nunca Mais
,Pessoas Como Eu
,Se o Tempo Passa
143f1c88-f47f-4f37-b25d-614c74269dea,drivers license
5835dab6-79df-49fc-9c91-0dd1684e1271,Mais Ninguém
2a1c6deb-d59e-345b-b4aa-d6509407218c,Infinito Particular
0878694a-d240-4325-a591-e649ab784496,Equalize
dc38692a-51a5-412e-952b-7e0a9723c6b6,Artista Genérico
,senses
651707e6-af4d-4c42-a32d-09072c121dbf,High by the Beach
,Pode Vir Comigo
,Sentimento - Ao Vivo
78b15c00-68eb-37dd-9e78-b9acdc025811,Mar De Gente
f7df1da3-38e4-4819-83d5-36720beecb0f,Back To Me
916df5b5-4243-4255-aedd-3cb8d9f4a44a,Home
1d524c5d-d59b-4230-a3be-e93d9db5b685,O Vento
999ac035-5115-438e-9101-196efd30ab4c,Pescador De Ilusões
,TORE UP
082424f8-91a9-3797-9a38-5282172bc1dc,A Flor
29346acb-570b-4e95-b6dc-d366a16f1ae1,Me Chama
9398cf71-7b12-3653-82c8-c11506a3e6b8,O Vencedor
f25c890d-cbfe-438a-b058-9045c4e18983,Samba a Dois
2600b367-f04f-4727-9082-ea2c29ee06a2,Headshots (4r Da Locals)
49c9bc60-3778-4184-900c-d4df574b86bf,CIRCUS MAXIMUS (feat. The Weeknd & Swae Lee)
,Embarrassed (feat. Travis Scott)
,Little Bit (feat. Lykke Li)
8c0d7cf1-b5a7-4d83-9168-fdfafbf59c2e,Wants and Needs (feat. Lil Baby)
d28d5825-ad00-355a-b8f9-ad3948b4a86c,Segredos
4bd38ab0-20ee-458c-8dcb-ad98ce0afb8b,All of Me
d6fead0d-8285-4278-9813-fa83ade9e009,Death at One's Elbow - 2011 Remaster
79764c04-8e9a-47af-96ea-42ab251bba0b,Paint a Vulgar Picture - 2011 Remaster
de9dca47-4d23-471f-aa78-4a78f2d883bf,Unhappy Birthday - 2011 Remaster
827a300e-a93b-4ae8-8806-d62614ff279c,Eyes on Fire
b92a424c-5dc2-4fa2-bca9-7c86ab6288f4,Filho da Promessa
46031ee9-a948-4392-aae2-dfa5e1f2c1b3,Mônaco Freestyle
e607c3cd-e2b7-415f-b049-04e4759b22ee,Dono da Verdade
2e154246-55a0-4c90-a99f-36535b5eeee2,Talvez você precise de mim
ee92e356-e289-4c6e-a6e8-89d9f1431360,Belieber
d663fff4-0d75-4a15-ae0b-a95839a58cb8,Taylor
ad914d87-23c5-40ac-9aaf-84a03201b4dd,Ausência
5642dd85-f592-4596-870d-af734382b49e,Hiperfoco
1c30a3d8-ae8b-4b7a-849a-75ebd2a4f285,Reuniões comigo mesmo
ff95b74f-d167-4860-8759-d72b37e03823,N.Y. State of Mind
07de479d-1b58-42c9-9006-8b2f5105a754,Every Breaking Wave
ed20e9ba-e0dd-446a-9750-8a6954f610a3,Sweet Disposition
0f17edfe-4a37-490d-a720-d8b482490d23,Talking to the Moon
a7610515-c5da-4de6-aa74-fd58c42a945f,Magic
07f0599b-7965-4107-9cf1-a794707457ed,Atlantis
4c2a08bd-26df-4e68-835a-5bc8ff9bcf8a,"Rocket Man (I Think It's Going to Be a Long, Long Time)"
,Deixe Me Ir (feat. Pablo Martins) - Acústico 1Kilo
2143f625-9323-4a29-8748-64cad7fd2da1,Ela Vai Voltar (Todos Os Defeitos de uma Mulher Perfeita)
d08a05b1-8f1d-4030-91af-427b70f964f6,Só me ligar
35fe192c-7830-333c-a485-c9b1bfad39b8,O Tempo Não Pára
2f814aba-a6c0-43f5-87c2-95bee8427ffc,Exagerado
2249333e-b5c2-4f32-8ee9-0e5bfdb8ff69,Anna Júlia
07d5d295-c422-3609-b0cf-0c06351cdd87,Na Sua Estante
a6ab0a5d-df78-3f22-bf52-dea87ad8f398,Não Me Deixe Só
,Proposta
,Mr. Brightside
,Devagarinho
50cc5677-07e7-418c-b6ad-8532b3ff5a49,Somebody Told Me
873fb4a6-3c43-4482-b451-a7b195792186,favorite crime
,p r i d e . i s . t h e . d e v i l (with Lil Baby)
1096e2f6-c96c-4fbc-b68d-697229c686c0,happier
a7e395f5-b808-4c1f-af3e-95e9df9d0c61,How Soon Is Now? - 2011 Remaster
,Have a Cigar
db9f1113-81fc-4f7a-8d44-f794d0abde82,Lisboa
245902ba-1ff5-32ae-afd6-59ed7bf8f80a,Pelo Tempo Que Durar
0eadc464-764c-464f-bd67-e51b717a073d,In Love
33b3b1ff-4ca1-4b20-aeea-2828d6e897ad,HIM ALL ALONG
b7c7c149-a73a-4075-a87c-d8193e961f13,"All I Want - From ""High School Musical: The Musical: The Series"""
00400cd7-d6e6-4a3f-a219-7dedda3933ab,Love song
,Indonesian Fantasies
,Lotus Flower Bomb (feat. Miguel)
,make me stay
,h u n g e r . o n . h i l l s i d e (with Bas)
a73d908c-1a95-490e-8d92-4333f3b5cf65,4r Da Squaw
a9db80ae-8daa-461f-8a02-b714b8ae8f08,FEEL.
,The Feeling
,#icanteven (feat. French Montana)
cd92ff5a-9680-4fbf-9b98-ab2bb814713c,Wasted Times
d0afa288-6cdb-4ac9-aefb-1f3e22d4a250,caroline
0b84dc22-cfe8-3404-9ea3-46967b986aee,Female Robbery
,Jealou$Y (feat. Casey Veggies & Kossisko)
0a9bdbad-d59a-42db-b36b-03c634d67a4d,Yayo
,The Needle And The Spoon
501d9164-adda-480a-be91-63bb928d6422,It's Been Awhile
0172c310-6679-4068-9bf1-dd63874f356a,20220329 3
d760fc94-1913-4f74-a180-9ccf8cc096a0,20220329 2
3758621a-37c3-49c3-aa29-019e047e11ff,20220329
0d9240a8-9b30-4886-9985-c38e70b0356a,20220328
43a0d36f-7a3b-49b8-a7dd-c5b214c70ee5,20220223
ee116618-8dd9-4440-85f7-c80eb759b6b9,Let My Baby Stay
2704bab5-c523-404f-b380-3f0b8a23b1fd,Broken Smile (My All)
,Sosseguei - Ao Vivo
c10417fc-a002-4e76-abaf-f338eb8b35d8,Liberdade Provisória - Live - Ibirapuera / 2019
,Propaganda - Ao Vivo
b8cfd10d-0e8d-479e-a73a-26095a36f3a3,Body Electric
ca5900a4-5cb0-4ba6-8ed1-54234a31abdc,xanny
4aeeb9cb-4cc1-49a8-91b7-ee09dc00cc15,Melrose Meltdown
c93aadcd-82ff-3423-bd41-ec6837ed3ed4,Burning Desire
,Dante
,Same Ol’ Mistakes
,If Only
,Ode to Evelyn
2a9f60ae-07f8-40b8-924e-d9b4f8299abb,Haunted
,Black Lamb
aac9a9fd-96fd-40db-8ce6-ce63958e8374,Green Mile
6d17506a-69ee-4996-96c4-8862d68d72be,Old Money
,DISTRACTION
,Digital Snow
,Riverside
,Gardener of Eden
,Blood You Shed
,Your Rarest of Flowers
17d0d4ba-adfc-44c2-a585-a4224a4e55a8,Freak
a6c97509-320e-4be3-b5ce-676dee47ef23,Hold Me Closer
e91a3857-5895-40d8-bcc7-62167bbea44d,Dream On
72d9a9e4-b716-445f-8121-a0aba34b5ba7,The Middle
f3fa5107-3d3e-4bf7-8eaa-b07a5f19df23,Wait
84d7a8d9-e26e-4fae-85b0-e92498be39c8,Ride It
,Samba de Janeiro
0a75401c-707c-4415-83b0-1e5a887ac290,Pour It Up
0f634255-bcb0-404a-86f3-8f090b3fbe3a,Tennessee Whiskey
,I Remember Everything (feat. Kacey Musgraves)
,Ain't No Love in Oklahoma (From Twisters: The Album)
27a100f9-583c-4947-a826-fc6d70283764,Fast Car
063b280a-a1d0-4c37-a739-5f7405a382e1,All They Wanted
12ae7299-cc5b-4a2a-9af3-21d30ea2cb18,Dozen
0a2a1602-1591-3872-8951-0382bc98f193,Kidnapping an Heiress
4b327510-17ee-323c-ad00-b5a7a3a366fe,When I'm Thinking About You
,Dumb
94a74e97-8e17-400c-8b7c-e3b1b15c11e8,CUT
612c10f2-f884-37c4-92e9-6705553079a2,That Joke Isn't Funny Anymore
a3dbe50f-5cf6-460f-bedb-f717fa024c50,Untitled Demo 1997
0fccb9e2-2489-44d1-94ec-b617525912e6,Unforgiven aka Last Goodbye
1db173ba-7f53-4fd9-a218-026749d2840f,Going Wrong
,Billie Bossa Nova x West Coast
,Algum Ritmo
06713d64-b64e-4934-aada-625730dbd084,A Case For Shame
76eff8ca-07c6-497d-b7c5-44ee465c1b0b,Almost Home
,Cinnamon Girl - Slowed + Reverb
3ba45509-845b-4d2f-b643-7e321e9dd994,Everything That Rises
1c00441a-259a-32d1-b9fe-f65110d8e187,Fool
f7ec1c1c-592f-4552-b688-5f77fc064dc9,Heaven and Back
fd0e181c-63ed-4a4f-8e9d-6d305d5d15c0,Asleep - 2011 Remaster
,Music To Watch Boys To (Demo)
,Heartburn - Slowed + Reverb
,One Of The Girls x Good for You Slowed
5a475783-6a69-4644-bf12-918524174117,400 Lux
,no more excuses - slowed and reverb
,Cinnamon Girl - Sped Up
b55953bc-ea74-4b5a-a700-97a7ff46bfd9,hostage
236dbaf3-ddab-4069-9a6a-cb03322840fa,Dollhouse (with Lily Rose Depp)
18b9c877-1db6-3d11-905e-196f29e16ee1,Elephant
,Smooth Criminal - 2012 Remaster
7e364221-9751-32fe-9209-0173446f069c,Little Miss
,Pandora
62cc342b-28a2-34d3-86c6-44500abc69de,A Girl
4bac0d91-2e37-4519-8ad5-c9ec2e320ae0,NeilSSong
38f2eac6-bcb3-49a9-9386-b24efd09a4e6,Brazil 66
53f59287-5756-47d5-8503-c779aad40a0e,Black Star
67d1c753-17bf-41ce-a57b-61d29429ee49,Once then we'll be free
0cc09931-d1e4-38c8-a04c-b5224676e030,America
,honeydew blue - Remastered
a637d02c-d53c-4db7-b834-3dff0e33eb82,See you soon
9a46194b-eac5-3854-a678-7770daa864f8,Angry
51fbaa57-4d9f-41aa-aabb-be35f71c9ab1,Jetpacks For Julian
04cbfc67-0bca-38bd-bb5c-dc607f1c4f8f,Child Psychology
70cbbbc5-2904-486f-a874-970e3307e9aa,Permanent Daylight
24a29f75-2019-4b1a-8dc1-e73e27742fe1,Wishes
1f4203c8-cff6-304e-b207-0d4667b8062d,Get There
13a28a87-6d6d-38f2-8d52-e3d39290089c,Drinking
fef840f2-ac3f-4398-bf0f-446df3dbfb98,El Mañana
e59aec3e-eabc-4aa8-9d1a-a77f7faf005d,Present Tense
59de26e1-4387-3e17-ad1d-9a7f003b36eb,You Know You're Right
,Us and Them
57bcec26-c963-47c5-80d6-a44316cb61fe,You
01d5f5bd-0c1c-4ebd-ba63-1f67f713cd48,Empire Ants
,Rape Me
6bacdf19-82e1-48d1-8e68-5363eb04189e,Wandering Star
57c96850-cc50-4455-8e75-0222e5c3baec,Bullet Proof ... I Wish I Was
,All Apologies
82b6bc85-ce52-31e6-b60b-805520a899cf,Mysterons
42d1535a-a38e-3046-a04b-2f1845a5ee61,Drain You
175c8439-b607-4cf9-9e25-b9066e62b126,Digital Bath
00d3e365-9e67-3f7b-88f2-5c6ffdd87e7d,The Tourist
,Climbing Up the Walls
7233a2e7-508f-457c-a874-a491ccb0c030,Electioneering
023e98c6-4026-4088-aca4-e3fd5b216068,Fitter Happier
63356d99-9d7a-436c-be9a-e9e61ca530b3,Subterranean Homesick Alien
,Paranoid Android
,Airbag
f6d7e8c0-e4db-4d12-a496-9a3f184c8b62,The Cut That Always Bleeds
0bcb6159-ed58-437f-ae92-5ed63f3b29ac,Training Wheels
93f4cea3-d42e-460a-9281-033976fea06a,Save Your Tears
0f9c91c4-2537-41f4-b035-6e811ded3d12,Happiness is a butterfly
dbcdb192-8e1f-47f5-9fd6-b6f5dcb2da1a,"jealousy, jealousy"
2fa72451-aa65-40f2-bc3e-e8831e931872,lacy
f86bafa7-fd06-4f9e-adfc-7c6dae500bf2,Need to Know
b0554059-21b3-416e-b62d-99e13608f6bf,traitor
e3ade924-79e5-41a4-8b10-bde42d6e83b1,All For Us
7a42e38d-6b9f-4f92-b00b-9951a32432dd,deja vu
847a88ad-209e-4967-8472-38498cc93497,i don't know you anymore
774a97a1-f2e4-43c4-8a28-bba7d59c7575,would've been you
0ee71819-24bb-4819-9769-33403ca1b65f,Sleep Walk
65a77160-d4ad-33c2-b996-d8943147aebf,Amor e Sexo
,Cacos De Vidro (sample: Esperar pra Ver)
,Black Out Days - Future Islands Remix
460f31dd-eb39-483f-8950-e76b8c40326d,Primavera (Vai Chuva)
,Toda Beleza
,Acenda o Farol
d0a88f41-12a1-4796-9d37-0b387844cb1a,Noite de Réveillon
17ab7688-8067-49b4-b3f8-362ccaef583e,Meu novo mundo
ed46757d-bf5b-4749-9b9a-86d0bf7793e2,Vive
fed8c417-1827-4f92-9492-0dda0234a6a3,Ouro
9cf92238-f9bf-445e-a636-d16c7e8e9278,Eu Te Devoro
12edad05-3beb-4e22-bffd-9b5b415fc281,Partilhar
6b45065a-a40b-451f-be41-0194812ea5fb,Oceano
d64e858f-0e1f-46c3-b04f-fd9274a66af6,Grão de Areia
a8e26a94-25af-493b-a4d2-b645bc94caaf,Colégio
4978f498-65cd-4aa3-b8b6-3239075f2717,Longe de Você
b7dea9e4-1320-31e5-b6bd-f64718fd4d11,Hole in the Earth
bad83ab7-eb1e-42be-b2a0-e9eaa1bc7f3c,Two-Way Mirror
6023e5c5-8a26-4e2b-a68e-eb0c24d16e88,The Space In Between (Ben Böhmer Remix)
028610d3-979f-4fb0-8ffc-54de03a576a7,Lost In Mind
,Miracle
7dcc79df-b937-4ae4-ac26-5add2fddccb3,Because You Move Me
,In the Moment - Adriatique Remix
ba898e3b-ccc0-4385-b03e-befc410a3b41,2 Hard 4 The Radio
6794b67b-8aeb-49b6-8d75-ede386f88b2a,Make Them Pay
dcdabdbf-04fa-4757-8374-0bda5e999b07,Shabang
68b96771-386c-4e9a-99fb-9d1dfa6515ac,Whisper My Name
932b1f1d-c3d0-4e64-a72d-f171280711be,Make Them Cry
65355a7f-2063-4ab7-86c4-dd819cbcd1c7,Wildest Dreams
3def128b-a1fa-4e7a-a1f5-4757ffc28c74,Who Would Think That Love?
,Slap The City (feat. Qendresa)
57dc483c-05e3-4fc9-ba8f-370e9000dcb1,WNBA
,Rusty Intro
4f6e5b59-af11-4645-a731-a1ecef0f31fa,Burning Bridges
519a25e7-a8ed-49ef-a716-be474baca793,Dust
4c1bc208-cb30-48a3-9d0f-09e921478413,Space Dementia
f090b193-eca3-403a-94b6-1452afa92e7d,Crawling
075dd645-d00c-39c4-b6dc-7924955d548c,Send the Pain Below
,Bring Me to Life
117a1fda-1a74-47ce-95b0-b114ff636403,Comfortable Liar
,I'm On One
f81cfcc6-54ad-46eb-97cc-679d9a8b1e5e,Days in the East
,Disappear Again
b8009291-e3de-4dfc-a315-64c50e085a52,Decade
db9445e4-767c-43c7-a624-49c646043ddd,DELRESTO (ECHOES) (feat. Beyoncé)
67b283a5-16ad-4ae9-83ea-d25e83f7f958,FE!N (feat. Playboi Carti)
566fe99b-f71b-40c8-ae55-9ca29dc5daf3,Empty Floor
be1a5bfc-c9b9-4de7-89f0-22dbeacb0dc5,Ferrari
71cee15e-e570-434b-a01f-df9c86a29473,Greetings from Califournia
665126ab-7df7-48ea-96ce-346576393ae0,Wiped Out!
122c81d9-4eed-46ce-b983-dd5ee42d31b3,Yosemite
7901af2d-87d5-4387-8135-e15e6408c951,LOOOVE (feat. Kid Cudi)
769de054-ccd4-483d-8d53-cebcd973dfe6,LOST FOREVER (feat. Westside Gunn)
29b45e25-f7b8-4429-abdd-8aabd09d8d08,Notion
464f6162-3c46-46da-86fc-d28e32303229,The Blackest Day
26b19396-b4af-30e6-8206-310711e4c6a9,Love Faces
7154b9a6-54fa-41a8-97c3-9ab11f875008,I'll Show You
fdb20d9e-2940-474c-b5a8-92f1f2369e5e,All We Do
,3:15 (Breathe)
b5e61ccf-dd22-4be1-bbf9-3de85c44638c,All for Me
30503375-3ea3-4ea3-aa02-27aa5f44200f,Ain't Nobody Takin My Baby
653ca18f-a5c1-4f10-9313-bde1f3ad80cf,Never Again
f39aeb3b-1b8c-406b-9d33-835e2d9f3ac2,Na Na
,I’m Tired (with Zendaya) - Bonus Track
f37a15d0-b565-4622-a391-ec6691ec5804,Still Don't Know My Name
,I'll Make You Miss Me
,makes me want you
d21b87f7-21d6-4abe-b9b2-0a27ba0ed4dd,Single
b84a9bc6-0894-4031-a562-6fc42fba6119,Well I Wonder - 2011 Remaster
01587c55-11e1-46dc-9c7a-9334ab3384dc,Sweet Carolina
02917fb5-eeeb-48e3-96de-e3a7e7c48000,Porcelain
9c3619b8-a8e8-44b1-9972-9d53635e9135,"False Idols (with Lil Baby, Suzanna Son)"
63352dbf-1c3f-4cad-974b-84a68385cadf,Solo
a3b12218-d153-4ada-9e79-131ffdc678dd,Wildfires
723bbc87-a5bf-3b58-a0b4-f4fb4b68c52f,I Put a Spell on You
,Ai Ai Ai - Felguk & Cat Dealers Remix
38be683d-284f-427c-91f4-cd392fee1378,Natural Blues
1c519157-d91f-4333-afd8-9de516a03d57,River
20f5eecd-9c2b-47c4-b38f-b07bc6c3cad3,"Valerie - Live At BBC Radio 1 Live Lounge, London / 2007"
,Feeling Good
,Steal (feat. Holly Walker)
,"You Don't Love Me (No, No, No) - Extended Mix"
0ab5fce5-a9eb-4ff0-979b-5d555e28cacd,In a Manner of Speaking
,Midas (feat. Holly Walker)
,The Other Woman - Studio Outtake - 1993
14ba6172-37d3-35dc-8a80-51b75d2b1d0f,Altogether
11302203-e3ec-3838-a8a6-0f475b2f6371,Dagger
1e0cc719-6d31-4e8c-88ff-c59e859ffc3d,Better Days
,Uma vida só - Versão Completa
,Chama os Mulekes
,Calma na Alma
0472e457-0533-32a3-b092-e4d1c6560366,Koop Island Blues
b8bc05b2-0bb3-46a1-b830-62187e7657e1,Road Trippin'
c9e0f136-24aa-48f6-89a4-5e19f13ba2c3,TOPIA TWINS (feat. Rob49 & 21 Savage)
,CONFISSÕES PT2
,Mistérios
,Pussy & Millions (feat. Travis Scott)
,"Where You Belong - From ""Fifty Shades Of Grey"" Soundtrack"
28ca224c-489c-48e6-b0d8-a7c67851d9ca,K-POP (feat. Bad Bunny & The Weeknd)
5a330ec8-1d13-344f-a91b-6520bcb5eb59,Rain
dd1e942b-4ffb-4639-830f-04d042f07c79,wonder if you care
2511673f-07ba-317a-b3a8-273c26da7f03,Twilight
492492fa-7629-3a27-9889-56886c9a8a47,Videotape
7cad4066-c2a5-43ee-a79e-f3804c50c720,Cherry Blossom Girl
112cc5e2-5ef0-4d6a-a991-ea47086f2373,Louder Than Words
b6cb3eb0-1214-46ac-b8a3-1a748512e725,Get Free
2cd8b877-791f-44a6-98a9-fd70954b0fd6,Smack That
,Last Night (feat. Keyshia Cole)
,Right Now (Na Na Na)
,please don't humble me
2f3eea9b-5e0a-46e8-b2af-4120cfdfce42,24/7
c3a4aa4c-cd23-423b-b14f-3da8cd912a78,In a Night
594f6d72-2949-44a0-91b5-1edf5db50a45,Heaven
c8799e6e-5f76-4846-8c4e-a10c1ccf6dab,T$RL
29d758df-2090-4ef5-bd60-e0c296895022,Silver
bedd35c1-fe3e-4719-9983-c86775a606cb,Unfair
,Givin & Takin (feat. Danny Seth & DeJ Loaf)
2be23ae1-f32d-4dab-8b4a-eeadcd2d3def,U&I
,Never Say Never
8cb25b25-1405-49dc-9593-a8d39534c31b,Be My Queen
fa89e62c-9bd1-44ae-aea8-b719d342a1cb,Mistakes Like This
6606c723-cb16-4bb1-b8b4-f229e53a7a13,How
65a5ec10-d81d-4f7e-b6f4-74a1ce802156,Tonight You Are Mine
223cce33-5287-449f-8f95-06b2fc517a60,The Walls
,Dívida De Gratidão
79567c8e-db1e-4b16-ab40-8f2686008d31,Heroin
21594695-c37e-47c0-99fc-e01b36929349,Don't Let Me Go
19b6dd91-7cb7-45bd-9d69-b95bae5af151,Wires
959807ff-19ab-4192-a85d-515640e347f8,A Moment of Silence
025ab463-05af-41c8-be84-71ff9cc33e83,Need 2
,The Pessimist (feat. J. Cole)
b00dff59-f83d-4767-bdd8-40b7629a7707,Little Bit
48657009-24df-467c-96f7-d46f32a06b78,Staying Up
144fd997-7a29-428e-8306-99427f563517,"Shook Ones, Pt. II"
0a793af2-ec6e-4ee0-b206-5770a694d581,I Follow Rivers
31a0ccb2-fbe1-48e9-b0b8-96d149a8c4f1,goodbye
,breath away
,Dangerous (feat. YG)
2ebee699-c244-4968-a232-b9e398c89f90,at least I mean something to you
c4b333df-1f31-4435-b256-8c497ec09eff,OverHeated
48fd10f5-7e5f-48f0-b08b-bef32f4ff189,Hush
03fdd7bc-ccec-4c2d-9b6a-c647c8badbdb,Blue
e8f68b7c-0570-48cf-a929-05a71f2b9a76,Touch Tight
e37e5ccb-42c5-4b9b-a70b-a4e349734e0a,444
34676665-e308-4f52-8219-811848b442e1,In The Mood
8707fbf2-8855-4b94-bed5-886a9ec3c426,Love Can Be So Wonderful
008ad261-0886-347b-94d6-b7dc222f1e7f,Oh Honey
5a9d77c9-1b25-494c-a345-663cfe129d06,Holding On to Love
3c1e5e92-a04e-3742-bf1f-7e385dd1c24f,figures can't calculate (the love i have for you)
,"Yes, I'm Ready"
,"Baby, I'm For Real"
2cc5e9c4-c8bd-3a3a-9042-03199ba1e5d2,Natural High
,Love Don't Live Here Anymore
42152786-acaf-48ed-b8d3-6c19fa10032a,When the Night Is Over
e59e62cc-09ad-47dd-a3bc-eaa267198d17,Candy Necklace (feat. Jon Batiste)
081a6dcf-9752-4af9-857e-26ac1dfccb6b,Float
,Carmen
866c4eca-97f3-4757-9765-cd75ddb6af0d,Yellow Flicker Beat
ee6704db-3cdb-4c54-855f-bb373e12f62d,Over the Influence
7c63dc79-625a-432a-a207-f674dbf37557,One for the Road
01b42496-dbc3-4b38-bb86-63fb903aecdd,Crush
8c4e5fa8-a677-4d45-bc48-70628c45d800,Neon Roses
6689a27f-de48-4faa-b7d9-6dc72aca4f22,Let It Go
,"Mojo Pin - Live at Sin-é, New York, NY - July/August 1993"
14bcf9e2-2c85-45af-b3e8-0c57e037faac,Falling in Love
,no good
8c27ff36-bd23-4bb1-bbc0-8f5303f06f10,Repeat After Me (Interlude)
,shall we celebrate?
,in your arms
30d0f2a8-c3ca-4cb5-b6b9-d38f73b68458,that's how it goes
,i always kinda knew you’d be the death of me
,never find u
63340798-63d1-4a93-a47e-ab76e0654c3c,Yellow Box
1483673a-80e9-3661-ae06-5e42161623ce,Morning Theft
ad858624-fb7e-469a-b4d9-b7069517ceb0,Mariners Apartment Complex
,"Sky Blue Skin - Demo - September 13, 1996"
0a235c9a-e9c5-4e52-8be4-d3eec3478b83,Black Beauty
4ca65a05-4c73-4a72-ae3c-1c3d10a1581b,Girl I Love You
4d75f53b-2897-4ccf-9801-d403f4e5374b,A Pillow of Winds
30ae1e4e-a83f-4693-b6f1-b0b5bceb87e2,Solitude (2009 Remaster)
,Chove Chuva
1587517a-9b2b-385a-b044-673fddf88004,Feels Like We Only Go Backwards
4f9f61a5-6877-45c3-88e2-68444a3f10f3,Politik
be110ab2-8764-4e33-ab1a-839c328f242b,Be Quiet and Drive (Far Away) - Acoustic; 2005 Remaster
1b3b93b4-19a8-3af0-9b0d-71c90fbd8dfa,Dissolved Girl
07f3f866-417b-416d-9066-2ffbd1ea049b,Black Milk
27260f53-2250-4847-91f9-3c8ec4ac761c,Far From Any Road
17fb6eaa-5c51-475b-adce-8c4ba3722f6d,The Spoils
ed97b08e-5f66-41cc-80e5-448b49ff852b,Tessellate
104d30ee-f259-47a8-8c62-cf4fd798f6c3,Within
,Every Night
,Fatal Attraction
28e6bc8c-be8a-4775-aa25-bdde3b5c4bb9,When the World Was at War We Kept Dancing
,My Name
818aa1b6-87f4-45d8-b1dd-bd055e117ea1,test drive
5a0c24e7-3715-47e0-b046-cfde96cfaabd,good girl
,X-Ray
,Insatiable
,C-A-R-A-M-E-L
,Hands On Me
,Under the Bridge
,Her
6c303b58-2d9e-36d1-b19e-993786467bbb,Californication
40b71a2f-b614-4fe3-a76e-ba9273fde182,Be Yourself
a0b2d6b3-99b6-4ada-a1ad-e3eba6f704da,Affection
,Cherry Picking
,Drifting
,"Doctor, My Eyes"
9ec6c46b-6166-4223-a356-f818e9d630e6,Head in a Jar
ccf511d3-f9f6-481d-b4b0-4268dd3a6ea7,NEW DROP
0191204f-a76b-4d0a-b9ac-0758b22d9198,ILYSMIH
18f562b4-ea82-4b80-9e7b-0bef311ddce8,Deeper
58f90196-b403-45e8-8b97-cf0466165403,Vanishing
98a03888-e736-4b30-8b74-8c2ae9465779,No Idea
,Diced Pineapples
,Turning Away
,In The Storm
,Destination Lost
2266aa49-9d75-41ab-9edc-99b0e58dba55,New Sky
34eed6c2-00d7-47dc-a310-82ea0e392d47,Gyalchester
,Spektrum (feat. Ali Love)
,Carpe Diem
4ade930d-efcc-47d3-bf15-ed672c4b680c,Our Broken Mind Embassy
,After Earth - Edit
34e82b95-837e-4539-a48b-462a117c59d9,Reload - Radio Edit
394b14f5-b5ff-4058-bcc0-591e2dfa17d1,0 To 100 / The Catch Up
,Light
1ea1a46e-f642-40e9-bf32-35c5d28057ad,What A Life
ac3d8aae-22af-4d1a-813e-26bd66301705,Energy
,Can’t Catch Me Now - from The Hunger Games: The Ballad of Songbirds & Snakes
,i cant tell (love my money)
,305
41676c36-5136-4c63-b0da-b61d16eccb68,SOMEBODY LOVES ME
f09edb07-0279-4676-9385-f559777e91a8,Sugar! Honey! Love!
,Miss Me - Slowed + Reverb
511905d6-c215-353c-8837-36dc9a09b5c7,Corpus Christi Carol
,Phases - Radio Edit
4209d558-299d-473d-ad20-9eae0aa6fe68,Um Amor Puro
,Just
03253781-e8a4-4216-bec5-f3639f2048ee,Family (with Suzanna Son)
,Last Goodbye
40d3628b-ab12-4eba-8397-973df2f554e1,Those Eyes
8b80b9c0-6ea9-48da-b746-c89133e68b56,(Dream)
1a9f5c35-7aae-4fe0-add6-188818c212d3,Sadderdaze
be47bdd1-32fd-497b-9b04-c64edc6c26e1,Sweetie Little Jean
317dc011-7d72-4f6b-a3e0-38079ab8ccc4,John Wayne
ba1cdb99-2bc6-4892-b3bf-45492935e835,watch
022bd24c-fa61-4775-a5af-89f9badebf48,Arabella
,Tattoos
,angel - radio edit
,Pretty Juvenile
023575fc-b49b-455f-ad8b-e82ad84c6391,Flash
,Hallelujah
,Nomads
88f402a7-72e6-4120-8baa-9350482a4792,Cola
8d7e4dd3-4a06-4d20-82d0-863e8f91785b,Summer Bummer (feat. A$AP Rocky & Playboi Carti)
075b8fab-b423-48ec-86a9-add6e34b81af,Gold
,TOP FLOOR (feat. Travis Scott)
3a662f09-d248-406c-9dce-e1313b009144,Nightcrawler (feat. Swae Lee & Chief Keef)
2ff3e451-0704-4a6e-a6ee-ee511c92812d,the ends
,Love On The Brain - RY X Remix
262ab5a4-ae99-496a-bd28-4d3e06d8ebef,Light On
0037d5f7-410d-42f3-af25-82f68cb98a24,Who Can It Be Now?
0cfc5993-4cfb-4b71-b511-ff5bdec917a4,Woo
,run.
c6e06c19-2050-4c9c-8198-ede19dc40db3,FWM
,The Machine
,Temporary (feat. Don Toliver)
,Blame
,no sleep
257088f3-7399-491b-925e-19c54436f033,Like a God
,Headache (sped up)
0bcafeee-2d9e-4c9b-b3a7-8f1725a62819,Never as Good as the First Time
,The Boat I Row
70941cc9-1fee-459f-b5f1-0882ddf73f22,Baby Baby
08d18e2b-e159-4742-88ae-a37e5de23050,Instant Crush (feat. Julian Casablancas)
3cc57106-5130-3704-a659-a01a2904c08e,Mind Mischief
9a952210-caf6-407d-8748-b89fcaca3bb7,Midnight City
0569f672-66b2-39f2-beb3-cc926a983b5e,Standing on the Shore
0d8b9aea-3ee0-4a79-ba62-1f6405d358c4,Way to Go
2f3ef938-7014-4582-a2dd-f821d4cc73b9,Posthumous Forgiveness
,Vicious Sensitive Robot
b1a9c0e9-d987-4042-ae91-78d6a3267d69,Bohemian Rhapsody - Remastered 2011
,Gravity (feat. RY X) (Edit)
1d2a8bcc-f231-4b8f-9f02-b7270a387d84,One (Your Name) - Radio Edit
2f498f5b-5567-4773-9960-f92b66ac47b2,Coven
,Locked Out Of Heaven (Hardstyle) - Sped Up
,and i'd go a thousand miles
,Invisível
119509e4-41e0-4642-8c08-679a043955f2,O Telefone Tocou Novamente
,Pontos de Exclamação - Vintage Culture & Future Class Remix
,Girassol
,The National Anthem
63f48a31-a4a3-356a-b339-a42ad247798f,Kid A
,I Lied (with Allison Ponthier)
51150a3e-6650-4167-9391-ecdb8c86c9c7,The Longest Wave
b29da0ce-30b6-413b-971a-448eb4b761ed,BLACKBIIRD
f7f6fb88-e5b8-49aa-ad11-75f5416bad56,Cruel Summer
,Medley: Ike's Rap II / Help Me Love
26df361c-2679-4b29-a578-9d4d8fc7f5dd,Girl
97e1d589-28f9-4e5c-87fb-3b918f5f08a3,"I Don't Know Anyone, I Am"
e51a6fb5-b734-4670-b91d-62bedc9e0142,Finally
767c6ec5-a630-493a-9d93-d07c508dd4d5,I Could Be The One (Avicii Vs. Nicky Romero) - Radio Edit
a7220edd-2e53-4520-8419-6b42fb09b86b,Ocean Drive
,Save the World
156ad361-27e9-4f58-9ea8-28d5f4eaac79,Ray of Solar
efcab4e0-a847-451a-8f01-5fc798c32efb,Don't You Worry Child - Radio Edit
8ec7848b-e266-4abc-99bf-b651206762ad,I Follow Rivers - The Magician Remix
6fe89c45-64b5-4d99-a311-428d2951c4a9,Nightcall
,Superficial / Love
e2120a17-74cf-41da-885e-257ec15503c4,MOVIE
8cffc387-af8a-47c8-90e4-ed2128adeafa,Bound
22def67f-cdc0-4ba7-8a96-1ce3abd48622,Desperado
,Strings Attached
,Snow on the Beach (feat. more Lana Del Rey)
,Rescue You
defbfcb2-7a5c-4456-be28-b7e5ccf92cc2,Something About Us
870fb156-e8c4-3369-95dc-43b94a7c8c9e,Half Mast
0bb97c9b-eb49-4db1-b1b8-2b72111fd1ae,Around the World
68f6f026-977b-489d-9405-cf06f47d7ec8,DEEP IN YOUR SOUL
,FRIENDS (feat. kiLL edward)
26df6e49-57f4-4d59-818d-596ccd9d8db4,Motiv8
8ed13b42-7375-4545-bc65-61b8ae16074f,ATM
,Miss Me
,Give Up the Goods (Just Step) (feat. Big Noyd)
,slipknot
2a02013c-935a-4f3a-8dc8-1f00d9fee6a3,Window Pain - Outro
b4023fc6-8248-4b81-ac7f-71ec93012ff4,Terrence Loves You
,Many Times
,"To Summer, From Cole - Audio Hug"
d0e5bab7-94b6-4449-b2e5-2092a1715d31,WHEN HE'S GONE
0dfbd733-811f-4585-bbb2-195eef8c649d,NOKIA
a8444b23-5dd0-4589-9848-f901a9ddc11e,Right Down The Line
,Midnight Sun
,Rise
,Need To Feel Loved - Tinlicker Remix
,Budapest
96011030-65f0-4bd4-a3d6-5116de565658,The Space In Between
,Her Perfect Sky
,The Echo
,Secret Places
,Howling - Radio Edit
,Lover - Jimi Jules Space Remix
,Maybe Not - Rodriguez Jr. Remix
be145757-bc25-48f5-b82d-2be3a16b8325,Emptiness
,Just Can’t Get Enough
,Don't Stop the Music
f7ab95a2-db23-4747-a9cd-ee0d930ad304,Private Landing (feat. Justin Bieber & Future)
54d30435-6e19-4e58-bd00-842b1d2ed644,You Were Right
1d20f89a-c661-40a2-b59d-0eedc5f5046f,Made For Each Other
,Best of Me - Radio Edit
ff772df7-ceef-4f7e-a19e-d3d6383686e7,I Can't Go On Without You
e6f177d7-d979-4260-9ed2-66638c02ec3b,The Prophecy
9d033ec6-43bf-3f38-a951-7e1e9bfcad9b,Everything I Need
,Be Good Johnny
,It's a Mistake
,Overkill
05ef1e33-b246-4c51-a4c5-a691fa741157,You & Me (Flume remix)
,You Give Me A Feeling
8391e353-fe0a-3254-b892-1d8d621d4c4d,"é preciso dar um jeito, meu amigo"
40bd0203-bc3f-4b15-9ab3-ceeb2ef35d7a,Hotel California - 2013 Remaster
99b66cc1-cb19-46d0-9880-514c69b6eb3d,GLORIOUS
040766e6-7bd8-4582-9f86-3cb92dd51aaa,OMW
abab5438-a420-4c30-ab9c-56749d421f09,CELIBACY
cd02a031-29c6-47ab-84c6-c5f8b2949aba,MEET YOUR PADRE
,LV Bag (feat. j-hope of BTS & Pharrell Williams)
,ILMB (feat. Travis Scott)
ae299f22-6227-4965-98de-feca66a0e72d,n da morning
5a2b7d24-d0ae-4ec6-b9bd-634175425c0a,Cruel World
1093a83e-4b8e-4b34-98f8-e8e125eb2d51,Florida Kilos
11c4c5b6-4e81-4935-a328-82c2da0fe1c8,the remedy for a broken heart (why am i so in love)
268f6325-8dae-4533-8ccb-666bcb3889d1,Depression & Obsession
028676be-cae8-4935-bb05-9aab5cf34e09,Deportation/Iguazu
013b757c-a811-3d5f-bd2c-ace958306ec1,To Build a Home
0dcfbeaa-8e5c-4b29-bb73-ade85b507dcb,13 Beaches
736ec7a5-3959-46b0-bf1b-17ee10fc556d,Church
a2a6ebaf-63f9-4117-8b48-daddca3ae5d4,Rebel Yell
,Smells Like Teen Spirit
,Can't Stop
,Woman in Chains
579c4ad8-f486-4b03-bf67-d07d5c9f9fd6,The Zephyr Song
,I'm The Man - Remix
bd665a9b-a924-4dde-8281-1061ae59702f,Por onde andei - ao vivo
,Last Kiss
628dfe71-2a48-3be3-948e-8bbe630df839,Take on Me
919fcacd-5a81-461b-98b1-4645c66a5bb9,I'm The Man
,Outta Control - remix
0add9022-4046-4dc4-ba69-46126af8124c,Ice Cream Man
8a45327a-18c8-43a6-b806-5c1749a3f1ed,R. Cali
,Orbital Love
,Faces
,No Water No Wine
14c374df-1e42-474a-b804-e823103ed2cd,My Little Love
,7 da Sorte
,Jeito Bandido
09fbad8f-6f6b-4c99-9e06-90824c417a9f,Outro
,Smooth Operator - Single Version
e84404b1-1504-4c4c-9cb9-da8478ff4db9,NÃO PARE
30056d2c-f68b-4728-81fd-a0abeb754ed4,YES OR NO
,Westside
,LEGENDARY
,1985 - Intro to “The Fall Off”
49560035-bb77-4e5a-bbab-535493958a18,You Know How We Do It
0e68c5c7-2e0c-4b84-ad8a-bbf0a5e7545d,Guns and Roses
6e3520a8-d428-4624-bd0a-57aff89456cb,Keep It Real
,The Enemy (feat. Fat Joe)
f8ffb058-53af-4f13-8096-39400a270881,Purple
2aeaa967-8a57-428d-8e99-4955fe7382f0,The World Is Yours
134ccf2f-df83-4385-abb2-8db0d7322dba,Baby Come Back
,It Ain't Over 'til It's Over
,Mad World
,"Head Over Heels - Dave Bascombe 7"" N.Mix"
,Shape Of My Heart
3799a512-089b-4709-bfb6-c0aea00a5ff9,"Mas, Que Nada!"
d375bb88-5d68-462f-83e6-458409c299a8,Não Adianta
,The Fade Out Line
3b35596d-0a87-4863-a87a-e24fbbb6055a,In This World
1e269887-9503-458e-b224-0daff5fcd72b,Orion's Belt
8bf1c02c-29f6-4964-b54d-22e25da8f429,Different Pulses
1e8ac911-982c-419f-9c42-fc2d93ea3b4a,Ayayay
2bd81e6b-47e8-4da4-93df-09b83659b643,My Tunnels Are Long and Dark These Days
4b1c6f02-e9c4-480f-ab9a-987dcf40ea8f,G.O.M.D
0283b8c9-ef79-4ddd-b135-aa03d5d1f10e,Lean On (feat. MØ & DJ Snake)
c4c6251b-44b5-478e-b806-3401488d1070,Doubt
,Paradise - Âme Remix
6f82a157-7355-4e9a-8fef-76822eea18c5,A Keeper
,Burnt Norton - Interlude
,Daydream
b86b46fe-c3d1-4b2b-b603-67ae01673600,Devil Eyes
c2da6008-fe30-4ab9-9b98-dd769bd19a87,Swan Song
30002453-7b86-499a-9936-f2c080053513,24
9009fd87-56c4-4938-bdf4-44cee65d73bb,Messages From Her
45385fd3-8fbf-4069-b708-500b6aaeb1d3,Sacrifice
d51bba5b-dcb3-4348-a687-7be80f3ec890,Out of Time
4b480a61-89e1-48a4-8a81-068b3ddb6a4c,Less Than Zero
e6d394fb-51ab-4894-932c-73fd308abc4d,Gasoline
448220f6-1c06-4dd2-ab30-537a28b4edb8,SICKO MODE
,Borrowed Love (feat. Swae Lee & WizKid)
,Last Time
,Wavybone (feat. Juicy J & UGK)
,Dreamcatcher (feat. Swae Lee & Travis Scott)
0ec71478-4862-31f4-8a65-2b774d5bc9a5,Cold Shoulder
,Alps
ee806362-f8b6-4e19-8b8f-8d3525fb8b9c,Metamorfose Ambulante
4f980d96-d71b-3c88-9459-6817f0b943db,Será
ae2e9afa-5af0-34fb-b1b5-b45e34f1a3aa,Construção
,Are You Gonna Go My Way
,By Your Side
,À sua maneira (De música ligeira)
,Primeiros Erros (Chove) (feat. Kiko Zambianchi) - Ao Vivo
5e81a7b3-7cf3-49fc-b12a-bc2ee21741d9,Goth
,Every Girl Gets Her Wish
1a86d318-18f4-4156-8559-56cb91a218b7,Ayala (Outro)
3205d946-4381-4d8b-979b-27177350d3f5,before i close my eyes
7fa855b2-7c92-49cf-8d2f-fba65689e61c,Tenta acreditar
,Refém - Papasessions #3
94d745c7-e436-401f-a075-0181599ab881,No Mistakes
1b6d7198-1fd4-4f98-b3b0-f28fd4142684,Numb to the Feeling
,IMMUNE TO DANGER
,Slow Down (feat. Jorja Smith) - Vintage Culture & Slow Motion Remix
,Bloom Again
8b66013c-b064-42e0-9355-87fb9c6bd400,Black Out Days
20b5d4f3-391f-47f9-a1bb-68b0889aedff,BAD!
d8aa292c-88e5-47fa-92d6-e833e3259959,Slip
,FLOATING PALACE
,Silk
b798a1f8-b6fc-40aa-a259-479f6bace2d3,Whiskey
,Tongue
,CRYPTIC CAPTIONS
,TRUST NOBODY
,So High (feat. Ghost Loft)
3d4757b3-5fef-4126-9660-bfc992853d92,Options
c35834f8-ccbb-40eb-bb40-93e72e94acf3,Puta É Só um Detalhe
5d02d4b7-18a9-4e14-9eaa-c92c7c91dd8a,Sagrado Profano
,MTG NA IMAGINAÇÃO - TOPO SESSIONS VOL. 1
,Sorrisin De Puto
,Não Vou Namorar
,Faz um Vuk Vuk (Teto Espelhado)
,Descer
,Vidrado Em Você
,Aquariano Nato
,MTG QUEM NÃO QUER SOU EU
,Waves (Robin Schulz Radio Edit)
,Echo
4c60831c-398c-4640-b4d2-55227a8468f8,Happy House
,Olha pra Cara de Quem Te...
11190430-943e-4c44-a8b3-dfbbacf917a9,Bad Day
b25dca5d-8cdc-3877-8aea-197ea9d97eb5,On Melancholy Hill
,PRETTY LET GIRL
82981e8d-479f-4545-b3ae-db964e6d3617,BEM NOVIN
,Won't
3d7c7a02-b353-47b9-9368-f6031c15a666,Coachella - Woodstock in My Mind
2a6a3348-a320-4428-8d5e-c8b69bcbcb12,LAST NITE
8eaa7bc3-0fef-4027-8a91-c26aba8024eb,MILLION DOLLAR BABY
a0d8b66d-e54b-4b86-8689-debe49a365a8,Julia
06d4cb9e-f7fe-3287-ac52-f636995f9c32,Make You Feel My Love
002dd514-f96a-4832-b226-d52827aa6504,Anchor
2967b936-8de6-4192-a638-db3dc1ba02cf,Bêbada Favorita
b9625159-5a7a-4e48-9c48-3724ff30a1d8,Luísa Manequim
e0753190-e08c-457e-9338-1c381130e73d,A Dona Aranha
b62900e7-7b9f-4ef9-91a1-e5112463677e,Rough
dc1a5d28-6289-4df3-b520-d0573aa31a20,Carnificina
b5fd7c1a-4a5f-4613-bd43-318cfc041708,Escândalo Íntimo
31bcbf03-2951-4fbe-a91c-46ba30e47c18,Recadin No Espelho
4a3d5cfa-b8aa-4c9c-a566-04e7121aa8e6,sentaDONA (Remix) s2
,Hotel Caro
,Sou Musa do Verão
,MOTINHA 2.0 (Mete Marcha)
,MEGA FUNK SHOW ME LOVE
,Mega Funk Movimenta
,I Might Be Wrong
,Day One (Interstellar Theme)
0b9b028e-2032-4485-9cb0-df3c61089ff4,Now We Are Free
,Mo Money - Interlude
,Kerney Sermon - Skit
652c6754-5d17-4fd8-8876-20c27d458809,Villuminati
02a7343a-6093-4e07-8909-139abafbfc47,The Six Degrees Theory
,Made For Each Other - Extended Mix
304a9e1f-1106-4430-a634-9dea0098aac0,Rápido Soy
1a8c0b48-fb16-4558-83d7-19c196db079c,Japanese Denim
,Nobody
b1241c9f-003e-4f9e-9001-5b55066ba81d,Until The Sun Needs To Rise
,SAFE WITH ME (SECRETOS)
,I Can't See
,Your Heart
3ea68def-b65e-468d-915c-e34e4808dec0,so american
5419fd56-6adc-44a7-ad32-cec9eb10f08b,obsessed
19ddb4ca-8982-4fe1-8e8e-808507bab242,making the bed
9c67b102-65d6-4a3e-a65c-3ba712dcab3e,Sugar Water
,Nothing Burns Like The Cold
,Te Amar Demais
,Transform (feat. Charlotte Day Wilson)
a5f86476-f113-4bd0-b361-1237a5769334,Get Along Better
,Boyfriend
108b17ef-af07-4376-b772-65dfb03dd6d0,Club Can't Handle Me (feat. David Guetta)
de3108c1-61de-42ec-b82b-daa9954ca231,KOD
,"Sleep Little One (Nami, Nami Ya Seghirreh)"
,All my Heroes - Radio Edit
47ccf17a-4140-48f5-af00-09f1b1313e93,Before
92239194-6231-46d6-bb4a-2f35553772f5,WingRiddenAngel
7bf7b715-3b9e-42bf-8d77-fe2530d17115,A Ghetto Christmas Carol
0d939309-23ea-48df-a758-a53cf2c75dd4,I Don't Let Go
,Arms Around You (feat. Maluma & Swae Lee)
0865b45a-38be-4ea2-96cb-a106e99d5358,hearteater
39f225eb-af88-4bf2-a0a2-3f0f414f306d,hate will never win
2411b96c-dc44-4cf8-b1f9-380a1e0309de,What Are You So Afraid Of
,Scared of the Dark (feat. XXXTENTACION)
ef3cd753-15e7-4ac2-8b4f-1f853dd55ded,vice city
,Roll in Peace (feat. XXXTENTACION)
c0b3cf75-3d62-4685-899b-1d375df21554,Let's pretend we're numb
4e69f0d2-d301-4f1c-b010-2e50d6766817,changes
118ca396-5d37-4329-9b27-8502607f38c0,Enter One
f08209da-55c6-4418-a6f4-cb8c78b21793,Is This Love
33fd044a-e557-4e5b-8566-40d56f1e2b80,Me and the Devil
1a3492b9-a7b9-3ce5-b2b7-c274df544c28,My Body Is A Cage
,The Pioneers - M83 Remix
,You Spin Me Round (Like a Record) - Rip It Up Version
,Twisted Olive Branch
,Wishing Well (feat. Lucy Tops)
,Crew (feat. Brent Faiyaz & Shy Glizzy)
,nuts
7df56a23-3f65-4b3c-aec7-bf50b0282237,Answer
,Don't Cry (feat. XXXTENTACION)
44ba7a0d-b10d-4ca9-be6c-f67c0055ec2d,Like You Do
b3c943aa-b690-489b-b372-2163cb799d26,YKWIM?
,Bad Vibes Forever (feat. PnB Rock & Trippie Redd)
ba4bcf45-fcdf-4ff7-a19e-be3fdffae337,Violet Hill
5666d462-dfda-480a-b22a-85ef29d6b971,mirrorball
79a23634-864b-47a6-aae3-9d8fb31d0231,Attention!
5a028136-bf0b-4a33-8d39-c633a1c61560,"ALONE, PART 3"
d8385a6e-63c7-4e4f-a27a-ae87e1c0f987,RATHER LIE (with The Weeknd)
,Solta Minha Blusa
ad570bb4-a9ac-4f44-9fcb-4ff1f02f55a5,Can You Rap Like Me?
39f98906-c7a9-4545-8408-4bb5ffb33bff,Free Lunch
12ff481f-6249-4ceb-8f7d-1ced54074c24,Cotidiano
1665141f-e2df-30ca-af7f-c6baa796f256,Réu Confesso
,Atrás / Além
654511e6-2856-456d-ae75-4554f9fe350b,Mania de você
6e151da0-b0f4-4a3d-8eca-e3e8a214337b,Trem das Onze
a176e31d-757a-48c5-b775-76cecd7fa3d1,Give Me Everything (feat. Nayer)
,Mtg Forró e Desmantelo
,Sem Aliança no Dedo
b67341a8-2c37-4506-ad53-b44a550a41b8,Foto da Unha
,Fantasma (Versão Gordão do Pc)
,Ela É do Tipo
,Baile do Bruxo
f6553070-be30-47a8-905a-06420273dd5d,Malvadinho
,365 Dias (Vida Mansa)
,A Danada Me Ligando
,Nossas Fotos
3149a256-e46a-4a34-8b6e-b3ef29d9f18a,Lei Anti O.R.U.A.M
,Duro Igual Concreto
,Appointment
167010e9-eda7-4f4c-b28d-b5b303fd84eb,Wouldn't Leave
,Where's Jermaine? - Skit
,PIMMIE'S DILEMMA
,Bleed (feat. Omar Apollo)
594cf8ad-0c5b-4d15-9b01-d8cd13097b95,Lovers
,She's My Collar (feat. Kali Uchis)
,Poesia Acústica #5 Seu Popo Remix
,Poesia Acústica #2: Sobre Nós
,A Música Mais Triste do Ano
,Você Não Ama Ninguém
,Vida Toda - Spotify Singles
73662b1f-caeb-4ab1-b101-f057ae38b373,messy
d3bfad61-e635-4fbe-bbb7-ec98823851fe,Mirrors
10a10c51-1de5-38ba-ad5d-f485e510ed6e,Obsessed
,Resenha de Ex-Love
,Cartão Black
727c60cd-f92b-3c8c-b813-ee5a61fd3a62,Lose Yourself
d96bd8fa-d0e7-4c5e-9a70-753778e583fe,STARGAZING
,Drama (feat. Drake)
,Do Job
08b6dbce-d709-4883-a7d1-6f79113ab890,Sweat
0ae5ee0e-084e-458b-87ba-76cef24cfff3,Messy
,CAROUSEL
,Coração Partido (Corazón Partío) - Ao Vivo
,Imã de Problema
,Cópia Proibida
,Mandona (Se eu te dissesse)
,FOGO E GASOLINA
c36678c5-0f2d-4a3e-bc87-8058337ad2e0,I Got You (I Feel Good)
863a5aa1-71eb-44ef-a4e0-4fa9949f0f88,heart pt. 6
e7eb4d6d-10bd-4c74-a543-1bb0e35a6d4b,The New Workout Plan
19b67c41-d412-49de-94e5-984b755233d9,Day 'n' Nite (Nightmare)
572288d8-87c2-3aad-a45e-c52c0a646b8f,Mr. Saxobeat
72848cc2-3063-4f19-b50e-d654f9b40e1d,tv off (feat. Lefty Gunplay)
,Baila Baila Baila - Remix
,MTG DTMF
dce4fbbf-b457-4fd0-a155-a58d76d0dc74,Her Way
60529487-e918-438f-847a-27b52f30bd80,Chanel
,Comin Out Strong (feat. The Weeknd)
