timestamp_utc,timestamp_uts,track_url,track_name,artist_name
2025-03-01 23:54:58,1740884098,https://www.last.fm/music/Drake/_/Crew+Love,Crew Love,Drake
2025-02-28 23:15:22,1740795322,https://www.last.fm/music/Drake/_/Fire+&+Desire,Fire & Desire,Drake
2025-02-28 22:58:41,1740794321,https://www.last.fm/music/Drake/_/We%27ll+Be+Fine,We'll Be Fine,Drake
2025-02-28 18:44:26,1740779066,https://www.last.fm/music/Drake/_/Marvins+Room,Marvins Room,Drake
2025-02-28 17:23:53,1740774233,https://www.last.fm/music/Drake/_/We%27ll+Be+Fine,We'll Be Fine,Drake
2025-02-28 16:46:49,1740772009,https://www.last.fm/music/PARTYNEXTDOOR/_/CN+TOWER,CN TOWER,PARTYNEXTDOOR
2025-02-27 22:38:18,1740706698,https://www.last.fm/music/PARTYNEXTDOOR/_/MOTH+BALLS,MOTH BALLS,PARTYNEXTDOOR
2025-02-27 08:07:37,1740654457,https://www.last.fm/music/Drake/_/Crew+Love,Crew Love,Drake
2025-02-27 07:23:32,1740651812,https://www.last.fm/music/Drake/_/We%27ll+Be+Fine,We'll Be Fine,Drake
2025-02-26 07:24:55,1740565495,https://www.last.fm/music/Drake/_/Shot+for+Me,Shot for Me,Drake
2025-02-26 06:26:20,1740561980,https://www.last.fm/music/Drake/_/Marvins+Room,Marvins Room,Drake
2025-02-25 22:26:27,1740533187,https://www.last.fm/music/PARTYNEXTDOOR/_/CN+TOWER,CN TOWER,PARTYNEXTDOOR
2025-02-25 16:19:15,1740511155,"https://www.last.fm/music/Drake/_/Hold+On,+We%27re+Going+Home","Hold On, We're Going Home",Drake
2025-02-25 16:04:55,1740510295,https://www.last.fm/music/Drake/_/Worst+Behavior,Worst Behavior,Drake
2025-02-25 15:48:55,1740509335,https://www.last.fm/music/Drake/_/Own+It,Own It,Drake
2025-02-25 15:45:17,1740509117,https://www.last.fm/music/Drake/_/Wu-Tang+Forever,Wu-Tang Forever,Drake
2025-02-25 15:42:23,1740508943,https://www.last.fm/music/Drake/_/Started+from+the+Bottom,Started from the Bottom,Drake
2025-02-25 15:37:54,1740508674,https://www.last.fm/music/Drake/_/Furthest+Thing,Furthest Thing,Drake
2025-02-25 15:30:46,1740508246,https://www.last.fm/music/Drake/_/We%27ll+Be+Fine,We'll Be Fine,Drake
2025-02-25 14:43:42,1740505422,https://www.last.fm/music/Drake/_/Jaded,Jaded,Drake
2025-02-24 19:38:47,1740436727,https://www.last.fm/music/Drake/_/We%27ll+Be+Fine,We'll Be Fine,Drake
2025-02-24 19:36:30,1740436590,https://www.last.fm/music/Drake/_/We%27ll+Be+Fine,We'll Be Fine,Drake
2025-02-24 15:54:27,1740423267,https://www.last.fm/music/Drake/_/Fire+&+Desire,Fire & Desire,Drake
2025-02-23 17:58:01,1740344281,https://www.last.fm/music/PARTYNEXTDOOR/_/GREEDY,GREEDY,PARTYNEXTDOOR
2025-02-23 17:22:53,1740342173,https://www.last.fm/music/PARTYNEXTDOOR/_/CN+TOWER,CN TOWER,PARTYNEXTDOOR
2025-02-23 17:13:17,1740341597,https://www.last.fm/music/Drake/_/Fire+&+Desire,Fire & Desire,Drake
2025-02-23 16:39:50,1740339590,https://www.last.fm/music/PARTYNEXTDOOR/_/MOTH+BALLS,MOTH BALLS,PARTYNEXTDOOR
2025-02-23 16:14:56,1740338096,https://www.last.fm/music/Drake/_/Doing+It+Wrong,Doing It Wrong,Drake
2025-02-23 15:54:30,1740336870,https://www.last.fm/music/PARTYNEXTDOOR/_/SOMETHING+ABOUT+YOU,SOMETHING ABOUT YOU,PARTYNEXTDOOR
2025-02-22 13:55:25,1740243325,https://www.last.fm/music/Drake/_/Under+Ground+Kings,Under Ground Kings,Drake
2025-02-22 13:51:56,1740243116,https://www.last.fm/music/PARTYNEXTDOOR/_/SOMETHING+ABOUT+YOU,SOMETHING ABOUT YOU,PARTYNEXTDOOR
2025-02-22 13:48:56,1740242936,https://www.last.fm/music/Drake/_/We%27ll+Be+Fine,We'll Be Fine,Drake
2025-02-22 13:42:13,1740242533,https://www.last.fm/music/Drake/_/Crew+Love,Crew Love,Drake
2025-02-21 23:39:04,1740191944,https://www.last.fm/music/Drake/_/Crew+Love,Crew Love,Drake
2025-02-21 20:03:35,1740179015,https://www.last.fm/music/PARTYNEXTDOOR/_/SOMETHING+ABOUT+YOU,SOMETHING ABOUT YOU,PARTYNEXTDOOR
2025-02-21 16:11:10,1740165070,https://www.last.fm/music/Drake/_/Nothings+Into+Somethings,Nothings Into Somethings,Drake
2025-02-21 15:56:49,1740164209,https://www.last.fm/music/Drake/_/Jaded,Jaded,Drake
2025-02-21 15:03:32,1740161012,https://www.last.fm/music/Drake/_/Teenage+Fever,Teenage Fever,Drake
2025-02-21 12:11:49,1740150709,"https://www.last.fm/music/Drake/_/Hold+On,+We%27re+Going+Home","Hold On, We're Going Home",Drake
2025-02-20 19:17:57,1740089877,https://www.last.fm/music/Drake/_/Under+Ground+Kings,Under Ground Kings,Drake
2025-02-20 19:08:54,1740089334,https://www.last.fm/music/Drake/_/We%27ll+Be+Fine,We'll Be Fine,Drake
2025-02-20 16:07:02,1740078422,https://www.last.fm/music/Drake/_/Marvins+Room,Marvins Room,Drake
2025-02-20 11:06:06,1740060366,https://www.last.fm/music/Drake/_/Chicago+Freestyle+(feat.+Giveon),Chicago Freestyle (feat. Giveon),Drake
2025-02-20 10:13:44,1740057224,https://www.last.fm/music/Drake/_/Jaded,Jaded,Drake
2025-02-20 09:25:34,1740054334,https://www.last.fm/music/Drake/_/Crew+Love,Crew Love,Drake
2025-02-20 08:17:49,1740050269,https://www.last.fm/music/Drake/_/HYFR+(Hell+Ya+Fucking+Right),HYFR (Hell Ya Fucking Right),Drake
2025-02-20 08:12:47,1740049967,https://www.last.fm/music/Drake/_/Look+What+You%27ve+Done,Look What You've Done,Drake
2025-02-20 08:07:25,1740049645,https://www.last.fm/music/Drake/_/The+Real+Her,The Real Her,Drake
2025-02-20 08:01:30,1740049290,https://www.last.fm/music/Drake/_/Doing+It+Wrong,Doing It Wrong,Drake
2025-02-20 07:53:10,1740048790,https://www.last.fm/music/Drake/_/Cameras+%2F+Good+Ones+Go+Interlude+-+Medley,Cameras / Good Ones Go Interlude - Medley,Drake
2025-02-20 07:33:26,1740047606,https://www.last.fm/music/Drake/_/We%27ll+Be+Fine,We'll Be Fine,Drake
2025-02-20 07:29:53,1740047393,https://www.last.fm/music/Drake/_/Under+Ground+Kings,Under Ground Kings,Drake
2025-02-20 07:27:22,1740047242,https://www.last.fm/music/Drake/_/Buried+Alive+Interlude,Buried Alive Interlude,Drake
2025-02-20 07:21:36,1740046896,https://www.last.fm/music/Drake/_/Marvins+Room,Marvins Room,Drake
2025-02-19 16:53:59,1739994839,https://www.last.fm/music/Drake/_/We%27ll+Be+Fine,We'll Be Fine,Drake
2025-02-19 12:21:42,1739978502,https://www.last.fm/music/Drake/_/Teenage+Fever,Teenage Fever,Drake
2025-02-19 12:11:53,1739977913,https://www.last.fm/music/Drake/_/Jaded,Jaded,Drake
2025-02-19 12:02:45,1739977365,https://www.last.fm/music/James+Blake/_/Mile+High+(feat.+Travis+Scott+&+Metro+Boomin),Mile High (feat. Travis Scott & Metro Boomin),James Blake
2025-02-19 11:43:01,1739976181,https://www.last.fm/music/Drake/_/We%27ll+Be+Fine,We'll Be Fine,Drake
2025-02-18 16:50:42,1739908242,https://www.last.fm/music/Drake/_/We%27ll+Be+Fine,We'll Be Fine,Drake
2025-02-18 11:56:44,1739890604,https://www.last.fm/music/Drake/_/9,9,Drake
2025-02-17 21:02:54,1739836974,https://www.last.fm/music/Drake/_/Headlines,Headlines,Drake
2025-02-17 20:00:08,1739833208,https://www.last.fm/music/Drake/_/We%27ll+Be+Fine,We'll Be Fine,Drake
2025-02-17 19:50:23,1739832623,https://www.last.fm/music/Drake/_/9,9,Drake
2025-05-15 08:29:39,1747308579,https://www.last.fm/music/Drake/_/Make+Me+Proud,Make Me Proud,Drake
2025-02-17 14:37:05,1739813825,https://www.last.fm/music/Drake/_/Crew+Love,Crew Love,Drake
2025-02-17 13:19:45,1739809185,https://www.last.fm/music/Drake/_/Fancy,Fancy,Drake
2025-02-17 12:43:13,1739806993,https://www.last.fm/music/Drake/_/Marvins+Room,Marvins Room,Drake
2025-02-17 09:54:55,1739796895,https://www.last.fm/music/Drake/_/9,9,Drake
2025-02-16 10:37:45,1739713065,https://www.last.fm/music/Drake/_/9,9,Drake
2025-02-15 11:06:38,1739628398,https://www.last.fm/music/Drake/_/9,9,Drake
2025-02-15 11:00:40,1739628040,https://www.last.fm/music/Drake/_/Forever,Forever,Drake
2025-02-10 23:43:41,1739241821,https://www.last.fm/music/Drake/_/Fancy,Fancy,Drake
2025-02-09 19:54:40,1739141680,https://www.last.fm/music/Drake/_/Now+&+Forever,Now & Forever,Drake
2025-02-09 17:59:55,1739134795,https://www.last.fm/music/Drake/_/We%27ll+Be+Fine,We'll Be Fine,Drake
2025-02-09 13:55:31,1739120131,https://www.last.fm/music/Drake/_/Circadian+Rhythm,Circadian Rhythm,Drake
2025-02-09 13:26:49,1739118409,https://www.last.fm/music/Drake/_/Crew+Love,Crew Love,Drake
2025-02-09 11:29:09,1739111349,https://www.last.fm/music/Drake/_/Marvins+Room,Marvins Room,Drake
2025-02-09 10:56:19,1739109379,https://www.last.fm/music/Drake/_/Fire+&+Desire,Fire & Desire,Drake
2025-02-08 23:34:49,1739068489,https://www.last.fm/music/Drake/_/Cameras+%2F+Good+Ones+Go+Interlude+-+Medley,Cameras / Good Ones Go Interlude - Medley,Drake
2025-02-07 15:59:37,1738954777,https://www.last.fm/music/Drake/_/Marvins+Room,Marvins Room,Drake
2025-02-07 15:46:28,1738953988,https://www.last.fm/music/Drake/_/Fire+&+Desire,Fire & Desire,Drake
2025-02-06 18:06:28,1738875988,https://www.last.fm/music/Drake/_/Fire+&+Desire,Fire & Desire,Drake
2025-02-06 16:47:31,1738871251,https://www.last.fm/music/Drake/_/Cameras+%2F+Good+Ones+Go+Interlude+-+Medley,Cameras / Good Ones Go Interlude - Medley,Drake
2025-02-05 20:06:35,1738796795,https://www.last.fm/music/Drake/_/Love+All+(with+JAY-Z),Love All (with JAY-Z),Drake
2025-02-04 11:46:49,1738680409,https://www.last.fm/music/Drake/_/Feel+No+Ways,Feel No Ways,Drake
2025-02-04 11:00:47,1738677647,https://www.last.fm/music/Drake/_/Teenage+Fever,Teenage Fever,Drake
2025-02-04 10:25:32,1738675532,https://www.last.fm/music/Drake/_/Jungle,Jungle,Drake
2025-02-04 09:45:25,1738673125,https://www.last.fm/music/Drake/_/Not+You+Too+(feat.+Chris+Brown),Not You Too (feat. Chris Brown),Drake
2025-02-04 07:48:00,1738666080,https://www.last.fm/music/Drake/_/Not+You+Too+(feat.+Chris+Brown),Not You Too (feat. Chris Brown),Drake
2025-02-04 07:47:46,1738666066,https://www.last.fm/music/Drake/_/Cameras+%2F+Good+Ones+Go+Interlude+-+Medley,Cameras / Good Ones Go Interlude - Medley,Drake
2025-02-03 15:01:41,1738605701,https://www.last.fm/music/Drake/_/Yebba%E2%80%99s+Heartbreak,Yebba’s Heartbreak,Drake
2025-02-03 14:48:38,1738604918,https://www.last.fm/music/Drake/_/Crew+Love,Crew Love,Drake
2025-02-03 14:04:50,1738602290,https://www.last.fm/music/Drake/_/Jaded,Jaded,Drake
2025-01-28 14:16:56,1738084616,https://www.last.fm/music/Drake/_/Marvins+Room,Marvins Room,Drake
2025-02-03 08:43:30,1738583010,https://www.last.fm/music/Drake/_/Marvins+Room,Marvins Room,Drake
2025-01-31 18:56:27,1738360587,https://www.last.fm/music/Drake/_/Chicago+Freestyle+(feat.+Giveon),Chicago Freestyle (feat. Giveon),Drake
2025-02-02 07:45:32,1738493132,https://www.last.fm/music/Drake/_/Chicago+Freestyle+(feat.+Giveon),Chicago Freestyle (feat. Giveon),Drake
2025-02-01 15:09:57,1738433397,https://www.last.fm/music/Drake/_/Hotline+Bling,Hotline Bling,Drake
2025-02-01 13:23:59,1738427039,https://www.last.fm/music/Drake/_/F*****g+Fans,F*****g Fans,Drake
2025-01-31 21:32:23,1738369943,https://www.last.fm/music/Drake/_/Nothings+Into+Somethings,Nothings Into Somethings,Drake
2025-01-31 21:13:40,1738368820,https://www.last.fm/music/Drake/_/U+With+Me%3F,U With Me?,Drake
2025-01-31 21:10:14,1738368614,https://www.last.fm/music/Drake/_/Peak,Peak,Drake
2025-01-31 20:27:11,1738366031,https://www.last.fm/music/Drake/_/Headlines,Headlines,Drake
2025-01-31 19:00:08,1738360808,https://www.last.fm/music/Drake/_/Can+I,Can I,Drake
2025-01-29 20:02:00,1738191720,https://www.last.fm/music/Drake/_/Can+I,Can I,Drake
2025-01-31 10:40:43,1738330843,https://www.last.fm/music/Drake/_/9,9,Drake
2025-01-30 21:20:23,1738282823,https://www.last.fm/music/Drake/_/We%27ll+Be+Fine,We'll Be Fine,Drake
2025-01-30 21:16:16,1738282576,https://www.last.fm/music/Drake/_/Crew+Love,Crew Love,Drake
2025-01-30 21:12:21,1738282341,https://www.last.fm/music/Drake/_/Headlines,Headlines,Drake
2025-01-30 17:24:20,1738268660,https://www.last.fm/music/Drake/_/Love+All+(with+JAY-Z),Love All (with JAY-Z),Drake
2025-01-30 14:14:01,1738257241,https://www.last.fm/music/Drake/_/In+the+Bible+(with+Lil+Durk+&+GIVEON),In the Bible (with Lil Durk & GIVEON),Drake
2025-01-30 14:10:20,1738257020,https://www.last.fm/music/Drake/_/Girls+Want+Girls+(with+Lil+Baby),Girls Want Girls (with Lil Baby),Drake
2025-01-30 10:42:21,1738244541,https://www.last.fm/music/James+Blake/_/Mile+High+(feat.+Travis+Scott+&+Metro+Boomin),Mile High (feat. Travis Scott & Metro Boomin),James Blake
2025-01-28 14:30:40,1738085440,https://www.last.fm/music/Drake/_/Under+Ground+Kings,Under Ground Kings,Drake
2025-01-29 20:10:49,1738192249,https://www.last.fm/music/Drake/_/Fire+&+Desire,Fire & Desire,Drake
2025-01-29 19:17:03,1738189023,https://www.last.fm/music/Drake/_/Love+All+(with+JAY-Z),Love All (with JAY-Z),Drake
2025-01-29 19:13:38,1738188818,https://www.last.fm/music/Drake/_/TSU,TSU,Drake
2025-01-29 18:49:07,1738187347,https://www.last.fm/music/Drake/_/Way+2+Sexy+(with+Future+&+Young+Thug),Way 2 Sexy (with Future & Young Thug),Drake
2025-01-29 18:44:16,1738187056,https://www.last.fm/music/Drake/_/Fair+Trade+(with+Travis+Scott),Fair Trade (with Travis Scott),Drake
2025-01-29 18:40:27,1738186827,https://www.last.fm/music/Drake/_/Love+All+(with+JAY-Z),Love All (with JAY-Z),Drake
2025-01-29 18:17:44,1738185464,https://www.last.fm/music/Drake/_/In+the+Bible+(with+Lil+Durk+&+GIVEON),In the Bible (with Lil Durk & GIVEON),Drake
2025-01-29 18:14:04,1738185244,https://www.last.fm/music/Drake/_/Girls+Want+Girls+(with+Lil+Baby),Girls Want Girls (with Lil Baby),Drake
2025-01-29 15:25:54,1738175154,https://www.last.fm/music/Drake/_/Love+All+(with+JAY-Z),Love All (with JAY-Z),Drake
2025-01-29 14:48:08,1738172888,https://www.last.fm/music/Drake/_/Can+I,Can I,Drake
2025-01-29 14:07:23,1738170443,https://www.last.fm/music/Drake/_/No+Friends+in+the+Industry,No Friends in the Industry,Drake
2025-01-29 13:47:10,1738169230,https://www.last.fm/music/Drake/_/Yebba%E2%80%99s+Heartbreak,Yebba’s Heartbreak,Drake
2025-01-29 11:32:16,1738161136,https://www.last.fm/music/Drake/_/God%27s+Plan,God's Plan,Drake
2025-01-29 11:28:45,1738160925,https://www.last.fm/music/Drake/_/Nice+for+What,Nice for What,Drake
2025-01-29 11:25:50,1738160750,https://www.last.fm/music/Drake/_/In+the+Bible+(with+Lil+Durk+&+GIVEON),In the Bible (with Lil Durk & GIVEON),Drake
2025-01-29 11:22:10,1738160530,https://www.last.fm/music/Drake/_/Girls+Want+Girls+(with+Lil+Baby),Girls Want Girls (with Lil Baby),Drake
2025-01-29 11:03:39,1738159419,https://www.last.fm/music/Drake/_/Love+All+(with+JAY-Z),Love All (with JAY-Z),Drake
2025-01-28 20:17:25,1738106245,https://www.last.fm/music/Drake/_/Peak,Peak,Drake
2025-01-28 19:58:41,1738105121,https://www.last.fm/music/Drake/_/Jaded,Jaded,Drake
2025-01-28 14:28:42,1738085322,https://www.last.fm/music/Drake/_/Buried+Alive+Interlude,Buried Alive Interlude,Drake
2025-01-28 17:54:30,1738097670,https://www.last.fm/music/Drake/_/Doing+It+Wrong,Doing It Wrong,Drake
2025-01-28 16:37:54,1738093074,https://www.last.fm/music/Drake/_/Feel+No+Ways,Feel No Ways,Drake
2025-01-28 16:13:28,1738091608,https://www.last.fm/music/James+Blake/_/Mile+High+(feat.+Travis+Scott+&+Metro+Boomin),Mile High (feat. Travis Scott & Metro Boomin),James Blake
2025-01-28 15:59:14,1738090754,https://www.last.fm/music/Drake/_/Teenage+Fever,Teenage Fever,Drake
2025-01-28 08:24:59,1738063499,https://www.last.fm/music/Drake/_/Yebba%E2%80%99s+Heartbreak,Yebba’s Heartbreak,Drake
2025-01-27 19:34:02,1738017242,https://www.last.fm/music/Drake/_/Fire+&+Desire,Fire & Desire,Drake
2025-01-27 18:03:02,1738011782,https://www.last.fm/music/James+Blake/_/Mile+High+(feat.+Travis+Scott+&+Metro+Boomin),Mile High (feat. Travis Scott & Metro Boomin),James Blake
2025-01-27 17:57:25,1738011445,https://www.last.fm/music/Drake/_/Marvins+Room,Marvins Room,Drake
2025-01-27 16:13:36,1738005216,https://www.last.fm/music/Drake/_/Fire+&+Desire,Fire & Desire,Drake
2025-01-27 14:52:08,1738000328,https://www.last.fm/music/Drake/_/Teenage+Fever,Teenage Fever,Drake
2025-01-27 14:50:08,1738000208,https://www.last.fm/music/Drake/_/Circadian+Rhythm,Circadian Rhythm,Drake
2025-01-27 14:46:20,1737999980,https://www.last.fm/music/Drake/_/Headlines,Headlines,Drake
2025-01-27 14:43:30,1737999810,https://www.last.fm/music/Drake/_/Yebba%E2%80%99s+Heartbreak,Yebba’s Heartbreak,Drake
2025-01-27 14:39:40,1737999580,https://www.last.fm/music/Drake/_/Love+All+(with+JAY-Z),Love All (with JAY-Z),Drake
2025-01-23 23:00:07,1737684007,https://www.last.fm/music/Drake/_/9,9,Drake
2025-01-26 21:09:03,1737936543,https://www.last.fm/music/Drake/_/Fire+&+Desire,Fire & Desire,Drake
2025-01-26 21:04:49,1737936289,https://www.last.fm/music/Drake/_/Jaded,Jaded,Drake
2025-01-26 20:17:45,1737933465,https://www.last.fm/music/Drake/_/Marvins+Room,Marvins Room,Drake
2025-01-26 19:49:22,1737931762,https://www.last.fm/music/Drake/_/Fire+&+Desire,Fire & Desire,Drake
2025-01-24 18:42:32,1737754952,https://www.last.fm/music/Drake/_/9,9,Drake
2025-01-24 18:39:35,1737754775,https://www.last.fm/music/Drake/_/Make+Me+Proud,Make Me Proud,Drake
2025-01-24 18:30:18,1737754218,https://www.last.fm/music/Drake/_/We%27ll+Be+Fine,We'll Be Fine,Drake
2025-01-24 18:07:12,1737752832,https://www.last.fm/music/Drake/_/Doing+It+Wrong,Doing It Wrong,Drake
2025-01-24 18:03:47,1737752627,https://www.last.fm/music/Drake/_/Peak,Peak,Drake
2025-01-24 17:43:24,1737751404,https://www.last.fm/music/Drake/_/Fire+&+Desire,Fire & Desire,Drake
2025-01-24 16:13:57,1737746037,https://www.last.fm/music/Drake/_/9,9,Drake
2025-01-24 15:57:38,1737745058,https://www.last.fm/music/Drake/_/Jaded,Jaded,Drake
2025-01-24 15:06:16,1737741976,https://www.last.fm/music/Drake/_/Marvins+Room,Marvins Room,Drake
2025-01-24 12:15:13,1737731713,https://www.last.fm/music/Drake/_/Love+All+(with+JAY-Z),Love All (with JAY-Z),Drake
2025-01-23 23:08:03,1737684483,https://www.last.fm/music/Drake/_/Cameras+%2F+Good+Ones+Go+Interlude+-+Medley,Cameras / Good Ones Go Interlude - Medley,Drake
2025-01-23 23:04:14,1737684254,https://www.last.fm/music/Drake/_/Fire+&+Desire,Fire & Desire,Drake
2025-01-23 20:49:26,1737676166,https://www.last.fm/music/Drake/_/Peak,Peak,Drake
2025-01-23 20:45:56,1737675956,https://www.last.fm/music/Drake/_/Make+Me+Proud,Make Me Proud,Drake
2025-01-23 20:41:23,1737675683,https://www.last.fm/music/Drake/_/We%27ll+Be+Fine,We'll Be Fine,Drake
2025-01-23 16:54:53,1737662093,https://www.last.fm/music/Drake/_/Yebba%E2%80%99s+Heartbreak,Yebba’s Heartbreak,Drake
2025-01-23 13:27:55,1737649675,https://www.last.fm/music/Drake/_/Hotline+Bling,Hotline Bling,Drake
2025-01-23 13:17:54,1737649074,https://www.last.fm/music/Drake/_/Can+I,Can I,Drake
2025-01-23 11:54:47,1737644087,https://www.last.fm/music/Drake/_/Feel+No+Ways,Feel No Ways,Drake
2025-01-23 10:57:08,1737640628,https://www.last.fm/music/Drake/_/F*****g+Fans,F*****g Fans,Drake
2025-01-23 10:54:25,1737640465,https://www.last.fm/music/Drake/_/Yebba%E2%80%99s+Heartbreak,Yebba’s Heartbreak,Drake
2025-01-23 10:51:08,1737640268,https://www.last.fm/music/Drake/_/Fair+Trade+(with+Travis+Scott),Fair Trade (with Travis Scott),Drake
2025-01-23 10:46:50,1737640010,https://www.last.fm/music/Drake/_/Love+All+(with+JAY-Z),Love All (with JAY-Z),Drake
2025-01-23 10:41:54,1737639714,https://www.last.fm/music/Drake/_/In+the+Bible+(with+Lil+Durk+&+GIVEON),In the Bible (with Lil Durk & GIVEON),Drake
2025-01-23 10:38:12,1737639492,https://www.last.fm/music/Drake/_/Girls+Want+Girls+(with+Lil+Baby),Girls Want Girls (with Lil Baby),Drake
2025-01-23 10:15:41,1737638141,https://www.last.fm/music/Drake/_/Not+You+Too+(feat.+Chris+Brown),Not You Too (feat. Chris Brown),Drake
2025-01-22 21:46:58,1737593218,https://www.last.fm/music/Drake/_/Nothings+Into+Somethings,Nothings Into Somethings,Drake
2025-01-22 21:29:47,1737592187,https://www.last.fm/music/Drake/_/Fire+&+Desire,Fire & Desire,Drake
2025-01-22 21:26:22,1737591982,https://www.last.fm/music/Drake/_/Peak,Peak,Drake
2025-01-22 20:05:20,1737587120,https://www.last.fm/music/Drake/_/Can+I,Can I,Drake
2025-01-22 18:39:17,1737581957,https://www.last.fm/music/James+Blake/_/Mile+High+(feat.+Travis+Scott+&+Metro+Boomin),Mile High (feat. Travis Scott & Metro Boomin),James Blake
2025-01-22 18:02:47,1737579767,https://www.last.fm/music/Drake/_/Hotline+Bling,Hotline Bling,Drake
2025-01-22 17:45:18,1737578718,https://www.last.fm/music/Drake/_/Can+I,Can I,Drake
2025-01-22 17:30:45,1737577845,https://www.last.fm/music/Drake/_/Love+All+(with+JAY-Z),Love All (with JAY-Z),Drake
2025-01-22 17:17:03,1737577023,https://www.last.fm/music/Drake/_/Don%E2%80%99t+Matter+To+Me+(with+Michael+Jackson),Don’t Matter To Me (with Michael Jackson),Drake
2025-01-22 10:35:35,1737552935,https://www.last.fm/music/Drake/_/Fire+&+Desire,Fire & Desire,Drake
2025-01-22 10:15:37,1737551737,https://www.last.fm/music/Drake/_/Fire+&+Desire,Fire & Desire,Drake
2025-01-22 09:52:38,1737550358,https://www.last.fm/music/Drake/_/Feel+No+Ways,Feel No Ways,Drake
2025-01-22 09:13:49,1737548029,https://www.last.fm/music/James+Blake/_/Mile+High+(feat.+Travis+Scott+&+Metro+Boomin),Mile High (feat. Travis Scott & Metro Boomin),James Blake
2025-01-22 07:55:12,1737543312,https://www.last.fm/music/Drake/_/Jungle,Jungle,Drake
2025-01-21 18:34:50,1737495290,https://www.last.fm/music/Drake/_/9,9,Drake
2025-01-21 16:19:54,1737487194,https://www.last.fm/music/Drake/_/Jungle,Jungle,Drake
2025-01-21 15:46:05,1737485165,https://www.last.fm/music/Drake/_/Fair+Trade+(with+Travis+Scott),Fair Trade (with Travis Scott),Drake
2025-01-21 15:39:25,1737484765,https://www.last.fm/music/Drake/_/Love+All+(with+JAY-Z),Love All (with JAY-Z),Drake
2025-01-21 15:34:28,1737484468,https://www.last.fm/music/Drake/_/In+the+Bible+(with+Lil+Durk+&+GIVEON),In the Bible (with Lil Durk & GIVEON),Drake
2025-01-21 15:30:46,1737484246,https://www.last.fm/music/Drake/_/Girls+Want+Girls+(with+Lil+Baby),Girls Want Girls (with Lil Baby),Drake
2025-01-21 14:47:00,1737481620,https://www.last.fm/music/Drake/_/Fire+&+Desire,Fire & Desire,Drake
2025-01-21 14:43:51,1737481431,https://www.last.fm/music/Drake/_/Can+I,Can I,Drake
2025-01-21 14:39:15,1737481155,https://www.last.fm/music/Drake/_/Doing+It+Wrong,Doing It Wrong,Drake
2025-01-21 14:33:20,1737480800,https://www.last.fm/music/Drake/_/We%27ll+Be+Fine,We'll Be Fine,Drake
2025-01-21 14:29:47,1737480587,https://www.last.fm/music/Drake/_/Under+Ground+Kings,Under Ground Kings,Drake
2025-01-21 14:27:16,1737480436,https://www.last.fm/music/Drake/_/Buried+Alive+Interlude,Buried Alive Interlude,Drake
2025-01-21 14:21:30,1737480090,https://www.last.fm/music/Drake/_/Marvins+Room,Marvins Room,Drake
2025-01-21 14:17:34,1737479854,https://www.last.fm/music/Drake/_/Headlines,Headlines,Drake
2025-01-21 11:48:33,1737470913,https://www.last.fm/music/Drake/_/Teenage+Fever,Teenage Fever,Drake
2025-01-21 11:41:23,1737470483,https://www.last.fm/music/Drake/_/F*****g+Fans,F*****g Fans,Drake
2025-01-21 11:37:40,1737470260,https://www.last.fm/music/Drake/_/Love+All+(with+JAY-Z),Love All (with JAY-Z),Drake
2025-01-21 10:40:37,1737466837,https://www.last.fm/music/Drake/_/Can+I,Can I,Drake
2025-01-21 09:24:51,1737462291,https://www.last.fm/music/Drake/_/Summers+Over+Interlude,Summers Over Interlude,Drake
2025-01-20 17:23:19,1737404599,https://www.last.fm/music/Drake/_/Teenage+Fever,Teenage Fever,Drake
2025-01-20 16:32:41,1737401561,https://www.last.fm/music/Drake/_/We%27ll+Be+Fine,We'll Be Fine,Drake
2025-01-20 16:14:23,1737400463,https://www.last.fm/music/Drake/_/Peak,Peak,Drake
2025-01-20 14:40:59,1737394859,https://www.last.fm/music/Drake/_/F*****g+Fans,F*****g Fans,Drake
2025-01-20 13:40:25,1737391225,https://www.last.fm/music/Drake/_/Nothings+Into+Somethings,Nothings Into Somethings,Drake
2025-01-20 13:26:27,1737390387,https://www.last.fm/music/Drake/_/Don%E2%80%99t+Matter+To+Me+(with+Michael+Jackson),Don’t Matter To Me (with Michael Jackson),Drake
2025-01-20 13:23:02,1737390182,https://www.last.fm/music/Drake/_/Peak,Peak,Drake
2025-01-20 13:08:28,1737389308,https://www.last.fm/music/Drake/_/4422,4422,Drake
2025-01-20 12:59:18,1737388758,https://www.last.fm/music/Drake/_/Jaded,Jaded,Drake
2025-01-20 12:27:12,1737386832,https://www.last.fm/music/Drake/_/9,9,Drake
2025-01-20 11:54:04,1737384844,https://www.last.fm/music/Drake/_/Cameras+%2F+Good+Ones+Go+Interlude+-+Medley,Cameras / Good Ones Go Interlude - Medley,Drake
2025-01-20 11:38:26,1737383906,https://www.last.fm/music/Drake/_/Marvins+Room,Marvins Room,Drake
2025-01-20 11:14:46,1737382486,https://www.last.fm/music/Drake/_/Fire+&+Desire,Fire & Desire,Drake
2025-01-19 23:15:19,1737339319,https://www.last.fm/music/Drake/_/Teenage+Fever,Teenage Fever,Drake
2025-01-19 22:58:15,1737338295,https://www.last.fm/music/Drake/_/Marvins+Room,Marvins Room,Drake
2025-01-19 22:47:28,1737337648,https://www.last.fm/music/James+Blake/_/Mile+High+(feat.+Travis+Scott+&+Metro+Boomin),Mile High (feat. Travis Scott & Metro Boomin),James Blake
2025-01-19 22:19:00,1737335940,https://www.last.fm/music/Drake/_/Fire+&+Desire,Fire & Desire,Drake
2025-01-19 21:58:34,1737334714,https://www.last.fm/music/Drake/_/Fire+&+Desire,Fire & Desire,Drake
2025-01-19 21:14:06,1737332046,https://www.last.fm/music/Drake/_/Cameras+%2F+Good+Ones+Go+Interlude+-+Medley,Cameras / Good Ones Go Interlude - Medley,Drake
2025-01-19 20:51:39,1737330699,https://www.last.fm/music/Drake/_/Love+All+(with+JAY-Z),Love All (with JAY-Z),Drake
2025-01-18 20:08:29,1737241709,https://www.last.fm/music/Drake/_/Fire+&+Desire,Fire & Desire,Drake
2025-01-18 19:30:37,1737239437,https://www.last.fm/music/Drake/_/Crew+Love,Crew Love,Drake
2025-01-18 18:50:00,1737237000,https://www.last.fm/music/Drake/_/Don%E2%80%99t+Matter+To+Me+(with+Michael+Jackson),Don’t Matter To Me (with Michael Jackson),Drake
2025-01-18 18:46:24,1737236784,https://www.last.fm/music/Drake/_/Peak,Peak,Drake
2025-01-18 18:01:07,1737234067,https://www.last.fm/music/Drake/_/Finesse,Finesse,Drake
2025-01-18 17:57:06,1737233826,https://www.last.fm/music/Drake/_/Peak,Peak,Drake
2025-01-18 14:56:56,1737223016,https://www.last.fm/music/Drake/_/Jungle,Jungle,Drake
2025-01-17 17:57:15,1737147435,https://www.last.fm/music/Drake/_/9,9,Drake
2025-01-17 15:05:58,1737137158,https://www.last.fm/music/Drake/_/Buried+Alive+Interlude,Buried Alive Interlude,Drake
2025-01-17 15:00:11,1737136811,https://www.last.fm/music/Drake/_/Marvins+Room,Marvins Room,Drake
2025-01-17 11:34:27,1737124467,https://www.last.fm/music/Drake/_/Headlines,Headlines,Drake
2025-01-16 21:18:45,1737073125,https://www.last.fm/music/Drake/_/Buried+Alive+Interlude,Buried Alive Interlude,Drake
2025-01-16 21:12:59,1737072779,https://www.last.fm/music/Drake/_/Marvins+Room,Marvins Room,Drake
2025-01-16 21:09:00,1737072540,https://www.last.fm/music/Drake/_/Crew+Love,Crew Love,Drake
2025-01-16 21:05:04,1737072304,https://www.last.fm/music/Drake/_/Headlines,Headlines,Drake
2025-01-16 18:08:57,1737061737,https://www.last.fm/music/Drake/_/Fire+&+Desire,Fire & Desire,Drake
2025-01-16 18:04:52,1737061492,https://www.last.fm/music/Drake/_/9,9,Drake
2025-01-14 19:44:15,1736894655,https://www.last.fm/music/Drake/_/Fire+&+Desire,Fire & Desire,Drake
2025-01-14 19:40:28,1736894428,https://www.last.fm/music/Drake/_/9,9,Drake
2025-01-14 18:14:50,1736889290,https://www.last.fm/music/Drake/_/Cameras+%2F+Good+Ones+Go+Interlude+-+Medley,Cameras / Good Ones Go Interlude - Medley,Drake
2025-01-14 15:53:22,1736880802,https://www.last.fm/music/Drake/_/Fire+&+Desire,Fire & Desire,Drake
2025-01-14 15:49:06,1736880546,https://www.last.fm/music/Drake/_/9,9,Drake
2025-01-14 14:13:05,1736874785,https://www.last.fm/music/Drake/_/HYFR+(Hell+Ya+Fucking+Right),HYFR (Hell Ya Fucking Right),Drake
2025-01-14 14:08:04,1736874484,https://www.last.fm/music/Drake/_/Look+What+You%27ve+Done,Look What You've Done,Drake
2025-01-14 14:01:43,1736874103,https://www.last.fm/music/Drake/_/The+Real+Her,The Real Her,Drake
2025-01-14 13:57:17,1736873837,https://www.last.fm/music/Drake/_/Doing+It+Wrong,Doing It Wrong,Drake
2025-01-14 13:47:06,1736873226,https://www.last.fm/music/Drake/_/Cameras+%2F+Good+Ones+Go+Interlude+-+Medley,Cameras / Good Ones Go Interlude - Medley,Drake
2025-01-13 22:41:39,1736818899,https://www.last.fm/music/Drake/_/Love+All+(with+JAY-Z),Love All (with JAY-Z),Drake
2025-01-13 22:26:02,1736817962,https://www.last.fm/music/Drake/_/Not+You+Too+(feat.+Chris+Brown),Not You Too (feat. Chris Brown),Drake
2025-01-13 21:30:56,1736814656,https://www.last.fm/music/Drake/_/Teenage+Fever,Teenage Fever,Drake
2025-01-13 20:40:56,1736811656,https://www.last.fm/music/Drake/_/Not+You+Too+(feat.+Chris+Brown),Not You Too (feat. Chris Brown),Drake
2025-01-13 18:56:19,1736805379,https://www.last.fm/music/Drake/_/4422,4422,Drake
2025-01-13 18:51:20,1736805080,https://www.last.fm/music/Drake/_/Passionfruit,Passionfruit,Drake
2025-01-13 18:45:48,1736804748,https://www.last.fm/music/Drake/_/9,9,Drake
2025-01-13 18:24:34,1736803474,https://www.last.fm/music/Drake/_/Marvins+Room,Marvins Room,Drake
2025-01-13 18:13:04,1736802784,https://www.last.fm/music/Drake/_/Fire+&+Desire,Fire & Desire,Drake
2025-01-13 16:48:55,1736797735,https://www.last.fm/music/Drake/_/U+With+Me%3F,U With Me?,Drake
2025-01-13 16:38:08,1736797088,https://www.last.fm/music/Drake/_/9,9,Drake
2025-01-13 16:00:38,1736794838,https://www.last.fm/music/Drake/_/Not+You+Too+(feat.+Chris+Brown),Not You Too (feat. Chris Brown),Drake
2025-01-13 15:32:29,1736793149,https://www.last.fm/music/Drake/_/Jaded,Jaded,Drake
2025-01-12 19:12:12,1736719932,https://www.last.fm/music/Drake/_/Cameras+%2F+Good+Ones+Go+Interlude+-+Medley,Cameras / Good Ones Go Interlude - Medley,Drake
2025-01-11 16:24:22,1736623462,https://www.last.fm/music/Drake/_/Crew+Love,Crew Love,Drake
2025-01-11 16:14:12,1736622852,https://www.last.fm/music/Drake/_/Headlines,Headlines,Drake
2025-01-10 20:18:49,1736551129,https://www.last.fm/music/Drake/_/Yebba%E2%80%99s+Heartbreak,Yebba’s Heartbreak,Drake
2025-01-10 19:47:13,1736549233,https://www.last.fm/music/Drake/_/Don%E2%80%99t+Matter+To+Me+(with+Michael+Jackson),Don’t Matter To Me (with Michael Jackson),Drake
2025-01-10 18:46:37,1736545597,https://www.last.fm/music/Drake/_/Fair+Trade+(with+Travis+Scott),Fair Trade (with Travis Scott),Drake
2025-01-10 18:42:41,1736545361,https://www.last.fm/music/Drake/_/F*****g+Fans,F*****g Fans,Drake
2025-01-10 18:39:03,1736545143,https://www.last.fm/music/Drake/_/Love+All+(with+JAY-Z),Love All (with JAY-Z),Drake
2025-01-10 17:15:02,1736540102,https://www.last.fm/music/Drake/_/Crew+Love,Crew Love,Drake
2025-01-10 16:31:55,1736537515,https://www.last.fm/music/Drake/_/Jaded,Jaded,Drake
2025-01-10 15:02:54,1736532174,https://www.last.fm/music/Drake/_/Crew+Love,Crew Love,Drake
2025-01-10 14:56:10,1736531770,https://www.last.fm/music/Drake/_/9,9,Drake
2025-01-09 20:21:05,1736464865,https://www.last.fm/music/Drake/_/Don%E2%80%99t+Matter+To+Me+(with+Michael+Jackson),Don’t Matter To Me (with Michael Jackson),Drake
2025-01-09 19:42:18,1736462538,https://www.last.fm/music/Drake/_/Passionfruit,Passionfruit,Drake
2025-01-09 19:36:46,1736462206,https://www.last.fm/music/Drake/_/9,9,Drake
2025-01-09 18:13:48,1736457228,https://www.last.fm/music/Drake/_/9,9,Drake
2025-01-09 17:23:04,1736454184,https://www.last.fm/music/Drake/_/Crew+Love,Crew Love,Drake
2025-01-09 17:19:09,1736453949,https://www.last.fm/music/Drake/_/Headlines,Headlines,Drake
2025-01-08 22:16:10,1736385370,https://www.last.fm/music/Drake/_/Marvins+Room,Marvins Room,Drake
2025-01-08 18:30:11,1736371811,https://www.last.fm/music/Drake/_/Yebba%E2%80%99s+Heartbreak,Yebba’s Heartbreak,Drake
2025-01-08 18:25:58,1736371558,https://www.last.fm/music/Drake/_/Jaded,Jaded,Drake
2025-01-08 16:48:34,1736365714,https://www.last.fm/music/Drake/_/Fire+&+Desire,Fire & Desire,Drake
2025-01-08 16:30:31,1736364631,https://www.last.fm/music/Drake/_/Love+All+(with+JAY-Z),Love All (with JAY-Z),Drake
2025-01-08 16:15:43,1736363743,https://www.last.fm/music/Drake/_/After+Dark+(feat.+Static+Major+&+Ty+Dolla+$ign),After Dark (feat. Static Major & Ty Dolla $ign),Drake
2025-01-08 13:30:54,1736353854,https://www.last.fm/music/Drake/_/Not+You+Too+(feat.+Chris+Brown),Not You Too (feat. Chris Brown),Drake
2025-01-08 12:56:40,1736351800,https://www.last.fm/music/Drake/_/Marvins+Room,Marvins Room,Drake
2025-01-07 23:22:55,1736302975,https://www.last.fm/music/Drake/_/9,9,Drake
2025-01-07 20:17:20,1736291840,https://www.last.fm/music/Drake/_/Passionfruit,Passionfruit,Drake
2025-01-07 15:13:22,1736273602,https://www.last.fm/music/Drake/_/Marvins+Room,Marvins Room,Drake
2025-01-07 15:05:27,1736273127,https://www.last.fm/music/Drake/_/Yebba%E2%80%99s+Heartbreak,Yebba’s Heartbreak,Drake
2025-01-07 15:01:39,1736272899,https://www.last.fm/music/Drake/_/Fire+&+Desire,Fire & Desire,Drake
2025-01-07 13:01:45,1736265705,https://www.last.fm/music/Drake/_/Marvins+Room,Marvins Room,Drake
2025-01-06 21:00:30,1736208030,https://www.last.fm/music/Drake/_/Cameras+%2F+Good+Ones+Go+Interlude+-+Medley,Cameras / Good Ones Go Interlude - Medley,Drake
2025-01-06 20:49:55,1736207395,https://www.last.fm/music/Drake/_/We%27ll+Be+Fine,We'll Be Fine,Drake
2025-01-06 20:41:50,1736206910,https://www.last.fm/music/Drake/_/Marvins+Room,Marvins Room,Drake
2025-01-06 17:56:29,1736196989,https://www.last.fm/music/James+Blake/_/Mile+High+(feat.+Travis+Scott+&+Metro+Boomin),Mile High (feat. Travis Scott & Metro Boomin),James Blake
2025-01-06 17:33:46,1736195626,https://www.last.fm/music/Drake/_/Marvins+Room,Marvins Room,Drake
2025-01-06 17:25:06,1736195106,https://www.last.fm/music/Drake/_/Yebba%E2%80%99s+Heartbreak,Yebba’s Heartbreak,Drake
2025-01-06 17:14:26,1736194466,https://www.last.fm/music/Drake/_/Fire+&+Desire,Fire & Desire,Drake
2025-01-05 18:18:10,1736111890,https://www.last.fm/music/Drake/_/Cameras+%2F+Good+Ones+Go+Interlude+-+Medley,Cameras / Good Ones Go Interlude - Medley,Drake
2025-01-05 17:54:33,1736110473,https://www.last.fm/music/Drake/_/Jaded,Jaded,Drake
2025-01-05 16:49:05,1736106545,https://www.last.fm/music/Drake/_/Feel+No+Ways,Feel No Ways,Drake
2025-01-03 17:03:29,1735934609,https://www.last.fm/music/Drake/_/The+Real+Her,The Real Her,Drake
2025-01-03 16:07:10,1735931230,https://www.last.fm/music/Drake/_/9,9,Drake
2025-01-03 15:58:35,1735930715,https://www.last.fm/music/Drake/_/Sticky,Sticky,Drake
2025-01-03 15:50:36,1735930236,https://www.last.fm/music/Drake/_/Cameras+%2F+Good+Ones+Go+Interlude+-+Medley,Cameras / Good Ones Go Interlude - Medley,Drake
2025-01-03 15:34:11,1735929251,https://www.last.fm/music/Drake/_/Headlines,Headlines,Drake
2025-01-03 15:02:45,1735927365,https://www.last.fm/music/Drake/_/Marvins+Room,Marvins Room,Drake
2025-01-03 11:10:03,1735913403,https://www.last.fm/music/Drake/_/Not+You+Too+(feat.+Chris+Brown),Not You Too (feat. Chris Brown),Drake
2025-01-03 14:29:02,1735925342,https://www.last.fm/music/Drake/_/Jaded,Jaded,Drake
2025-01-03 12:23:19,1735917799,https://www.last.fm/music/Drake/_/Jaded,Jaded,Drake
2025-01-03 12:00:44,1735916444,https://www.last.fm/music/Drake/_/4422,4422,Drake
2025-01-03 11:01:27,1735912887,https://www.last.fm/music/Drake/_/Yebba%E2%80%99s+Heartbreak,Yebba’s Heartbreak,Drake
2025-01-03 10:15:34,1735910134,https://www.last.fm/music/Drake/_/Jungle,Jungle,Drake
2025-01-03 09:44:50,1735908290,https://www.last.fm/music/Drake/_/Marvins+Room,Marvins Room,Drake
2025-01-03 09:33:20,1735907600,https://www.last.fm/music/Drake/_/Crew+Love,Crew Love,Drake
2025-01-02 21:56:45,1735865805,https://www.last.fm/music/Drake/_/Take+Care,Take Care,Drake
2025-01-02 21:52:48,1735865568,https://www.last.fm/music/Drake/_/Crew+Love,Crew Love,Drake
2025-01-02 21:48:31,1735865311,https://www.last.fm/music/Drake/_/Headlines,Headlines,Drake
2025-01-02 19:30:09,1735857009,https://www.last.fm/music/Drake/_/Fire+&+Desire,Fire & Desire,Drake
2025-01-02 14:17:58,1735838278,https://www.last.fm/music/Drake/_/Look+What+You%27ve+Done,Look What You've Done,Drake
2025-01-02 14:12:10,1735837930,https://www.last.fm/music/Drake/_/The+Real+Her,The Real Her,Drake
2025-01-02 14:07:45,1735837665,https://www.last.fm/music/Drake/_/Doing+It+Wrong,Doing It Wrong,Drake
2025-01-02 13:58:18,1735837098,https://www.last.fm/music/Drake/_/Cameras+%2F+Good+Ones+Go+Interlude+-+Medley,Cameras / Good Ones Go Interlude - Medley,Drake
2025-01-02 10:41:44,1735825304,https://www.last.fm/music/Drake/_/Views,Views,Drake
2025-01-02 10:37:47,1735825067,https://www.last.fm/music/Drake/_/Fire+&+Desire,Fire & Desire,Drake
2025-01-02 10:33:07,1735824787,https://www.last.fm/music/Drake/_/9,9,Drake
2025-01-01 08:14:03,1735730043,https://www.last.fm/music/Drake/_/9,9,Drake
2024-12-31 20:31:57,1735687917,https://www.last.fm/music/Drake/_/Fire+&+Desire,Fire & Desire,Drake
2024-12-31 20:23:05,1735687385,https://www.last.fm/music/Drake/_/Marvins+Room,Marvins Room,Drake
2024-12-31 15:03:23,1735668203,https://www.last.fm/music/Drake/_/Cameras+%2F+Good+Ones+Go+Interlude+-+Medley,Cameras / Good Ones Go Interlude - Medley,Drake
2024-12-31 15:02:00,1735668120,https://www.last.fm/music/Drake/_/Buried+Alive+Interlude,Buried Alive Interlude,Drake
2024-12-31 14:56:14,1735667774,https://www.last.fm/music/Drake/_/Marvins+Room,Marvins Room,Drake
2024-12-30 19:00:21,1735596021,https://www.last.fm/music/James+Blake/_/Mile+High+(feat.+Travis+Scott+&+Metro+Boomin),Mile High (feat. Travis Scott & Metro Boomin),James Blake
2024-12-30 18:13:32,1735593212,https://www.last.fm/music/Drake/_/Forever,Forever,Drake
2024-12-30 16:38:53,1735587533,https://www.last.fm/music/Drake/_/Cameras+%2F+Good+Ones+Go+Interlude+-+Medley,Cameras / Good Ones Go Interlude - Medley,Drake
2024-12-30 16:35:02,1735587302,https://www.last.fm/music/Drake/_/9,9,Drake
2024-12-28 13:59:15,1735405155,https://www.last.fm/music/Drake/_/We%27ll+Be+Fine,We'll Be Fine,Drake
2024-12-28 13:51:00,1735404660,https://www.last.fm/music/Drake/_/Under+Ground+Kings,Under Ground Kings,Drake
2024-12-28 13:48:29,1735404509,https://www.last.fm/music/Drake/_/Buried+Alive+Interlude,Buried Alive Interlude,Drake
2024-12-28 13:42:43,1735404163,https://www.last.fm/music/Drake/_/Marvins+Room,Marvins Room,Drake
2024-12-28 00:08:06,1735355286,https://www.last.fm/music/Drake/_/Doing+It+Wrong,Doing It Wrong,Drake
2024-12-27 22:36:01,1735349761,https://www.last.fm/music/Drake/_/Lord+Knows,Lord Knows,Drake
2024-12-27 22:32:21,1735349541,https://www.last.fm/music/Drake/_/Make+Me+Proud,Make Me Proud,Drake
2024-12-27 22:28:15,1735349295,https://www.last.fm/music/Drake/_/We%27ll+Be+Fine,We'll Be Fine,Drake
2024-12-27 22:28:02,1735349282,https://www.last.fm/music/Drake/_/Look+What+You%27ve+Done,Look What You've Done,Drake
2024-12-27 20:35:10,1735342510,https://www.last.fm/music/Drake/_/The+Real+Her,The Real Her,Drake
2024-12-27 20:30:45,1735342245,https://www.last.fm/music/Drake/_/Doing+It+Wrong,Doing It Wrong,Drake
2024-12-27 20:23:31,1735341811,https://www.last.fm/music/Drake/_/Cameras+%2F+Good+Ones+Go+Interlude+-+Medley,Cameras / Good Ones Go Interlude - Medley,Drake
2024-12-27 20:19:18,1735341558,https://www.last.fm/music/Drake/_/We%27ll+Be+Fine,We'll Be Fine,Drake
2024-12-27 15:59:39,1735325979,https://www.last.fm/music/Drake/_/Crew+Love,Crew Love,Drake
2024-12-27 15:28:09,1735324089,https://www.last.fm/music/Drake/_/Crew+Love,Crew Love,Drake
2024-12-27 13:26:50,1735316810,https://www.last.fm/music/Drake/_/We%27ll+Be+Fine,We'll Be Fine,Drake
2024-12-27 13:10:55,1735315855,https://www.last.fm/music/Drake/_/Marvins+Room,Marvins Room,Drake
2024-12-27 13:10:48,1735315848,https://www.last.fm/music/Drake/_/Faithful,Faithful,Drake
2024-12-27 11:57:41,1735311461,https://www.last.fm/music/Drake/_/With+You,With You,Drake
2024-12-27 11:50:14,1735311014,https://www.last.fm/music/Drake/_/Redemption,Redemption,Drake
2024-12-27 11:44:22,1735310662,https://www.last.fm/music/Drake/_/Weston+Road+Flows,Weston Road Flows,Drake
2024-12-27 11:40:53,1735310453,https://www.last.fm/music/Drake/_/Hype,Hype,Drake
2024-12-27 11:36:52,1735310212,https://www.last.fm/music/Drake/_/Feel+No+Ways,Feel No Ways,Drake
2024-12-27 11:31:55,1735309915,https://www.last.fm/music/Drake/_/U+With+Me%3F,U With Me?,Drake
2024-12-27 11:27:40,1735309660,https://www.last.fm/music/Drake/_/9,9,Drake
2024-12-27 11:25:35,1735309535,https://www.last.fm/music/Drake/_/Buried+Alive+Interlude,Buried Alive Interlude,Drake
2024-12-26 23:16:42,1735265802,https://www.last.fm/music/Drake/_/9,9,Drake
2024-12-26 23:09:37,1735265377,https://www.last.fm/music/Drake/_/Cameras+%2F+Good+Ones+Go+Interlude+-+Medley,Cameras / Good Ones Go Interlude - Medley,Drake
2024-12-26 23:04:00,1735265040,https://www.last.fm/music/Drake/_/Marvins+Room,Marvins Room,Drake
2024-12-26 20:15:06,1735254906,https://www.last.fm/music/Drake/_/Forever,Forever,Drake
2024-12-26 18:43:22,1735249402,https://www.last.fm/music/Drake/_/We%27ll+Be+Fine,We'll Be Fine,Drake
2024-12-26 18:39:32,1735249172,https://www.last.fm/music/Drake/_/Headlines,Headlines,Drake
2024-12-26 15:23:12,1735237392,https://www.last.fm/music/Drake/_/Teenage+Fever,Teenage Fever,Drake
2024-12-26 15:15:45,1735236945,https://www.last.fm/music/Drake/_/Hotline+Bling,Hotline Bling,Drake
2024-12-26 15:11:33,1735236693,https://www.last.fm/music/Drake/_/Fire+&+Desire,Fire & Desire,Drake
2024-12-26 15:07:31,1735236451,https://www.last.fm/music/Drake/_/9,9,Drake
2024-12-26 15:04:47,1735236287,https://www.last.fm/music/Drake/_/Look+What+You%27ve+Done,Look What You've Done,Drake
2024-12-26 12:47:00,1735228020,https://www.last.fm/music/Drake/_/9,9,Drake
2024-12-26 12:01:55,1735225315,https://www.last.fm/music/Drake/_/Jungle,Jungle,Drake
2024-12-26 10:15:52,1735218952,https://www.last.fm/music/Drake/_/Summers+Over+Interlude,Summers Over Interlude,Drake
2024-12-26 10:08:44,1735218524,https://www.last.fm/music/Drake/_/Redemption,Redemption,Drake
2024-12-26 10:04:30,1735218270,https://www.last.fm/music/Drake/_/Weston+Road+Flows,Weston Road Flows,Drake
2024-12-26 10:01:01,1735218061,https://www.last.fm/music/Drake/_/Hype,Hype,Drake
2024-12-26 09:57:01,1735217821,https://www.last.fm/music/Drake/_/Feel+No+Ways,Feel No Ways,Drake
2024-12-26 09:52:03,1735217523,https://www.last.fm/music/Drake/_/U+With+Me%3F,U With Me?,Drake
2024-12-26 09:47:47,1735217267,https://www.last.fm/music/Drake/_/9,9,Drake
2024-12-26 09:42:19,1735216939,https://www.last.fm/music/Drake/_/Keep+the+Family+Close,Keep the Family Close,Drake
2024-12-26 09:34:06,1735216446,https://www.last.fm/music/Drake/_/Doing+It+Wrong,Doing It Wrong,Drake
2024-12-26 09:26:52,1735216012,https://www.last.fm/music/Drake/_/Cameras+%2F+Good+Ones+Go+Interlude+-+Medley,Cameras / Good Ones Go Interlude - Medley,Drake
2024-12-25 23:21:14,1735179674,https://www.last.fm/music/Drake/_/Cameras+%2F+Good+Ones+Go+Interlude+-+Medley,Cameras / Good Ones Go Interlude - Medley,Drake
2024-12-25 18:00:53,1735160453,https://www.last.fm/music/Drake/_/Cameras+%2F+Good+Ones+Go+Interlude+-+Medley,Cameras / Good Ones Go Interlude - Medley,Drake
2024-12-25 12:05:18,1735139118,https://www.last.fm/music/Drake/_/Cameras+%2F+Good+Ones+Go+Interlude+-+Medley,Cameras / Good Ones Go Interlude - Medley,Drake
2024-12-24 16:05:01,1735067101,https://www.last.fm/music/Drake/_/Doing+It+Wrong,Doing It Wrong,Drake
2024-12-24 10:27:20,1735046840,https://www.last.fm/music/Drake/_/Finesse,Finesse,Drake
2024-12-24 10:21:09,1735046469,https://www.last.fm/music/James+Blake/_/Mile+High+(feat.+Travis+Scott+&+Metro+Boomin),Mile High (feat. Travis Scott & Metro Boomin),James Blake
2024-12-23 19:39:19,1734993559,https://www.last.fm/music/Drake/_/Not+You+Too+(feat.+Chris+Brown),Not You Too (feat. Chris Brown),Drake
2024-12-23 18:01:10,1734987670,https://www.last.fm/music/Drake/_/Not+You+Too+(feat.+Chris+Brown),Not You Too (feat. Chris Brown),Drake
2024-12-23 17:11:04,1734984664,https://www.last.fm/music/Drake/_/Teenage+Fever,Teenage Fever,Drake
2024-12-23 16:31:23,1734982283,https://www.last.fm/music/Drake/_/Yebba%E2%80%99s+Heartbreak,Yebba’s Heartbreak,Drake
2024-12-23 15:51:52,1734979912,"https://www.last.fm/music/Drake/_/Hold+On,+We%27re+Going+Home","Hold On, We're Going Home",Drake
2024-12-23 15:47:00,1734979620,https://www.last.fm/music/Drake/_/Look+What+You%27ve+Done,Look What You've Done,Drake
2024-12-23 15:28:31,1734978511,https://www.last.fm/music/Drake/_/Don%E2%80%99t+Matter+To+Me+(with+Michael+Jackson),Don’t Matter To Me (with Michael Jackson),Drake
2024-12-23 15:25:58,1734978358,https://www.last.fm/music/Drake/_/Nothings+Into+Somethings,Nothings Into Somethings,Drake
2024-12-23 15:23:37,1734978217,https://www.last.fm/music/Drake/_/Nothings+Into+Somethings,Nothings Into Somethings,Drake
2024-12-23 15:02:06,1734976926,https://www.last.fm/music/Drake/_/Finesse,Finesse,Drake
2024-12-23 14:54:10,1734976450,https://www.last.fm/music/Drake/_/4422,4422,Drake
2024-12-23 14:44:35,1734975875,https://www.last.fm/music/Drake/_/Fire+&+Desire,Fire & Desire,Drake
2024-12-23 14:30:27,1734975027,https://www.last.fm/music/Drake/_/Jaded,Jaded,Drake
2024-12-23 14:25:51,1734974751,https://www.last.fm/music/Drake/_/Yebba%E2%80%99s+Heartbreak,Yebba’s Heartbreak,Drake
2024-12-23 13:00:41,1734969641,https://www.last.fm/music/Drake/_/Teenage+Fever,Teenage Fever,Drake
2024-12-23 10:25:52,1734960352,https://www.last.fm/music/Drake/_/Yebba%E2%80%99s+Heartbreak,Yebba’s Heartbreak,Drake
2024-12-23 09:48:57,1734958137,https://www.last.fm/music/Drake/_/We%27ll+Be+Fine,We'll Be Fine,Drake
2024-12-23 09:45:24,1734957924,https://www.last.fm/music/Drake/_/Under+Ground+Kings,Under Ground Kings,Drake
2024-12-23 09:42:54,1734957774,https://www.last.fm/music/Drake/_/Buried+Alive+Interlude,Buried Alive Interlude,Drake
2024-12-23 09:24:22,1734956662,https://www.last.fm/music/Drake/_/Marvins+Room,Marvins Room,Drake
2024-12-23 09:15:14,1734956114,https://www.last.fm/music/Drake/_/Crew+Love,Crew Love,Drake
2024-12-23 09:11:19,1734955879,https://www.last.fm/music/Drake/_/Headlines,Headlines,Drake
2024-12-23 08:29:51,1734953391,https://www.last.fm/music/Drake/_/Crew+Love,Crew Love,Drake
2024-12-22 20:43:24,1734911004,https://www.last.fm/music/Drake/_/Cameras+%2F+Good+Ones+Go+Interlude+-+Medley,Cameras / Good Ones Go Interlude - Medley,Drake
2024-12-22 18:46:27,1734903987,https://www.last.fm/music/Drake/_/Don%E2%80%99t+Matter+To+Me+(with+Michael+Jackson),Don’t Matter To Me (with Michael Jackson),Drake
2024-12-22 10:48:52,1734875332,https://www.last.fm/music/Drake/_/Cameras+%2F+Good+Ones+Go+Interlude+-+Medley,Cameras / Good Ones Go Interlude - Medley,Drake
2024-12-22 10:15:16,1734873316,https://www.last.fm/music/Drake/_/Don%E2%80%99t+Matter+To+Me+(with+Michael+Jackson),Don’t Matter To Me (with Michael Jackson),Drake
2024-12-21 17:33:26,1734813206,https://www.last.fm/music/Drake/_/Not+You+Too+(feat.+Chris+Brown),Not You Too (feat. Chris Brown),Drake
2024-12-21 17:16:17,1734812177,https://www.last.fm/music/Drake/_/Fire+&+Desire,Fire & Desire,Drake
2024-12-20 17:32:15,1734726735,https://www.last.fm/music/Drake/_/Yebba%E2%80%99s+Heartbreak,Yebba’s Heartbreak,Drake
2024-12-20 16:58:40,1734724720,https://www.last.fm/music/Drake/_/Fire+&+Desire,Fire & Desire,Drake
2024-12-19 22:26:54,1734658014,https://www.last.fm/music/Drake/_/Crew+Love,Crew Love,Drake
2024-12-19 22:07:43,1734656863,https://www.last.fm/music/Drake/_/Buried+Alive+Interlude,Buried Alive Interlude,Drake
2024-12-19 22:01:56,1734656516,https://www.last.fm/music/Drake/_/Marvins+Room,Marvins Room,Drake
2024-12-19 21:57:19,1734656239,https://www.last.fm/music/Drake/_/Take+Care,Take Care,Drake
2024-12-19 21:53:50,1734656030,https://www.last.fm/music/Drake/_/Crew+Love,Crew Love,Drake
2024-12-19 21:49:55,1734655795,https://www.last.fm/music/Drake/_/Headlines,Headlines,Drake
2024-12-19 21:08:09,1734653289,https://www.last.fm/music/Drake/_/Sticky,Sticky,Drake
2024-12-19 16:45:52,1734637552,https://www.last.fm/music/Drake/_/Don%E2%80%99t+Matter+To+Me+(with+Michael+Jackson),Don’t Matter To Me (with Michael Jackson),Drake
2024-12-18 20:46:41,1734565601,https://www.last.fm/music/Drake/_/Sticky,Sticky,Drake
2024-12-18 19:33:48,1734561228,https://www.last.fm/music/Drake/_/Jaded,Jaded,Drake
2024-12-18 18:01:57,1734555717,https://www.last.fm/music/Drake/_/Fire+&+Desire,Fire & Desire,Drake
2024-12-18 17:45:34,1734554734,https://www.last.fm/music/Drake/_/Yebba%E2%80%99s+Heartbreak,Yebba’s Heartbreak,Drake
2024-12-18 17:40:42,1734554442,https://www.last.fm/music/Drake/_/Passionfruit,Passionfruit,Drake
2024-12-18 16:49:13,1734551353,https://www.last.fm/music/Drake/_/Jaded,Jaded,Drake
2024-12-18 16:27:58,1734550078,https://www.last.fm/music/Drake/_/Fire+&+Desire,Fire & Desire,Drake
2024-12-18 14:37:30,1734543450,https://www.last.fm/music/Drake/_/Feel+No+Ways,Feel No Ways,Drake
2024-12-18 14:22:17,1734542537,https://www.last.fm/music/Drake/_/Feel+No+Ways,Feel No Ways,Drake
2024-12-18 13:13:47,1734538427,https://www.last.fm/music/Drake/_/The+Real+Her,The Real Her,Drake
2024-12-18 09:23:30,1734524610,https://www.last.fm/music/Drake/_/Yebba%E2%80%99s+Heartbreak,Yebba’s Heartbreak,Drake
2024-12-18 09:21:01,1734524461,https://www.last.fm/music/Drake/_/Buried+Alive+Interlude,Buried Alive Interlude,Drake
2024-12-18 09:09:00,1734523740,https://www.last.fm/music/Drake/_/Marvins+Room,Marvins Room,Drake
2024-12-17 19:54:12,1734476052,https://www.last.fm/music/James+Blake/_/Mile+High+(feat.+Travis+Scott+&+Metro+Boomin),Mile High (feat. Travis Scott & Metro Boomin),James Blake
2024-12-17 08:26:46,1734434806,https://www.last.fm/music/Drake/_/The+Real+Her,The Real Her,Drake
2024-12-17 08:22:21,1734434541,https://www.last.fm/music/Drake/_/Doing+It+Wrong,Doing It Wrong,Drake
2024-12-17 08:15:07,1734434107,https://www.last.fm/music/Drake/_/Cameras+%2F+Good+Ones+Go+Interlude+-+Medley,Cameras / Good Ones Go Interlude - Medley,Drake
2024-12-16 21:06:02,1734393962,https://www.last.fm/music/Drake/_/Make+Me+Proud,Make Me Proud,Drake
2024-12-16 21:01:56,1734393716,https://www.last.fm/music/Drake/_/We%27ll+Be+Fine,We'll Be Fine,Drake
2024-12-16 08:43:16,1734349396,https://www.last.fm/music/Drake/_/Doing+It+Wrong,Doing It Wrong,Drake
2024-12-16 08:07:46,1734347266,https://www.last.fm/music/Drake/_/Cameras+%2F+Good+Ones+Go+Interlude+-+Medley,Cameras / Good Ones Go Interlude - Medley,Drake
2024-12-16 08:05:36,1734347136,https://www.last.fm/music/Drake/_/Buried+Alive+Interlude,Buried Alive Interlude,Drake
2024-12-16 07:59:50,1734346790,https://www.last.fm/music/Drake/_/Marvins+Room,Marvins Room,Drake
2024-12-14 22:25:32,1734225932,https://www.last.fm/music/Drake/_/Fire+&+Desire,Fire & Desire,Drake
2024-12-14 18:52:19,1734213139,https://www.last.fm/music/Drake/_/Jaded,Jaded,Drake
2024-12-14 13:14:06,1734192846,https://www.last.fm/music/Drake/_/Marvins+Room,Marvins Room,Drake
2024-12-13 19:14:48,1734128088,https://www.last.fm/music/James+Blake/_/Mile+High+(feat.+Travis+Scott+&+Metro+Boomin),Mile High (feat. Travis Scott & Metro Boomin),James Blake
2024-12-13 18:25:10,1734125110,https://www.last.fm/music/James+Blake/_/Mile+High+(feat.+Travis+Scott+&+Metro+Boomin),Mile High (feat. Travis Scott & Metro Boomin),James Blake
2024-12-09 16:31:50,1733772710,https://www.last.fm/music/Drake/_/The+Real+Her,The Real Her,Drake
2024-12-13 11:21:47,1734099707,https://www.last.fm/music/Drake/_/Crew+Love,Crew Love,Drake
2024-12-13 10:21:34,1734096094,https://www.last.fm/music/Drake/_/Make+Me+Proud,Make Me Proud,Drake
2024-12-13 10:17:20,1734095840,https://www.last.fm/music/Drake/_/We%27ll+Be+Fine,We'll Be Fine,Drake
2024-12-13 10:13:48,1734095628,https://www.last.fm/music/Drake/_/Under+Ground+Kings,Under Ground Kings,Drake
2024-12-13 10:11:17,1734095477,https://www.last.fm/music/Drake/_/Buried+Alive+Interlude,Buried Alive Interlude,Drake
2024-12-13 10:05:31,1734095131,https://www.last.fm/music/Drake/_/Marvins+Room,Marvins Room,Drake
2024-12-13 09:01:36,1734091296,https://www.last.fm/music/Drake/_/Make+Me+Proud,Make Me Proud,Drake
2024-12-13 08:57:29,1734091049,https://www.last.fm/music/Drake/_/We%27ll+Be+Fine,We'll Be Fine,Drake
2024-12-13 08:19:48,1734088788,https://www.last.fm/music/Drake/_/Sticky,Sticky,Drake
2024-12-13 08:15:55,1734088555,https://www.last.fm/music/Drake/_/We%27ll+Be+Fine,We'll Be Fine,Drake
2024-12-13 08:12:09,1734088329,https://www.last.fm/music/Drake/_/Headlines,Headlines,Drake
2024-12-13 07:06:11,1734084371,https://www.last.fm/music/Drake/_/Make+Me+Proud,Make Me Proud,Drake
2024-12-12 22:48:28,1734054508,https://www.last.fm/music/Drake/_/We%27ll+Be+Fine,We'll Be Fine,Drake
2024-12-12 22:14:28,1734052468,https://www.last.fm/music/Drake/_/Make+Me+Proud,Make Me Proud,Drake
2024-12-12 22:11:07,1734052267,https://www.last.fm/music/Drake/_/We%27ll+Be+Fine,We'll Be Fine,Drake
2024-12-12 20:55:55,1734047755,https://www.last.fm/music/Drake/_/Sticky,Sticky,Drake
2024-12-12 20:52:23,1734047543,https://www.last.fm/music/Drake/_/We%27ll+Be+Fine,We'll Be Fine,Drake
2024-12-12 20:48:37,1734047317,https://www.last.fm/music/Drake/_/Headlines,Headlines,Drake
2024-12-12 20:20:37,1734045637,https://www.last.fm/music/Drake/_/We%27ll+Be+Fine,We'll Be Fine,Drake
2024-12-12 19:51:30,1734043890,https://www.last.fm/music/Drake/_/We%27ll+Be+Fine,We'll Be Fine,Drake
2024-12-12 18:30:48,1734039048,https://www.last.fm/music/Drake/_/Jaded,Jaded,Drake
2024-12-12 18:25:58,1734038758,https://www.last.fm/music/Drake/_/Jaded,Jaded,Drake
2024-12-12 18:23:16,1734038596,https://www.last.fm/music/Drake/_/Fire+&+Desire,Fire & Desire,Drake
2024-12-12 18:19:18,1734038358,https://www.last.fm/music/Drake/_/Fire+&+Desire,Fire & Desire,Drake
2024-12-12 15:22:43,1734027763,https://www.last.fm/music/Drake/_/Jungle,Jungle,Drake
2024-12-12 15:17:24,1734027444,https://www.last.fm/music/Drake/_/Jungle,Jungle,Drake
2024-12-12 14:52:48,1734025968,https://www.last.fm/music/Drake/_/Summers+Over+Interlude,Summers Over Interlude,Drake
2024-12-12 11:24:55,1734013495,https://www.last.fm/music/Drake/_/The+Ride,The Ride,Drake
2024-12-12 11:20:59,1734013259,https://www.last.fm/music/Drake/_/Practice,Practice,Drake
2024-12-12 11:10:12,1734012612,https://www.last.fm/music/Drake/_/The+Real+Her,The Real Her,Drake
2024-12-12 11:05:47,1734012347,https://www.last.fm/music/Drake/_/Doing+It+Wrong,Doing It Wrong,Drake
2024-12-12 10:58:32,1734011912,https://www.last.fm/music/Drake/_/Cameras+%2F+Good+Ones+Go+Interlude+-+Medley,Cameras / Good Ones Go Interlude - Medley,Drake
2024-12-12 10:45:14,1734011114,https://www.last.fm/music/Drake/_/Lord+Knows,Lord Knows,Drake
2024-12-12 10:41:34,1734010894,https://www.last.fm/music/Drake/_/Make+Me+Proud,Make Me Proud,Drake
2024-12-12 10:37:27,1734010647,https://www.last.fm/music/Drake/_/We%27ll+Be+Fine,We'll Be Fine,Drake
2024-12-12 10:29:56,1734010196,https://www.last.fm/music/Drake/_/Under+Ground+Kings,Under Ground Kings,Drake
2024-12-12 10:21:39,1734009699,https://www.last.fm/music/Drake/_/Buried+Alive+Interlude,Buried Alive Interlude,Drake
2024-12-12 10:15:52,1734009352,https://www.last.fm/music/Drake/_/Marvins+Room,Marvins Room,Drake
2024-12-11 20:37:46,1733960266,https://www.last.fm/music/Drake/_/The+Motion,The Motion,Drake
2024-12-11 20:32:18,1733959938,https://www.last.fm/music/Drake/_/Sticky,Sticky,Drake
2024-12-11 19:11:27,1733955087,https://www.last.fm/music/Drake/_/Fire+&+Desire,Fire & Desire,Drake
2024-12-11 18:13:35,1733951615,https://www.last.fm/music/Drake/_/Fire+&+Desire,Fire & Desire,Drake
2024-12-11 17:38:04,1733949484,https://www.last.fm/music/Drake/_/Headlines,Headlines,Drake
2024-12-11 16:29:18,1733945358,https://www.last.fm/music/Drake/_/Summers+Over+Interlude,Summers Over Interlude,Drake
2024-12-11 15:06:33,1733940393,https://www.last.fm/music/Drake/_/From+Time,From Time,Drake
2024-12-11 12:06:08,1733929568,https://www.last.fm/music/Drake/_/Under+Ground+Kings,Under Ground Kings,Drake
2024-12-11 11:59:30,1733929170,https://www.last.fm/music/Drake/_/Marvins+Room,Marvins Room,Drake
2024-12-11 11:51:51,1733928711,https://www.last.fm/music/Drake/_/Yebba%E2%80%99s+Heartbreak,Yebba’s Heartbreak,Drake
2024-12-11 09:47:05,1733921225,https://www.last.fm/music/Drake/_/Summers+Over+Interlude,Summers Over Interlude,Drake
2024-12-11 09:27:59,1733920079,https://www.last.fm/music/Drake/_/From+Time,From Time,Drake
2024-12-10 21:27:06,1733876826,https://www.last.fm/music/Drake/_/Get+It+Together,Get It Together,Drake
2024-12-10 21:20:06,1733876406,https://www.last.fm/music/Drake/_/Headlines,Headlines,Drake
2024-12-10 21:15:30,1733876130,https://www.last.fm/music/Drake/_/We%27ll+Be+Fine,We'll Be Fine,Drake
2024-12-10 20:56:06,1733874966,https://www.last.fm/music/Drake/_/Nice+for+What,Nice for What,Drake
2024-12-10 20:30:19,1733873419,https://www.last.fm/music/Drake/_/Sticky,Sticky,Drake
2024-12-10 20:02:16,1733871736,https://www.last.fm/music/Drake/_/Marvins+Room,Marvins Room,Drake
2024-12-10 19:55:36,1733871336,https://www.last.fm/music/Drake/_/Headlines,Headlines,Drake
2024-12-10 16:45:01,1733859901,https://www.last.fm/music/Drake/_/Marvins+Room,Marvins Room,Drake
2024-12-10 14:45:53,1733852753,https://www.last.fm/music/Drake/_/Fire+&+Desire,Fire & Desire,Drake
2024-12-10 14:30:49,1733851849,https://www.last.fm/music/Drake/_/Jungle,Jungle,Drake
2024-12-10 13:39:07,1733848747,https://www.last.fm/music/Drake/_/Passionfruit,Passionfruit,Drake
2024-12-10 13:13:16,1733847196,https://www.last.fm/music/Drake/_/Jaded,Jaded,Drake
2024-12-10 11:41:49,1733841709,https://www.last.fm/music/James+Blake/_/Mile+High+(feat.+Travis+Scott+&+Metro+Boomin),Mile High (feat. Travis Scott & Metro Boomin),James Blake
2024-12-10 11:26:56,1733840816,https://www.last.fm/music/Drake/_/Jaded,Jaded,Drake
2024-12-10 08:51:12,1733831472,https://www.last.fm/music/Drake/_/The+Ride,The Ride,Drake
2024-12-10 08:47:15,1733831235,https://www.last.fm/music/Drake/_/Practice,Practice,Drake
2024-12-10 08:41:55,1733830915,https://www.last.fm/music/Drake/_/Look+What+You%27ve+Done,Look What You've Done,Drake
2024-12-10 08:36:34,1733830594,https://www.last.fm/music/Drake/_/The+Real+Her,The Real Her,Drake
2024-12-10 08:31:31,1733830291,https://www.last.fm/music/Drake/_/Doing+It+Wrong,Doing It Wrong,Drake
2024-12-10 08:16:11,1733829371,https://www.last.fm/music/Drake/_/Cameras+%2F+Good+Ones+Go+Interlude+-+Medley,Cameras / Good Ones Go Interlude - Medley,Drake
2024-12-10 08:11:59,1733829119,https://www.last.fm/music/Drake/_/We%27ll+Be+Fine,We'll Be Fine,Drake
2024-12-10 07:53:07,1733827987,https://www.last.fm/music/Drake/_/Under+Ground+Kings,Under Ground Kings,Drake
2024-12-10 07:50:36,1733827836,https://www.last.fm/music/Drake/_/Buried+Alive+Interlude,Buried Alive Interlude,Drake
2024-12-09 22:27:53,1733794073,https://www.last.fm/music/Drake/_/Marvins+Room,Marvins Room,Drake
2024-12-09 22:19:31,1733793571,https://www.last.fm/music/Drake/_/Know+Yourself,Know Yourself,Drake
2024-12-09 20:56:05,1733788565,https://www.last.fm/music/Drake/_/Crew+Love,Crew Love,Drake
2024-12-09 19:42:16,1733784136,https://www.last.fm/music/Drake/_/Massive,Massive,Drake
2024-12-09 19:38:13,1733783893,https://www.last.fm/music/Drake/_/Sticky,Sticky,Drake
2024-12-09 18:59:25,1733781565,https://www.last.fm/music/Drake/_/Headlines,Headlines,Drake
2024-12-09 16:37:11,1733773031,https://www.last.fm/music/Drake/_/Look+What+You%27ve+Done,Look What You've Done,Drake
2024-12-09 16:16:47,1733771807,https://www.last.fm/music/Drake/_/Doing+It+Wrong,Doing It Wrong,Drake
2024-12-09 15:14:35,1733768075,https://www.last.fm/music/Drake/_/Cameras+%2F+Good+Ones+Go+Interlude+-+Medley,Cameras / Good Ones Go Interlude - Medley,Drake
2024-12-09 14:58:05,1733767085,https://www.last.fm/music/Drake/_/Teenage+Fever,Teenage Fever,Drake
2024-12-09 14:42:59,1733766179,https://www.last.fm/music/Drake/_/Teenage+Fever,Teenage Fever,Drake
2024-12-09 09:52:10,1733748730,https://www.last.fm/music/James+Blake/_/Mile+High+(feat.+Travis+Scott+&+Metro+Boomin),Mile High (feat. Travis Scott & Metro Boomin),James Blake
2024-12-08 19:58:42,1733698722,https://www.last.fm/music/Drake/_/Fire+&+Desire,Fire & Desire,Drake
2024-12-08 19:54:45,1733698485,https://www.last.fm/music/Drake/_/Fire+&+Desire,Fire & Desire,Drake
2024-12-08 19:21:45,1733696505,https://www.last.fm/music/Drake/_/Passionfruit,Passionfruit,Drake
2024-12-08 18:53:24,1733694804,https://www.last.fm/music/Drake/_/Jaded,Jaded,Drake
2024-12-08 18:47:13,1733694433,https://www.last.fm/music/James+Blake/_/Mile+High+(feat.+Travis+Scott+&+Metro+Boomin),Mile High (feat. Travis Scott & Metro Boomin),James Blake
2024-12-08 13:22:51,1733674971,https://www.last.fm/music/Drake/_/Sticky,Sticky,Drake
2024-12-08 13:10:48,1733674248,https://www.last.fm/music/James+Blake/_/Mile+High+(feat.+Travis+Scott+&+Metro+Boomin),Mile High (feat. Travis Scott & Metro Boomin),James Blake
2024-12-07 18:27:51,1733606871,https://www.last.fm/music/Drake/_/Jaded,Jaded,Drake
2024-12-07 16:31:41,1733599901,https://www.last.fm/music/Drake/_/Massive,Massive,Drake
2024-12-07 16:27:39,1733599659,https://www.last.fm/music/Drake/_/Sticky,Sticky,Drake
2024-12-07 15:38:39,1733596719,https://www.last.fm/music/Drake/_/Sticky,Sticky,Drake
2024-12-07 12:47:56,1733586476,"https://www.last.fm/music/Drake/_/Hold+On,+We%27re+Going+Home","Hold On, We're Going Home",Drake
2024-12-07 12:18:10,1733584690,https://www.last.fm/music/Drake/_/Crew+Love,Crew Love,Drake
2024-12-07 12:03:17,1733583797,https://www.last.fm/music/James+Blake/_/Mile+High+(feat.+Travis+Scott+&+Metro+Boomin),Mile High (feat. Travis Scott & Metro Boomin),James Blake
2024-12-06 21:52:45,1733532765,https://www.last.fm/music/Drake/_/F*****g+Fans,F*****g Fans,Drake
2024-12-06 21:25:40,1733531140,https://www.last.fm/music/Drake/_/Time+Flies,Time Flies,Drake
2024-12-06 20:55:39,1733529339,"https://www.last.fm/music/Drake/_/Hold+On,+We%27re+Going+Home","Hold On, We're Going Home",Drake
2024-12-06 19:13:23,1733523203,https://www.last.fm/music/Drake/_/Time+Flies,Time Flies,Drake
2024-12-06 12:35:43,1733499343,https://www.last.fm/music/Drake/_/Doing+It+Wrong,Doing It Wrong,Drake
2024-12-06 10:53:20,1733493200,https://www.last.fm/music/Drake/_/Jungle,Jungle,Drake
2024-12-06 10:09:27,1733490567,https://www.last.fm/music/Drake/_/Passionfruit,Passionfruit,Drake
2024-12-06 09:51:08,1733489468,https://www.last.fm/music/Drake/_/Teenage+Fever,Teenage Fever,Drake
2024-12-06 09:24:24,1733487864,https://www.last.fm/music/Drake/_/Jaded,Jaded,Drake
2024-12-06 09:07:13,1733486833,https://www.last.fm/music/James+Blake/_/Mile+High+(feat.+Travis+Scott+&+Metro+Boomin),Mile High (feat. Travis Scott & Metro Boomin),James Blake
2024-12-06 08:51:19,1733485879,https://www.last.fm/music/Drake/_/Flight%27s+Booked,Flight's Booked,Drake
2024-12-06 08:26:07,1733484367,https://www.last.fm/music/Drake/_/Sticky,Sticky,Drake
2024-12-05 18:54:44,1733435684,https://www.last.fm/music/Drake/_/Passionfruit,Passionfruit,Drake
2024-12-05 18:10:19,1733433019,https://www.last.fm/music/Drake/_/Jaded,Jaded,Drake
2024-12-05 18:00:33,1733432433,https://www.last.fm/music/Drake/_/Jaded,Jaded,Drake
2024-12-05 17:13:38,1733429618,https://www.last.fm/music/Drake/_/Passionfruit,Passionfruit,Drake
2024-12-05 16:54:59,1733428499,https://www.last.fm/music/Drake/_/Teenage+Fever,Teenage Fever,Drake
2024-12-05 15:59:37,1733425177,https://www.last.fm/music/Drake/_/Fire+&+Desire,Fire & Desire,Drake
2024-12-05 15:07:15,1733422035,https://www.last.fm/music/Drake/_/Jungle,Jungle,Drake
2024-12-05 11:04:22,1733407462,https://www.last.fm/music/Drake/_/Passionfruit,Passionfruit,Drake
2024-12-05 10:43:13,1733406193,https://www.last.fm/music/Drake/_/Teenage+Fever,Teenage Fever,Drake
2024-12-05 10:03:54,1733403834,https://www.last.fm/music/Drake/_/Jaded,Jaded,Drake
2024-12-05 09:51:31,1733403091,https://www.last.fm/music/James+Blake/_/Mile+High+(feat.+Travis+Scott+&+Metro+Boomin),Mile High (feat. Travis Scott & Metro Boomin),James Blake
2024-12-05 08:23:49,1733397829,https://www.last.fm/music/Drake/_/Jaded,Jaded,Drake
2024-12-04 23:18:04,1733365084,https://www.last.fm/music/Drake/_/4422,4422,Drake
2024-12-04 22:19:57,1733361597,https://www.last.fm/music/Drake/_/4422,4422,Drake
2024-12-04 22:11:51,1733361111,https://www.last.fm/music/Drake/_/Jaded,Jaded,Drake
2024-12-04 21:04:51,1733357091,https://www.last.fm/music/Drake/_/Jaded,Jaded,Drake
2024-12-04 20:52:54,1733356374,https://www.last.fm/music/James+Blake/_/Mile+High+(feat.+Travis+Scott+&+Metro+Boomin),Mile High (feat. Travis Scott & Metro Boomin),James Blake
2024-12-04 14:45:38,1733334338,https://www.last.fm/music/Drake/_/Fire+&+Desire,Fire & Desire,Drake
2024-12-04 12:30:18,1733326218,https://www.last.fm/music/Drake/_/Jaded,Jaded,Drake
2024-12-04 12:15:33,1733325333,https://www.last.fm/music/James+Blake/_/Mile+High+(feat.+Travis+Scott+&+Metro+Boomin),Mile High (feat. Travis Scott & Metro Boomin),James Blake
2024-12-04 11:21:27,1733322087,https://www.last.fm/music/Drake/_/Passionfruit,Passionfruit,Drake
2024-12-04 11:03:09,1733320989,https://www.last.fm/music/Drake/_/Teenage+Fever,Teenage Fever,Drake
2024-12-04 10:33:06,1733319186,https://www.last.fm/music/James+Blake/_/Mile+High+(feat.+Travis+Scott+&+Metro+Boomin),Mile High (feat. Travis Scott & Metro Boomin),James Blake
2024-12-04 09:51:18,1733316678,https://www.last.fm/music/Drake/_/Fire+&+Desire,Fire & Desire,Drake
2024-12-04 09:33:20,1733315600,https://www.last.fm/music/Drake/_/Yebba%E2%80%99s+Heartbreak,Yebba’s Heartbreak,Drake
2024-12-03 21:06:09,1733270769,https://www.last.fm/music/Drake/_/4422,4422,Drake
2024-12-03 18:14:24,1733260464,https://www.last.fm/music/Drake/_/Toosie+Slide,Toosie Slide,Drake
2024-12-03 11:12:09,1733235129,https://www.last.fm/music/Drake/_/Cameras+%2F+Good+Ones+Go+Interlude+-+Medley,Cameras / Good Ones Go Interlude - Medley,Drake
2024-12-03 10:41:55,1733233315,https://www.last.fm/music/Drake/_/Redemption,Redemption,Drake
2024-12-03 10:17:11,1733231831,https://www.last.fm/music/Drake/_/Yebba%E2%80%99s+Heartbreak,Yebba’s Heartbreak,Drake
2024-12-03 10:07:12,1733231232,https://www.last.fm/music/Drake/_/Time+Flies,Time Flies,Drake
2024-12-03 08:38:42,1733225922,https://www.last.fm/music/Drake/_/4422,4422,Drake
2024-12-03 08:11:23,1733224283,https://www.last.fm/music/Drake/_/Peak,Peak,Drake
2024-12-02 21:11:26,1733184686,https://www.last.fm/music/Drake/_/Jaded,Jaded,Drake
2024-12-02 10:03:02,1733144582,https://www.last.fm/music/Drake/_/4422,4422,Drake
2025-08-19 09:12:32,1755605552,https://www.last.fm/music/Drake/_/Lord+Knows,Lord Knows,Drake
2025-08-19 08:54:56,1755604496,https://www.last.fm/music/Drake/_/Make+Me+Proud,Make Me Proud,Drake
2025-08-19 08:50:49,1755604249,https://www.last.fm/music/Drake/_/We%27ll+Be+Fine,We'll Be Fine,Drake
2025-08-18 08:01:56,1755514916,https://www.last.fm/music/Drake/_/The+Language,The Language,Drake
2025-08-16 12:13:05,1755357185,https://www.last.fm/music/Drake/_/The+Language,The Language,Drake
2025-08-15 18:03:44,1755291824,https://www.last.fm/music/Drake/_/Summers+Over+Interlude,Summers Over Interlude,Drake
2025-08-14 22:24:48,1755221088,https://www.last.fm/music/Drake/_/Summers+Over+Interlude,Summers Over Interlude,Drake
2025-08-14 10:15:41,1755177341,https://www.last.fm/music/Drake/_/Summers+Over+Interlude,Summers Over Interlude,Drake
2025-08-13 15:03:04,1755108184,https://www.last.fm/music/Drake/_/Yebba%E2%80%99s+Heartbreak,Yebba’s Heartbreak,Drake
2025-08-13 08:16:34,1755083794,https://www.last.fm/music/Drake/_/305+to+My+City,305 to My City,Drake
2025-08-13 08:12:51,1755083571,https://www.last.fm/music/Drake/_/The+Language,The Language,Drake
2025-08-11 08:10:49,1754910649,https://www.last.fm/music/Drake/_/305+to+My+City,305 to My City,Drake
2025-08-11 08:07:06,1754910426,https://www.last.fm/music/Drake/_/The+Language,The Language,Drake
2025-08-09 21:12:27,1754784747,https://www.last.fm/music/Drake/_/Yebba%E2%80%99s+Heartbreak,Yebba’s Heartbreak,Drake
2025-08-09 20:33:51,1754782431,https://www.last.fm/music/Drake/_/Not+You+Too+(feat.+Chris+Brown),Not You Too (feat. Chris Brown),Drake
2025-08-09 20:10:45,1754781045,https://www.last.fm/music/Drake/_/Summers+Over+Interlude,Summers Over Interlude,Drake
2025-08-09 12:31:45,1754753505,https://www.last.fm/music/Drake/_/Massive,Massive,Drake
2025-08-08 17:45:51,1754685951,https://www.last.fm/music/Drake/_/Massive,Massive,Drake
2025-08-08 08:44:39,1754653479,https://www.last.fm/music/Drake/_/The+Ride,The Ride,Drake
2025-08-08 08:37:56,1754653076,https://www.last.fm/music/Drake/_/Sandra%E2%80%99s+Rose,Sandra’s Rose,Drake
2025-08-07 08:38:23,1754566703,https://www.last.fm/music/Drake/_/Sandra%E2%80%99s+Rose,Sandra’s Rose,Drake
2025-08-06 17:07:12,1754510832,https://www.last.fm/music/PARTYNEXTDOOR/_/DIE+TRYING,DIE TRYING,PARTYNEXTDOOR
2025-08-06 16:57:33,1754510253,https://www.last.fm/music/Drake/_/Sandra%E2%80%99s+Rose,Sandra’s Rose,Drake
2025-08-06 14:10:48,1754500248,https://www.last.fm/music/Drake/_/Own+It,Own It,Drake
2025-08-06 14:07:11,1754500031,https://www.last.fm/music/Drake/_/Wu-Tang+Forever,Wu-Tang Forever,Drake
2025-08-06 14:04:17,1754499857,https://www.last.fm/music/Drake/_/Started+from+the+Bottom,Started from the Bottom,Drake
2025-08-06 14:00:42,1754499642,https://www.last.fm/music/Drake/_/The+Language,The Language,Drake
2025-08-06 13:55:45,1754499345,https://www.last.fm/music/Drake/_/Connect,Connect,Drake
2025-08-06 13:50:32,1754499032,https://www.last.fm/music/Drake/_/From+Time,From Time,Drake
2025-08-06 13:46:15,1754498775,https://www.last.fm/music/Drake/_/Furthest+Thing,Furthest Thing,Drake
2025-08-05 22:02:56,1754442176,https://www.last.fm/music/Drake/_/From+Time,From Time,Drake
2025-08-05 17:24:22,1754425462,https://www.last.fm/music/Drake/_/Own+It,Own It,Drake
2025-08-05 17:20:44,1754425244,https://www.last.fm/music/Drake/_/Wu-Tang+Forever,Wu-Tang Forever,Drake
2025-08-05 17:17:50,1754425070,https://www.last.fm/music/Drake/_/Started+from+the+Bottom,Started from the Bottom,Drake
2025-08-05 17:06:33,1754424393,https://www.last.fm/music/Drake/_/From+Time,From Time,Drake
2025-08-05 17:02:12,1754424132,https://www.last.fm/music/Drake/_/Furthest+Thing,Furthest Thing,Drake
2025-08-04 13:36:01,1754325361,https://www.last.fm/music/Drake/_/305+to+My+City,305 to My City,Drake
2025-08-04 13:32:18,1754325138,https://www.last.fm/music/Drake/_/The+Language,The Language,Drake
2025-08-04 11:58:45,1754319525,https://www.last.fm/music/Drake/_/The+Language,The Language,Drake
2025-08-04 11:53:49,1754319229,https://www.last.fm/music/Drake/_/Connect,Connect,Drake
2025-08-04 11:50:01,1754319001,"https://www.last.fm/music/Drake/_/Hold+On,+We%27re+Going+Home","Hold On, We're Going Home",Drake
2025-08-04 11:44:39,1754318679,https://www.last.fm/music/Drake/_/From+Time,From Time,Drake
2025-08-04 09:20:50,1754310050,https://www.last.fm/music/Drake/_/Furthest+Thing,Furthest Thing,Drake
2025-08-04 08:39:41,1754307581,https://www.last.fm/music/Drake/_/From+Time,From Time,Drake
2025-08-02 20:48:22,1754178502,https://www.last.fm/music/Drake/_/From+Time,From Time,Drake
2025-08-02 18:04:53,1754168693,https://www.last.fm/music/Drake/_/The+Motion,The Motion,Drake
2025-08-02 17:59:51,1754168391,https://www.last.fm/music/Drake/_/Star67,Star67,Drake
2025-08-01 22:32:31,1754098351,"https://www.last.fm/music/Drake/_/Hold+On,+We%27re+Going+Home","Hold On, We're Going Home",Drake
2025-08-01 18:20:19,1754083219,https://www.last.fm/music/Drake/_/Star67,Star67,Drake
2025-08-01 18:13:55,1754082835,https://www.last.fm/music/Drake/_/Massive,Massive,Drake
2025-08-01 17:48:05,1754081285,https://www.last.fm/music/Drake/_/Furthest+Thing,Furthest Thing,Drake
2025-08-01 10:40:01,1754055601,https://www.last.fm/music/Drake/_/Which+One+(feat.+Central+Cee),Which One (feat. Central Cee),Drake
2025-07-31 08:22:41,1753960961,https://www.last.fm/music/Drake/_/Furthest+Thing,Furthest Thing,Drake
2025-07-30 09:12:50,1753877570,https://www.last.fm/music/Drake/_/Sandra%E2%80%99s+Rose,Sandra’s Rose,Drake
2025-07-30 08:52:32,1753876352,https://www.last.fm/music/Drake/_/The+Resistance,The Resistance,Drake
2025-07-30 08:47:37,1753876057,https://www.last.fm/music/Drake/_/Star67,Star67,Drake
2025-07-30 08:20:00,1753874400,https://www.last.fm/music/Drake/_/Furthest+Thing,Furthest Thing,Drake
2025-07-29 21:35:44,1753835744,https://www.last.fm/music/Drake/_/Started+from+the+Bottom,Started from the Bottom,Drake
2025-07-29 21:21:22,1753834882,https://www.last.fm/music/Drake/_/Furthest+Thing,Furthest Thing,Drake
2025-07-29 07:01:52,1753783312,https://www.last.fm/music/Drake/_/Furthest+Thing,Furthest Thing,Drake
2025-07-27 18:21:52,1753651312,https://www.last.fm/music/Drake/_/Star67,Star67,Drake
2025-07-26 21:18:20,1753575500,https://www.last.fm/music/Drake/_/Do+Not+Disturb,Do Not Disturb,Drake
2025-07-26 21:01:23,1753574483,https://www.last.fm/music/Drake/_/The+Resistance,The Resistance,Drake
2025-07-26 20:58:05,1753574285,https://www.last.fm/music/PARTYNEXTDOOR/_/LASERS,LASERS,PARTYNEXTDOOR
2025-07-26 20:44:00,1753573440,https://www.last.fm/music/Drake/_/Sandra%E2%80%99s+Rose,Sandra’s Rose,Drake
2025-07-26 20:22:47,1753572167,https://www.last.fm/music/Drake/_/Race+My+Mind,Race My Mind,Drake
2025-07-26 20:06:31,1753571191,https://www.last.fm/music/Drake/_/Can%27t+Have+Everything,Can't Have Everything,Drake
2025-07-26 19:56:21,1753570581,https://www.last.fm/music/PARTYNEXTDOOR/_/DIE+TRYING,DIE TRYING,PARTYNEXTDOOR
2025-07-26 18:15:23,1753564523,https://www.last.fm/music/Drake/_/Headlines,Headlines,Drake
2025-07-26 17:54:12,1753563252,https://www.last.fm/music/Drake/_/Furthest+Thing,Furthest Thing,Drake
2025-07-26 17:35:18,1753562118,https://www.last.fm/music/Drake/_/Pipe+Down,Pipe Down,Drake
2025-07-26 17:00:13,1753560013,https://www.last.fm/music/Drake/_/The+Motion,The Motion,Drake
2025-07-26 16:15:43,1753557343,https://www.last.fm/music/Drake/_/The+Motion,The Motion,Drake
2025-07-26 16:10:49,1753557049,https://www.last.fm/music/Drake/_/Star67,Star67,Drake
2025-07-26 15:56:36,1753556196,https://www.last.fm/music/Drake/_/Furthest+Thing,Furthest Thing,Drake
2025-07-25 11:06:50,1753452410,"https://www.last.fm/music/Drake/_/Hold+On,+We%27re+Going+Home","Hold On, We're Going Home",Drake
2025-07-25 10:49:38,1753451378,https://www.last.fm/music/Drake/_/From+Time,From Time,Drake
2025-07-25 10:40:11,1753450811,https://www.last.fm/music/Drake/_/Started+from+the+Bottom,Started from the Bottom,Drake
2025-07-25 10:35:45,1753450545,https://www.last.fm/music/Drake/_/Furthest+Thing,Furthest Thing,Drake
2025-07-24 15:05:22,1753380322,https://www.last.fm/music/Drake/_/Started+from+the+Bottom,Started from the Bottom,Drake
2025-07-24 15:00:56,1753380056,https://www.last.fm/music/Drake/_/Furthest+Thing,Furthest Thing,Drake
2025-07-24 10:30:54,1753363854,https://www.last.fm/music/Drake/_/Teenage+Fever,Teenage Fever,Drake
2025-07-24 01:12:34,1753330354,https://www.last.fm/music/Drake/_/Own+It,Own It,Drake
2025-07-23 19:19:22,1753309162,https://www.last.fm/music/Drake/_/Wu-Tang+Forever,Wu-Tang Forever,Drake
2025-07-23 19:16:27,1753308987,https://www.last.fm/music/Drake/_/Started+from+the+Bottom,Started from the Bottom,Drake
2025-07-23 19:12:01,1753308721,https://www.last.fm/music/Drake/_/Furthest+Thing,Furthest Thing,Drake
2025-07-23 18:22:13,1753305733,https://www.last.fm/music/Drake/_/Started+from+the+Bottom,Started from the Bottom,Drake
2025-07-23 18:14:02,1753305242,https://www.last.fm/music/Drake/_/Connect,Connect,Drake
2025-07-23 18:10:14,1753305014,"https://www.last.fm/music/Drake/_/Hold+On,+We%27re+Going+Home","Hold On, We're Going Home",Drake
2025-07-23 17:36:51,1753303011,https://www.last.fm/music/Drake/_/From+Time,From Time,Drake
2025-07-23 16:15:56,1753298156,https://www.last.fm/music/Drake/_/Furthest+Thing,Furthest Thing,Drake
2025-07-22 14:08:49,1753204129,https://www.last.fm/music/Drake/_/Furthest+Thing,Furthest Thing,Drake
2025-07-22 14:03:26,1753203806,https://www.last.fm/music/Drake/_/Tuscan+Leather,Tuscan Leather,Drake
2025-07-22 13:59:21,1753203561,https://www.last.fm/music/Drake/_/The+Motion,The Motion,Drake
2025-07-22 13:56:02,1753203362,https://www.last.fm/music/Drake/_/Pipe+Down,Pipe Down,Drake
2025-07-18 14:15:48,1752858948,https://www.last.fm/music/Drake/_/The+Motion,The Motion,Drake
2025-07-18 13:25:58,1752855958,https://www.last.fm/music/Drake/_/Star67,Star67,Drake
2025-07-17 22:37:48,1752802668,https://www.last.fm/music/Drake/_/Nice+for+What,Nice for What,Drake
2025-07-17 11:05:04,1752761104,https://www.last.fm/music/Drake/_/Headlines,Headlines,Drake
2025-07-17 10:55:35,1752760535,https://www.last.fm/music/Drake/_/Nice+for+What,Nice for What,Drake
2025-07-17 10:52:26,1752760346,https://www.last.fm/music/Drake/_/God%27s+Plan,God's Plan,Drake
2025-07-17 10:46:23,1752759983,https://www.last.fm/music/PARTYNEXTDOOR/_/DIE+TRYING,DIE TRYING,PARTYNEXTDOOR
2025-07-15 19:40:54,1752619254,https://www.last.fm/music/Drake/_/Marvins+Room,Marvins Room,Drake
2025-07-15 19:27:08,1752618428,https://www.last.fm/music/Drake/_/Nice+for+What,Nice for What,Drake
2025-07-14 21:47:54,1752540474,https://www.last.fm/music/Drake/_/From+Time,From Time,Drake
2025-07-14 21:25:34,1752539134,https://www.last.fm/music/Drake/_/Teenage+Fever,Teenage Fever,Drake
2025-07-14 21:22:04,1752538924,https://www.last.fm/music/Drake/_/Nice+for+What,Nice for What,Drake
2025-07-14 10:06:43,1752498403,https://www.last.fm/music/Drake/_/Passionfruit,Passionfruit,Drake
2025-07-14 10:03:13,1752498193,https://www.last.fm/music/Drake/_/Nice+for+What,Nice for What,Drake
2025-07-12 16:52:50,1752349970,https://www.last.fm/music/Drake/_/Massive,Massive,Drake
2025-07-12 16:43:51,1752349431,https://www.last.fm/music/Drake/_/Crew+Love,Crew Love,Drake
2025-07-10 08:35:07,1752147307,https://www.last.fm/music/Drake/_/Massive,Massive,Drake
2025-07-09 11:22:04,1752070924,https://www.last.fm/music/Drake/_/Evil+Ways+(feat.+J.+Cole),Evil Ways (feat. J. Cole),Drake
2025-07-08 13:31:38,1751992298,https://www.last.fm/music/Drake/_/Jodeci+Freestyle+(feat.+J.+Cole),Jodeci Freestyle (feat. J. Cole),Drake
2025-07-08 07:52:31,1751971951,https://www.last.fm/music/Drake/_/Massive,Massive,Drake
2025-07-07 18:43:11,1751924591,https://www.last.fm/music/Drake/_/Massive,Massive,Drake
2025-07-05 16:52:54,1751745174,https://www.last.fm/music/Drake/_/Marvins+Room,Marvins Room,Drake
2025-07-02 15:54:11,1751482451,https://www.last.fm/music/Drake/_/Get+It+Together,Get It Together,Drake
2025-07-01 15:01:52,1751392912,https://www.last.fm/music/Drake/_/From+Time,From Time,Drake
2025-07-01 14:32:01,1751391121,https://www.last.fm/music/Drake/_/Company,Company,Drake
2025-07-01 14:11:20,1751389880,https://www.last.fm/music/Drake/_/Teenage+Fever,Teenage Fever,Drake
2025-07-01 11:42:28,1751380948,https://www.last.fm/music/Drake/_/Jaded,Jaded,Drake
2025-07-01 11:14:33,1751379273,https://www.last.fm/music/Drake/_/Crew+Love,Crew Love,Drake
2025-07-01 10:50:00,1751377800,https://www.last.fm/music/Drake/_/Little+Bit+(feat.+Lykke+Li),Little Bit (feat. Lykke Li),Drake
2025-07-01 10:10:53,1751375453,https://www.last.fm/music/Drake/_/Flight%27s+Booked,Flight's Booked,Drake
2025-07-01 09:20:54,1751372454,https://www.last.fm/music/Drake/_/Wants+and+Needs+(feat.+Lil+Baby),Wants and Needs (feat. Lil Baby),Drake
2025-06-27 17:48:37,1751057317,https://www.last.fm/music/Drake/_/Marvins+Room,Marvins Room,Drake
2025-06-25 20:15:32,1750893332,https://www.last.fm/music/Drake/_/Flight%27s+Booked,Flight's Booked,Drake
2025-06-25 18:53:37,1750888417,https://www.last.fm/music/Drake/_/Wants+and+Needs+(feat.+Lil+Baby),Wants and Needs (feat. Lil Baby),Drake
2025-06-25 18:48:48,1750888128,https://www.last.fm/music/Drake/_/Passionfruit,Passionfruit,Drake
2025-06-25 18:04:52,1750885492,https://www.last.fm/music/Drake/_/Marvins+Room,Marvins Room,Drake
2025-06-24 17:32:53,1750797173,https://www.last.fm/music/Drake/_/Jodeci+Freestyle+(feat.+J.+Cole),Jodeci Freestyle (feat. J. Cole),Drake
2025-06-24 16:46:08,1750794368,https://www.last.fm/music/Drake/_/Wants+and+Needs+(feat.+Lil+Baby),Wants and Needs (feat. Lil Baby),Drake
2025-06-24 15:17:59,1750789079,https://www.last.fm/music/Drake/_/From+Time,From Time,Drake
2025-06-23 15:40:31,1750704031,https://www.last.fm/music/Drake/_/Passionfruit,Passionfruit,Drake
2025-05-15 08:25:31,1747308331,https://www.last.fm/music/Drake/_/We%27ll+Be+Fine,We'll Be Fine,Drake
2025-06-22 23:36:33,1750646193,https://www.last.fm/music/Drake/_/Little+Bit+(feat.+Lykke+Li),Little Bit (feat. Lykke Li),Drake
2025-05-15 08:21:58,1747308118,https://www.last.fm/music/Drake/_/Under+Ground+Kings,Under Ground Kings,Drake
2025-06-21 17:24:14,1750537454,https://www.last.fm/music/Drake/_/Wants+and+Needs+(feat.+Lil+Baby),Wants and Needs (feat. Lil Baby),Drake
2025-05-15 08:19:27,1747307967,https://www.last.fm/music/Drake/_/Buried+Alive+Interlude,Buried Alive Interlude,Drake
2025-05-15 08:13:52,1747307632,https://www.last.fm/music/Drake/_/Marvins+Room,Marvins Room,Drake
2025-06-09 18:02:19,1749502939,https://www.last.fm/music/James+Blake/_/Mile+High+(feat.+Travis+Scott+&+Metro+Boomin),Mile High (feat. Travis Scott & Metro Boomin),James Blake
2025-06-09 17:58:14,1749502694,https://www.last.fm/music/Drake/_/Company,Company,Drake
2025-06-08 02:31:16,1749360676,https://www.last.fm/music/Drake/_/Teenage+Fever,Teenage Fever,Drake
2025-06-07 22:47:59,1749347279,https://www.last.fm/music/Drake/_/Crew+Love,Crew Love,Drake
2025-04-05 11:34:13,1743863653,https://www.last.fm/music/Drake/_/Jaded,Jaded,Drake
2025-06-06 11:57:30,1749221850,https://www.last.fm/music/Drake/_/Jaded,Jaded,Drake
2025-06-06 11:52:03,1749221523,https://www.last.fm/music/Drake/_/Passionfruit,Passionfruit,Drake
2025-06-06 09:56:43,1749214603,https://www.last.fm/music/Drake/_/Passionfruit,Passionfruit,Drake
2025-06-05 19:08:47,1749161327,https://www.last.fm/music/Drake/_/Passionfruit,Passionfruit,Drake
2025-06-04 16:34:20,1749065660,https://www.last.fm/music/Drake/_/Pussy+&+Millions+(feat.+Travis+Scott),Pussy & Millions (feat. Travis Scott),Drake
2025-06-04 15:22:18,1749061338,https://www.last.fm/music/Drake/_/Company,Company,Drake
2025-06-03 18:40:03,1748986803,https://www.last.fm/music/Drake/_/Passionfruit,Passionfruit,Drake
2025-06-03 18:26:20,1748985980,https://www.last.fm/music/Drake/_/Crew+Love,Crew Love,Drake
2025-06-03 16:59:55,1748980795,https://www.last.fm/music/Drake/_/Company,Company,Drake
2025-06-03 16:49:35,1748980175,https://www.last.fm/music/Drake/_/Passionfruit,Passionfruit,Drake
2025-05-29 22:12:50,1748567570,https://www.last.fm/music/Drake/_/Passionfruit,Passionfruit,Drake
2025-05-29 09:45:58,1748522758,https://www.last.fm/music/Drake/_/Little+Bit+(feat.+Lykke+Li),Little Bit (feat. Lykke Li),Drake
2025-05-28 21:48:31,1748479711,https://www.last.fm/music/Drake/_/Passionfruit,Passionfruit,Drake
2025-05-28 00:20:52,1748402452,https://www.last.fm/music/Drake/_/From+Time,From Time,Drake
2025-05-28 00:17:14,1748402234,https://www.last.fm/music/Drake/_/Jaded,Jaded,Drake
2025-05-27 22:57:51,1748397471,https://www.last.fm/music/James+Blake/_/Mile+High+(feat.+Travis+Scott+&+Metro+Boomin),Mile High (feat. Travis Scott & Metro Boomin),James Blake
2025-05-27 22:52:30,1748397150,https://www.last.fm/music/Drake/_/Passionfruit,Passionfruit,Drake
2025-05-27 21:06:41,1748390801,https://www.last.fm/music/Drake/_/Doing+It+Wrong,Doing It Wrong,Drake
2025-05-27 10:31:03,1748352663,https://www.last.fm/music/Drake/_/Doing+It+Wrong,Doing It Wrong,Drake
2025-05-20 18:07:36,1747775256,https://www.last.fm/music/Drake/_/Crew+Love,Crew Love,Drake
2025-05-19 09:39:13,1747658353,https://www.last.fm/music/Drake/_/Jungle,Jungle,Drake
2025-05-15 13:42:15,1747327335,https://www.last.fm/music/PARTYNEXTDOOR/_/Deeper,Deeper,PARTYNEXTDOOR
2025-05-15 11:46:10,1747320370,https://www.last.fm/music/PARTYNEXTDOOR/_/SOMEBODY+LOVES+ME,SOMEBODY LOVES ME,PARTYNEXTDOOR
2025-05-15 11:17:14,1747318634,https://www.last.fm/music/PARTYNEXTDOOR/_/GREEDY,GREEDY,PARTYNEXTDOOR
2025-05-15 10:46:15,1747316775,https://www.last.fm/music/Drake/_/Under+Ground+Kings,Under Ground Kings,Drake
2025-05-15 09:54:20,1747313660,https://www.last.fm/music/PARTYNEXTDOOR/_/DIE+TRYING,DIE TRYING,PARTYNEXTDOOR
2025-05-15 09:42:14,1747312934,https://www.last.fm/music/Drake/_/We%27ll+Be+Fine,We'll Be Fine,Drake
2025-05-15 09:38:30,1747312710,https://www.last.fm/music/Drake/_/Under+Ground+Kings,Under Ground Kings,Drake
2025-05-15 09:31:49,1747312309,https://www.last.fm/music/Drake/_/Buried+Alive+Interlude,Buried Alive Interlude,Drake
2025-05-15 09:25:59,1747311959,https://www.last.fm/music/Drake/_/Marvins+Room,Marvins Room,Drake
2025-05-15 09:21:20,1747311680,https://www.last.fm/music/Drake/_/Take+Care,Take Care,Drake
2025-05-15 09:15:45,1747311345,https://www.last.fm/music/Drake/_/Crew+Love,Crew Love,Drake
2025-05-15 08:33:19,1747308799,https://www.last.fm/music/Drake/_/Lord+Knows,Lord Knows,Drake
2025-05-15 08:13:39,1747307619,https://www.last.fm/music/Drake/_/Cameras+%2F+Good+Ones+Go+Interlude+-+Medley,Cameras / Good Ones Go Interlude - Medley,Drake
2025-05-14 23:31:13,1747276273,https://www.last.fm/music/Drake/_/Jungle,Jungle,Drake
2025-05-08 09:48:39,1746708519,https://www.last.fm/music/Drake/_/Crew+Love,Crew Love,Drake
2025-05-07 10:09:13,1746623353,https://www.last.fm/music/Drake/_/Company,Company,Drake
2025-12-12 07:48:19,1765536499,https://www.last.fm/music/Drake/_/From+Time,From Time,Drake
2025-04-28 07:31:48,1745836308,https://www.last.fm/music/Drake/_/Pipe+Down,Pipe Down,Drake
2025-04-27 22:05:07,1745802307,https://www.last.fm/music/Drake/_/Crew+Love,Crew Love,Drake
2025-04-27 18:15:21,1745788521,https://www.last.fm/music/Drake/_/Star67,Star67,Drake
2025-04-27 16:30:43,1745782243,https://www.last.fm/music/Drake/_/Fire+&+Desire,Fire & Desire,Drake
2025-04-26 18:14:27,1745702067,https://www.last.fm/music/Drake/_/Crew+Love,Crew Love,Drake
2025-04-25 13:41:59,1745599319,https://www.last.fm/music/James+Blake/_/Mile+High+(feat.+Travis+Scott+&+Metro+Boomin),Mile High (feat. Travis Scott & Metro Boomin),James Blake
2025-04-25 10:25:21,1745587521,https://www.last.fm/music/Drake/_/Crew+Love,Crew Love,Drake
2025-04-25 06:30:59,1745573459,https://www.last.fm/music/Drake/_/Yebba%E2%80%99s+Heartbreak,Yebba’s Heartbreak,Drake
2025-04-24 18:29:39,1745530179,https://www.last.fm/music/Drake/_/Crew+Love,Crew Love,Drake
2025-04-24 11:49:40,1745506180,https://www.last.fm/music/Drake/_/Crew+Love,Crew Love,Drake
2025-04-24 11:16:38,1745504198,https://www.last.fm/music/James+Blake/_/Mile+High+(feat.+Travis+Scott+&+Metro+Boomin),Mile High (feat. Travis Scott & Metro Boomin),James Blake
2025-04-24 11:04:06,1745503446,https://www.last.fm/music/James+Blake/_/Mile+High+(feat.+Travis+Scott+&+Metro+Boomin),Mile High (feat. Travis Scott & Metro Boomin),James Blake
2025-04-23 14:16:03,1745428563,https://www.last.fm/music/Drake/_/F*****g+Fans,F*****g Fans,Drake
2025-04-23 14:03:31,1745427811,https://www.last.fm/music/Drake/_/Time+Flies,Time Flies,Drake
2025-04-23 11:22:02,1745418122,https://www.last.fm/music/Drake/_/Yebba%E2%80%99s+Heartbreak,Yebba’s Heartbreak,Drake
2025-04-23 11:03:28,1745417008,https://www.last.fm/music/Drake/_/Fire+&+Desire,Fire & Desire,Drake
2025-04-23 10:47:46,1745416066,https://www.last.fm/music/Drake/_/Jungle,Jungle,Drake
2025-04-23 10:12:44,1745413964,https://www.last.fm/music/Drake/_/Passionfruit,Passionfruit,Drake
2025-04-23 09:53:41,1745412821,https://www.last.fm/music/Drake/_/Teenage+Fever,Teenage Fever,Drake
2025-04-23 09:43:40,1745412220,https://www.last.fm/music/Drake/_/Jaded,Jaded,Drake
2025-04-23 09:31:07,1745411467,https://www.last.fm/music/James+Blake/_/Mile+High+(feat.+Travis+Scott+&+Metro+Boomin),Mile High (feat. Travis Scott & Metro Boomin),James Blake
2025-04-22 15:08:43,1745345323,https://www.last.fm/music/Drake/_/Fire+&+Desire,Fire & Desire,Drake
2025-04-21 22:35:35,1745285735,https://www.last.fm/music/Drake/_/Fire+&+Desire,Fire & Desire,Drake
2025-04-21 22:15:28,1745284528,https://www.last.fm/music/Drake/_/Jaded,Jaded,Drake
2025-04-21 22:10:47,1745284247,https://www.last.fm/music/Drake/_/Trust+Issues,Trust Issues,Drake
2025-12-08 03:02:01,1765173721,https://www.last.fm/music/Drake/_/From+Time,From Time,Drake
2025-04-21 19:39:57,1745275197,https://www.last.fm/music/Drake/_/Now+&+Forever,Now & Forever,Drake
2025-04-21 18:04:44,1745269484,https://www.last.fm/music/Drake/_/Star67,Star67,Drake
2025-04-21 18:00:36,1745269236,https://www.last.fm/music/Drake/_/We%27ll+Be+Fine,We'll Be Fine,Drake
2025-04-21 00:06:37,1745204797,https://www.last.fm/music/Drake/_/Furthest+Thing,Furthest Thing,Drake
2025-04-20 23:58:01,1745204281,https://www.last.fm/music/Drake/_/We%27ll+Be+Fine,We'll Be Fine,Drake
2025-04-20 18:54:35,1745186075,https://www.last.fm/music/Drake/_/Now+&+Forever,Now & Forever,Drake
2025-04-20 18:18:54,1745183934,https://www.last.fm/music/Drake/_/Fire+&+Desire,Fire & Desire,Drake
2025-04-20 16:53:10,1745178790,https://www.last.fm/music/Drake/_/Star67,Star67,Drake
2025-04-19 18:23:39,1745097819,https://www.last.fm/music/Drake/_/Fire+&+Desire,Fire & Desire,Drake
2025-04-19 18:20:18,1745097618,https://www.last.fm/music/PARTYNEXTDOOR/_/WHEN+HE%27S+GONE,WHEN HE'S GONE,PARTYNEXTDOOR
2025-04-19 18:15:33,1745097333,https://www.last.fm/music/Drake/_/Star67,Star67,Drake
2025-04-19 15:53:10,1745088790,https://www.last.fm/music/PARTYNEXTDOOR/_/WHEN+HE%27S+GONE,WHEN HE'S GONE,PARTYNEXTDOOR
2025-04-18 21:06:37,1745021197,https://www.last.fm/music/Drake/_/NOKIA,NOKIA,Drake
2025-04-18 21:03:26,1745021006,https://www.last.fm/music/PARTYNEXTDOOR/_/DIE+TRYING,DIE TRYING,PARTYNEXTDOOR
2025-04-18 12:47:27,1744991247,https://www.last.fm/music/PARTYNEXTDOOR/_/GREEDY,GREEDY,PARTYNEXTDOOR
2025-04-18 12:43:57,1744991037,https://www.last.fm/music/PARTYNEXTDOOR/_/WHEN+HE%27S+GONE,WHEN HE'S GONE,PARTYNEXTDOOR
2025-04-18 12:40:32,1744990832,https://www.last.fm/music/PARTYNEXTDOOR/_/GLORIOUS,GLORIOUS,PARTYNEXTDOOR
2025-04-18 12:36:39,1744990599,https://www.last.fm/music/PARTYNEXTDOOR/_/OMW,OMW,PARTYNEXTDOOR
2025-04-18 12:32:44,1744990364,https://www.last.fm/music/PARTYNEXTDOOR/_/CELIBACY,CELIBACY,PARTYNEXTDOOR
2025-04-18 12:29:41,1744990181,https://www.last.fm/music/PARTYNEXTDOOR/_/SOMEBODY+LOVES+ME,SOMEBODY LOVES ME,PARTYNEXTDOOR
2025-04-18 12:26:25,1744989985,https://www.last.fm/music/PARTYNEXTDOOR/_/DIE+TRYING,DIE TRYING,PARTYNEXTDOOR
2025-04-18 12:22:24,1744989744,https://www.last.fm/music/Drake/_/NOKIA,NOKIA,Drake
2025-04-18 12:17:54,1744989474,https://www.last.fm/music/PARTYNEXTDOOR/_/MEET+YOUR+PADRE,MEET YOUR PADRE,PARTYNEXTDOOR
2025-04-17 20:49:22,1744933762,https://www.last.fm/music/PARTYNEXTDOOR/_/GREEDY,GREEDY,PARTYNEXTDOOR
2025-04-17 20:44:59,1744933499,https://www.last.fm/music/PARTYNEXTDOOR/_/WHEN+HE%27S+GONE,WHEN HE'S GONE,PARTYNEXTDOOR
2025-04-16 18:01:31,1744837291,https://www.last.fm/music/Drake/_/Star67,Star67,Drake
2025-04-16 11:25:30,1744813530,https://www.last.fm/music/Drake/_/Furthest+Thing,Furthest Thing,Drake
2025-04-16 10:08:36,1744808916,https://www.last.fm/music/Drake/_/Crew+Love,Crew Love,Drake
2025-04-16 09:43:40,1744807420,https://www.last.fm/music/Drake/_/Now+&+Forever,Now & Forever,Drake
2025-04-15 18:30:23,1744752623,https://www.last.fm/music/Drake/_/Crew+Love,Crew Love,Drake
2025-04-15 17:29:35,1744748975,https://www.last.fm/music/Drake/_/Star67,Star67,Drake
2025-04-15 14:58:38,1744739918,https://www.last.fm/music/Drake/_/Jungle,Jungle,Drake
2025-04-15 14:49:19,1744739359,https://www.last.fm/music/Drake/_/Fire+&+Desire,Fire & Desire,Drake
2025-04-14 15:05:20,1744653920,https://www.last.fm/music/Drake/_/Crew+Love,Crew Love,Drake
2025-04-14 15:01:51,1744653711,https://www.last.fm/music/Drake/_/Crew+Love,Crew Love,Drake
2025-04-14 08:13:09,1744629189,https://www.last.fm/music/Drake/_/Crew+Love,Crew Love,Drake
2025-04-13 03:31:38,1744525898,https://www.last.fm/music/Drake/_/Crew+Love,Crew Love,Drake
2025-04-09 15:45:17,1744224317,https://www.last.fm/music/Drake/_/We%27ll+Be+Fine,We'll Be Fine,Drake
2025-04-09 10:04:58,1744203898,https://www.last.fm/music/Drake/_/Crew+Love,Crew Love,Drake
2025-04-09 08:07:17,1744196837,https://www.last.fm/music/Drake/_/Star67,Star67,Drake
2025-04-08 18:51:02,1744149062,https://www.last.fm/music/Drake/_/Crew+Love,Crew Love,Drake
2025-04-08 11:45:09,1744123509,https://www.last.fm/music/Drake/_/Fire+&+Desire,Fire & Desire,Drake
2025-04-08 11:26:27,1744122387,https://www.last.fm/music/Drake/_/Star67,Star67,Drake
2025-04-08 11:20:46,1744122046,https://www.last.fm/music/Drake/_/Marvins+Room,Marvins Room,Drake
2026-08-11 18:19:08,1786483148,https://www.last.fm/music/Drake/_/Crew+Love,Crew Love,Drake
2025-11-12 06:04:12,1762938252,https://www.last.fm/music/Drake/_/The+Language,The Language,Drake
2025-04-07 09:18:34,1744028314,https://www.last.fm/music/Drake/_/Fire+&+Desire,Fire & Desire,Drake
2025-04-07 09:14:35,1744028075,https://www.last.fm/music/Drake/_/We%27ll+Be+Fine,We'll Be Fine,Drake
2025-04-06 18:32:55,1743975175,https://www.last.fm/music/Drake/_/Fire+&+Desire,Fire & Desire,Drake
2025-04-06 13:42:00,1743957720,https://www.last.fm/music/Drake/_/Marvins+Room,Marvins Room,Drake
2025-04-05 17:49:03,1743886143,https://www.last.fm/music/Drake/_/Marvins+Room,Marvins Room,Drake
2025-11-12 05:59:15,1762937955,https://www.last.fm/music/Drake/_/Connect,Connect,Drake
2025-04-05 16:03:44,1743879824,https://www.last.fm/music/Drake/_/Star67,Star67,Drake
2025-04-05 14:09:15,1743872955,https://www.last.fm/music/Drake/_/Marvins+Room,Marvins Room,Drake
2025-04-05 11:38:35,1743863915,https://www.last.fm/music/Drake/_/Nice+for+What,Nice for What,Drake
2025-04-04 22:28:28,1743816508,https://www.last.fm/music/Drake/_/A+Keeper,A Keeper,Drake
2025-04-04 08:35:16,1743766516,https://www.last.fm/music/Drake/_/Furthest+Thing,Furthest Thing,Drake
2025-04-04 08:31:09,1743766269,https://www.last.fm/music/Drake/_/We%27ll+Be+Fine,We'll Be Fine,Drake
2025-04-04 07:13:18,1743761598,https://www.last.fm/music/Drake/_/Star67,Star67,Drake
2025-04-03 23:32:52,1743733972,https://www.last.fm/music/Drake/_/Star67,Star67,Drake
2025-04-03 17:15:57,1743711357,https://www.last.fm/music/Drake/_/Star67,Star67,Drake
2025-04-03 09:06:39,1743681999,https://www.last.fm/music/Drake/_/We%27ll+Be+Fine,We'll Be Fine,Drake
2025-04-03 08:28:32,1743679712,https://www.last.fm/music/Drake/_/Fire+&+Desire,Fire & Desire,Drake
2025-04-02 14:10:42,1743613842,https://www.last.fm/music/Drake/_/Peak,Peak,Drake
2025-04-02 14:06:14,1743613574,https://www.last.fm/music/Drake/_/Signs,Signs,Drake
2025-04-01 08:49:21,1743508161,https://www.last.fm/music/Drake/_/Furthest+Thing,Furthest Thing,Drake
2025-04-01 08:44:37,1743507877,https://www.last.fm/music/Drake/_/Star67,Star67,Drake
2025-04-01 07:31:51,1743503511,https://www.last.fm/music/Drake/_/Fire+&+Desire,Fire & Desire,Drake
2025-04-01 06:47:50,1743500870,https://www.last.fm/music/Drake/_/Marvins+Room,Marvins Room,Drake
2025-03-31 12:15:25,1743434125,https://www.last.fm/music/Drake/_/Star67,Star67,Drake
2025-03-31 07:45:04,1743417904,https://www.last.fm/music/Drake/_/Star67,Star67,Drake
2025-03-31 07:37:00,1743417420,https://www.last.fm/music/Drake/_/We%27ll+Be+Fine,We'll Be Fine,Drake
2025-03-29 16:48:40,1743277720,https://www.last.fm/music/Drake/_/Star67,Star67,Drake
2025-03-29 16:45:26,1743277526,https://www.last.fm/music/Drake/_/Furthest+Thing,Furthest Thing,Drake
2025-03-29 06:30:19,1743240619,https://www.last.fm/music/PARTYNEXTDOOR/_/CN+TOWER,CN TOWER,PARTYNEXTDOOR
2025-03-28 22:36:07,1743212167,https://www.last.fm/music/Drake/_/Peak,Peak,Drake
2025-03-28 22:10:14,1743210614,https://www.last.fm/music/Drake/_/Furthest+Thing,Furthest Thing,Drake
2025-03-28 22:05:07,1743210307,https://www.last.fm/music/Drake/_/Star67,Star67,Drake
2025-03-28 15:12:26,1743185546,https://www.last.fm/music/Drake/_/Furthest+Thing,Furthest Thing,Drake
2025-03-28 15:07:31,1743185251,https://www.last.fm/music/Drake/_/Star67,Star67,Drake
2025-03-28 11:15:14,1743171314,https://www.last.fm/music/MC+LUUKY/_/Olha+pra+Cara+de+Quem+Te...,Olha pra Cara de Quem Te...,MC LUUKY
2025-03-28 07:41:11,1743158471,https://www.last.fm/music/Drake/_/Furthest+Thing,Furthest Thing,Drake
2025-03-28 07:36:26,1743158186,https://www.last.fm/music/Drake/_/Star67,Star67,Drake
2025-03-27 22:32:10,1743125530,https://www.last.fm/music/Drake/_/Star67,Star67,Drake
2025-03-27 08:16:52,1743074212,https://www.last.fm/music/Drake/_/We%27ll+Be+Fine,We'll Be Fine,Drake
2025-03-27 08:03:17,1743073397,https://www.last.fm/music/Drake/_/Star67,Star67,Drake
2025-11-10 15:14:17,1762798457,https://www.last.fm/music/Drake/_/From+Time,From Time,Drake
2025-03-26 10:34:01,1742996041,https://www.last.fm/music/Drake/_/Practice,Practice,Drake
2025-03-24 07:51:43,1742813503,https://www.last.fm/music/Drake/_/Furthest+Thing,Furthest Thing,Drake
2025-03-25 08:40:06,1742902806,https://www.last.fm/music/Drake/_/Know+Yourself,Know Yourself,Drake
2025-03-25 08:35:21,1742902521,https://www.last.fm/music/Drake/_/Star67,Star67,Drake
2025-03-24 17:37:10,1742848630,https://www.last.fm/music/Apparat/_/Goodbye+(feat.+Soap&Skin),Goodbye (feat. Soap&Skin),Apparat
2025-03-24 14:46:02,1742838362,https://www.last.fm/music/Drake/_/We%27ll+Be+Fine,We'll Be Fine,Drake
2025-03-24 10:48:36,1742824116,https://www.last.fm/music/Apparat/_/Goodbye+(feat.+Soap&Skin),Goodbye (feat. Soap&Skin),Apparat
2025-03-24 07:36:42,1742812602,https://www.last.fm/music/Drake/_/Star67,Star67,Drake
2025-03-24 07:03:50,1742810630,https://www.last.fm/music/Drake/_/Furthest+Thing,Furthest Thing,Drake
2025-03-24 06:41:55,1742809315,https://www.last.fm/music/Drake/_/Star67,Star67,Drake
2025-03-23 22:08:52,1742778532,https://www.last.fm/music/Drake/_/Doing+It+Wrong,Doing It Wrong,Drake
2025-03-22 17:46:27,1742676387,https://www.last.fm/music/Drake/_/Marvins+Room,Marvins Room,Drake
2025-03-22 15:34:47,1742668487,https://www.last.fm/music/Drake/_/Fire+&+Desire,Fire & Desire,Drake
2025-03-22 14:48:16,1742665696,https://www.last.fm/music/Drake/_/Fire+&+Desire,Fire & Desire,Drake
2025-03-22 00:41:18,1742614878,https://www.last.fm/music/Drake/_/Peak,Peak,Drake
2025-03-21 19:23:57,1742595837,https://www.last.fm/music/Drake/_/Marvins+Room,Marvins Room,Drake
2025-03-21 19:09:08,1742594948,https://www.last.fm/music/Drake/_/Doing+It+Wrong,Doing It Wrong,Drake
2025-03-21 07:32:42,1742553162,https://www.last.fm/music/Drake/_/Doing+It+Wrong,Doing It Wrong,Drake
2025-03-20 18:47:38,1742507258,https://www.last.fm/music/Drake/_/Marvins+Room,Marvins Room,Drake
2025-03-20 18:37:29,1742506649,https://www.last.fm/music/Drake/_/We%27ll+Be+Fine,We'll Be Fine,Drake
2025-03-20 13:23:42,1742487822,https://www.last.fm/music/Drake/_/Doing+It+Wrong,Doing It Wrong,Drake
2025-03-20 13:19:40,1742487580,https://www.last.fm/music/Drake/_/We%27ll+Be+Fine,We'll Be Fine,Drake
2025-03-20 11:50:08,1742482208,https://www.last.fm/music/Drake/_/Doing+It+Wrong,Doing It Wrong,Drake
2025-03-20 09:52:09,1742475129,https://www.last.fm/music/Drake/_/Fire+&+Desire,Fire & Desire,Drake
2025-03-20 09:39:32,1742474372,https://www.last.fm/music/Drake/_/Doing+It+Wrong,Doing It Wrong,Drake
2025-03-18 20:50:52,1742341852,https://www.last.fm/music/Drake/_/Fire+&+Desire,Fire & Desire,Drake
2025-03-18 20:35:56,1742340956,https://www.last.fm/music/Drake/_/We%27ll+Be+Fine,We'll Be Fine,Drake
2025-03-18 19:52:56,1742338376,https://www.last.fm/music/Drake/_/Doing+It+Wrong,Doing It Wrong,Drake
2025-03-18 08:50:21,1742298621,https://www.last.fm/music/Drake/_/Doing+It+Wrong,Doing It Wrong,Drake
2025-03-17 20:26:51,1742254011,https://www.last.fm/music/Drake/_/We%27ll+Be+Fine,We'll Be Fine,Drake
2025-03-17 20:21:10,1742253670,https://www.last.fm/music/Drake/_/Marvins+Room,Marvins Room,Drake
2025-03-17 18:39:29,1742247569,https://www.last.fm/music/Drake/_/Doing+It+Wrong,Doing It Wrong,Drake
2025-03-17 18:35:38,1742247338,https://www.last.fm/music/Drake/_/Fire+&+Desire,Fire & Desire,Drake
2025-03-17 13:40:57,1742229657,https://www.last.fm/music/Drake/_/Cameras+%2F+Good+Ones+Go+Interlude+-+Medley,Cameras / Good Ones Go Interlude - Medley,Drake
2025-03-17 13:12:15,1742227935,https://www.last.fm/music/Drake/_/Fire+&+Desire,Fire & Desire,Drake
2025-03-17 12:41:28,1742226088,https://www.last.fm/music/Drake/_/Marvins+Room,Marvins Room,Drake
2025-03-17 12:06:52,1742224012,https://www.last.fm/music/Drake/_/Finesse,Finesse,Drake
2025-03-17 11:35:56,1742222156,https://www.last.fm/music/Drake/_/Finesse,Finesse,Drake
2025-03-17 07:34:39,1742207679,https://www.last.fm/music/Drake/_/Crew+Love,Crew Love,Drake
2025-03-16 21:10:00,1742170200,https://www.last.fm/music/Drake/_/Look+What+You%27ve+Done,Look What You've Done,Drake
2025-03-16 21:04:39,1742169879,https://www.last.fm/music/Drake/_/The+Real+Her,The Real Her,Drake
2025-03-16 21:00:14,1742169614,https://www.last.fm/music/Drake/_/Doing+It+Wrong,Doing It Wrong,Drake
2025-03-16 18:51:52,1742161912,https://www.last.fm/music/Drake/_/Crew+Love,Crew Love,Drake
2025-03-15 22:51:22,1742089882,https://www.last.fm/music/Drake/_/Crew+Love,Crew Love,Drake
2025-03-15 22:35:38,1742088938,https://www.last.fm/music/Drake/_/We%27ll+Be+Fine,We'll Be Fine,Drake
2025-03-15 17:07:24,1742069244,https://www.last.fm/music/Drake/_/We%27ll+Be+Fine,We'll Be Fine,Drake
2025-03-14 23:39:29,1742006369,https://www.last.fm/music/MC+LUUKY/_/Malvadinho,Malvadinho,MC LUUKY
2025-03-14 23:11:04,1742004664,https://www.last.fm/music/Felipe+Amorim/_/Nossas+Fotos,Nossas Fotos,Felipe Amorim
2025-03-14 09:33:43,1741955623,https://www.last.fm/music/Drake/_/Doing+It+Wrong,Doing It Wrong,Drake
2025-03-13 19:21:10,1741904470,https://www.last.fm/music/Drake/_/Doing+It+Wrong,Doing It Wrong,Drake
2025-03-13 14:16:50,1741886210,https://www.last.fm/music/Drake/_/Doing+It+Wrong,Doing It Wrong,Drake
2025-03-13 09:59:30,1741870770,https://www.last.fm/music/Drake/_/Crew+Love,Crew Love,Drake
2025-03-13 08:38:06,1741865886,https://www.last.fm/music/Drake/_/We%27ll+Be+Fine,We'll Be Fine,Drake
2025-03-12 14:12:31,1741799551,https://www.last.fm/music/Drake/_/Crew+Love,Crew Love,Drake
2025-03-12 09:35:22,1741782922,https://www.last.fm/music/Drake/_/Hotline+Bling,Hotline Bling,Drake
2025-03-12 09:31:07,1741782667,https://www.last.fm/music/Drake/_/Doing+It+Wrong,Doing It Wrong,Drake
2025-03-12 08:39:00,1741779540,https://www.last.fm/music/Drake/_/Nothings+Into+Somethings,Nothings Into Somethings,Drake
2025-03-12 08:06:21,1741777581,https://www.last.fm/music/Pimmie/_/PIMMIE%27S+DILEMMA,PIMMIE'S DILEMMA,Pimmie
2025-03-12 08:02:28,1741777348,https://www.last.fm/music/PARTYNEXTDOOR/_/CN+TOWER,CN TOWER,PARTYNEXTDOOR
2025-03-12 07:45:26,1741776326,https://www.last.fm/music/PARTYNEXTDOOR/_/SOMETHING+ABOUT+YOU,SOMETHING ABOUT YOU,PARTYNEXTDOOR
2025-03-12 07:28:28,1741775308,https://www.last.fm/music/Drake/_/Crew+Love,Crew Love,Drake
2025-03-11 19:00:28,1741730428,https://www.last.fm/music/Drake/_/Crew+Love,Crew Love,Drake
2025-10-15 09:18:42,1760530722,https://www.last.fm/music/dnovaees/_/EU+SEI+QUE+N%C3%83O+%C3%89+VERDADE,EU SEI QUE NÃO É VERDADE,dnovaees
2025-03-11 11:38:13,1741703893,https://www.last.fm/music/PARTYNEXTDOOR/_/CN+TOWER,CN TOWER,PARTYNEXTDOOR
2025-03-10 21:24:36,1741652676,https://www.last.fm/music/Drake/_/We%27ll+Be+Fine,We'll Be Fine,Drake
2025-03-10 21:07:56,1741651676,https://www.last.fm/music/Drake/_/Marvins+Room,Marvins Room,Drake
2025-03-10 19:41:37,1741646497,https://www.last.fm/music/Drake/_/Marvins+Room,Marvins Room,Drake
2025-03-10 07:28:05,1741602485,https://www.last.fm/music/Drake/_/We%27ll+Be+Fine,We'll Be Fine,Drake
2025-03-10 06:35:15,1741599315,https://www.last.fm/music/Drake/_/Doing+It+Wrong,Doing It Wrong,Drake
2025-03-09 19:06:04,1741557964,https://www.last.fm/music/Drake/_/Crew+Love,Crew Love,Drake
2025-03-08 16:02:07,1741460527,https://www.last.fm/music/Drake/_/Marvins+Room,Marvins Room,Drake
2025-03-08 15:49:49,1741459789,https://www.last.fm/music/Drake/_/Fire+&+Desire,Fire & Desire,Drake
2025-03-07 11:14:34,1741356874,https://www.last.fm/music/Drake/_/Marvins+Room,Marvins Room,Drake
2025-03-07 08:54:03,1741348443,https://www.last.fm/music/Drake/_/Fire+&+Desire,Fire & Desire,Drake
2025-03-06 11:30:06,1741271406,https://www.last.fm/music/Drake/_/Trust+Issues,Trust Issues,Drake
2025-03-06 11:25:13,1741271113,https://www.last.fm/music/Drake/_/Doing+It+Wrong,Doing It Wrong,Drake
2025-03-05 17:10:58,1741205458,https://www.last.fm/music/Drake/_/Fire+&+Desire,Fire & Desire,Drake
2025-03-05 16:53:01,1741204381,https://www.last.fm/music/Drake/_/Marvins+Room,Marvins Room,Drake
2025-03-05 16:21:39,1741202499,https://www.last.fm/music/Drake/_/Marvins+Room,Marvins Room,Drake
2025-03-05 13:32:49,1741192369,https://www.last.fm/music/Drake/_/We%27ll+Be+Fine,We'll Be Fine,Drake
2025-03-05 13:22:18,1741191738,https://www.last.fm/music/Drake/_/Fire+&+Desire,Fire & Desire,Drake
2025-03-05 10:23:26,1741181006,https://www.last.fm/music/Drake/_/Doing+It+Wrong,Doing It Wrong,Drake
2025-03-04 23:30:48,1741141848,https://www.last.fm/music/MC+LUUKY/_/Malvadinho,Malvadinho,MC LUUKY
2025-03-04 21:36:05,1741134965,https://www.last.fm/music/Drake/_/We%27ll+Be+Fine,We'll Be Fine,Drake
2025-03-04 20:34:46,1741131286,https://www.last.fm/music/Drake/_/Teenage+Fever,Teenage Fever,Drake
2025-03-04 20:07:06,1741129626,https://www.last.fm/music/Drake/_/Trust+Issues,Trust Issues,Drake
2025-03-04 19:51:49,1741128709,https://www.last.fm/music/Drake/_/Finesse,Finesse,Drake
2025-03-04 07:37:48,1741084668,https://www.last.fm/music/Drake/_/Fire+&+Desire,Fire & Desire,Drake
2025-03-04 07:18:23,1741083503,https://www.last.fm/music/Drake/_/We%27ll+Be+Fine,We'll Be Fine,Drake
2026-08-26 18:39:08,1787780348,https://www.last.fm/music/Drake/_/We%27ll+Be+Fine,We'll Be Fine,Drake
2026-08-25 17:56:45,1787691405,https://www.last.fm/music/Drake/_/Don%E2%80%99t+Matter+To+Me+(with+Michael+Jackson),Don’t Matter To Me (with Michael Jackson),Drake
2026-08-25 17:44:57,1787690697,https://www.last.fm/music/Drake/_/Practice,Practice,Drake
2026-08-25 17:41:30,1787690490,https://www.last.fm/music/Drake/_/HYFR+(Hell+Ya+Fucking+Right),HYFR (Hell Ya Fucking Right),Drake
2026-08-25 17:36:28,1787690188,https://www.last.fm/music/Drake/_/Look+What+You%27ve+Done,Look What You've Done,Drake
2026-08-24 15:01:54,1787594514,https://www.last.fm/music/Drake/_/The+Real+Her,The Real Her,Drake
2026-08-24 06:29:38,1787563778,https://www.last.fm/music/Drake/_/Doing+It+Wrong,Doing It Wrong,Drake
2026-08-24 06:22:24,1787563344,https://www.last.fm/music/Drake/_/Cameras+%2F+Good+Ones+Go+Interlude+-+Medley,Cameras / Good Ones Go Interlude - Medley,Drake
2026-08-24 06:16:10,1787562970,https://www.last.fm/music/Drake/_/Marvins+Room,Marvins Room,Drake
2026-08-24 06:11:30,1787562690,https://www.last.fm/music/Drake/_/Take+Care,Take Care,Drake
2026-08-24 06:07:29,1787562449,https://www.last.fm/music/Drake/_/Crew+Love,Crew Love,Drake
2026-08-24 06:03:33,1787562213,https://www.last.fm/music/Drake/_/Headlines,Headlines,Drake
2026-08-24 05:59:51,1787561991,https://www.last.fm/music/Drake/_/Shot+for+Me,Shot for Me,Drake
2026-08-24 05:55:50,1787561750,https://www.last.fm/music/Drake/_/We%27ll+Be+Fine,We'll Be Fine,Drake
2026-08-24 05:51:27,1787561487,https://www.last.fm/music/Drake/_/Over+My+Dead+Body,Over My Dead Body,Drake
2026-08-24 05:47:36,1787561256,https://www.last.fm/music/Drake/_/We%27ll+Be+Fine,We'll Be Fine,Drake
2026-08-21 22:36:28,1787362588,https://www.last.fm/music/ridgeclub/_/do+i+clench+my+fists%3F,do i clench my fists?,ridgeclub
2026-08-21 22:33:28,1787362408,https://www.last.fm/music/Stylix/_/It%27s+Snowing+Like+It%27s+the+End+of+the+World,It's Snowing Like It's the End of the World,Stylix
2026-08-21 22:18:47,1787361527,https://www.last.fm/music/Krobak/_/It%27s+Snowing+Like+It%27s+the+End+of+the+World,It's Snowing Like It's the End of the World,Krobak
2026-08-21 22:02:27,1787360547,https://www.last.fm/music/Drake/_/U+With+Me%3F,U With Me?,Drake
2026-08-21 19:41:35,1787352095,https://www.last.fm/music/Drake/_/Flight%27s+Booked,Flight's Booked,Drake
2026-08-21 19:36:01,1787351761,https://www.last.fm/music/Drake/_/Don%E2%80%99t+Matter+To+Me+(with+Michael+Jackson),Don’t Matter To Me (with Michael Jackson),Drake
2026-08-20 18:58:10,1787263090,https://www.last.fm/music/MRK/_/What+i+need,What i need,MRK
2026-08-20 18:13:43,1787260423,https://www.last.fm/music/James+Blake/_/When+I%E2%80%99m+Home,When I’m Home,James Blake
2026-08-20 17:51:28,1787259088,https://www.last.fm/music/Drake/_/Don%E2%80%99t+Matter+To+Me+(with+Michael+Jackson),Don’t Matter To Me (with Michael Jackson),Drake
2026-08-19 17:50:02,1787172602,https://www.last.fm/music/Drake/_/Don%E2%80%99t+Matter+To+Me+(with+Michael+Jackson),Don’t Matter To Me (with Michael Jackson),Drake
2026-08-19 17:38:21,1787171901,https://www.last.fm/music/Drake/_/Flight%27s+Booked,Flight's Booked,Drake
2026-08-19 17:27:29,1787171249,https://www.last.fm/music/Drake/_/Don%E2%80%99t+Matter+To+Me+(with+Michael+Jackson),Don’t Matter To Me (with Michael Jackson),Drake
2026-08-19 10:34:52,1787146492,https://www.last.fm/music/Drake/_/Too+Much,Too Much,Drake
2026-08-19 09:54:35,1787144075,https://www.last.fm/music/Drake/_/Redemption,Redemption,Drake
2026-08-18 10:15:37,1787058937,https://www.last.fm/music/Drake/_/Don%E2%80%99t+Matter+To+Me+(with+Michael+Jackson),Don’t Matter To Me (with Michael Jackson),Drake
2026-08-17 18:24:19,1787001859,https://www.last.fm/music/Drake/_/Lose+You,Lose You,Drake
2026-08-17 18:10:25,1787001025,https://www.last.fm/music/Drake/_/U+With+Me%3F,U With Me?,Drake
2026-08-17 18:06:31,1787000791,https://www.last.fm/music/Drake/_/Don%E2%80%99t+Matter+To+Me+(with+Michael+Jackson),Don’t Matter To Me (with Michael Jackson),Drake
2026-08-17 17:25:52,1786998352,https://www.last.fm/music/James+Blake/_/When+I%E2%80%99m+Home,When I’m Home,James Blake
2026-08-17 08:15:27,1786965327,https://www.last.fm/music/Drake/_/Cameras+%2F+Good+Ones+Go+Interlude+-+Medley,Cameras / Good Ones Go Interlude - Medley,Drake
2026-08-14 22:13:53,1786756433,https://www.last.fm/music/Drake/_/Redemption,Redemption,Drake
2026-08-14 22:09:58,1786756198,https://www.last.fm/music/Drake/_/Don%E2%80%99t+Matter+To+Me+(with+Michael+Jackson),Don’t Matter To Me (with Michael Jackson),Drake
2026-08-14 17:45:41,1786740341,https://www.last.fm/music/Drake/_/Passionfruit,Passionfruit,Drake
2026-08-14 17:42:34,1786740154,https://www.last.fm/music/PARTYNEXTDOOR/_/DIE+TRYING,DIE TRYING,PARTYNEXTDOOR
2026-04-17 09:18:40,1776428320,https://www.last.fm/music/Drake/_/Madonna,Madonna,Drake
2026-04-17 09:12:22,1776427942,https://www.last.fm/music/Drake/_/The+Motion,The Motion,Drake
2026-04-16 10:07:42,1776344862,https://www.last.fm/music/Drake/_/Know+Yourself,Know Yourself,Drake
2026-04-16 10:02:12,1776344532,https://www.last.fm/music/Drake/_/Star67,Star67,Drake
2026-04-16 09:53:53,1776344033,https://www.last.fm/music/Drake/_/Madonna,Madonna,Drake
2026-04-16 09:47:54,1776343674,https://www.last.fm/music/Drake/_/Jungle,Jungle,Drake
2026-04-16 09:43:27,1776343407,https://www.last.fm/music/Drake/_/The+Motion,The Motion,Drake
2026-04-16 09:10:34,1776341434,https://www.last.fm/music/Drake/_/Flight%27s+Booked,Flight's Booked,Drake
2026-04-15 10:14:26,1776258866,https://www.last.fm/music/Drake/_/Pound+Cake+%2F+Paris+Morton+Music+2,Pound Cake / Paris Morton Music 2,Drake
2026-04-15 08:59:53,1776254393,https://www.last.fm/music/Drake/_/Madonna,Madonna,Drake
2026-04-15 08:49:22,1776253762,https://www.last.fm/music/Drake/_/The+Motion,The Motion,Drake
2026-04-15 08:44:21,1776253461,https://www.last.fm/music/Drake/_/Feel+No+Ways,Feel No Ways,Drake
2026-04-15 08:37:50,1776253070,https://www.last.fm/music/Drake/_/U+With+Me%3F,U With Me?,Drake
2026-04-15 07:31:43,1776249103,https://www.last.fm/music/Drake/_/9,9,Drake
2026-04-14 09:28:08,1776169688,https://www.last.fm/music/Drake/_/Madonna,Madonna,Drake
2026-04-14 09:23:23,1776169403,https://www.last.fm/music/Drake/_/Star67,Star67,Drake
2026-04-13 07:10:42,1776075042,https://www.last.fm/music/Drake/_/Fair+Trade+(with+Travis+Scott),Fair Trade (with Travis Scott),Drake
2026-04-13 07:04:08,1776074648,https://www.last.fm/music/James+Blake/_/Mile+High+(feat.+Travis+Scott+&+Metro+Boomin),Mile High (feat. Travis Scott & Metro Boomin),James Blake
2026-04-13 06:59:19,1776074359,https://www.last.fm/music/Drake/_/Passionfruit,Passionfruit,Drake
2026-04-12 20:44:33,1776037473,https://www.last.fm/music/Drake/_/Flight%27s+Booked,Flight's Booked,Drake
2026-04-11 18:08:48,1775941728,https://www.last.fm/music/Drake/_/Madonna,Madonna,Drake
2026-04-11 17:58:31,1775941111,https://www.last.fm/music/Drake/_/Feel+No+Ways,Feel No Ways,Drake
2026-04-11 17:20:53,1775938853,https://www.last.fm/music/Drake/_/Pipe+Down,Pipe Down,Drake
2026-04-11 12:52:28,1775922748,https://www.last.fm/music/Drake/_/Get+Along+Better,Get Along Better,Drake
2026-04-11 11:10:08,1775916608,https://www.last.fm/music/Drake/_/Teenage+Fever,Teenage Fever,Drake
2026-04-10 15:23:29,1775845409,https://www.last.fm/music/Drake/_/Pound+Cake+%2F+Paris+Morton+Music+2,Pound Cake / Paris Morton Music 2,Drake
2026-04-10 15:20:53,1775845253,https://www.last.fm/music/Drake/_/Furthest+Thing,Furthest Thing,Drake
2026-04-10 15:15:12,1775844912,https://www.last.fm/music/Drake/_/Madonna,Madonna,Drake
2026-04-10 15:12:27,1775844747,https://www.last.fm/music/Drake/_/The+Motion,The Motion,Drake
2026-04-10 15:12:15,1775844735,https://www.last.fm/music/Drake/_/Feel+No+Ways,Feel No Ways,Drake
2026-04-10 15:08:20,1775844500,https://www.last.fm/music/Drake/_/The+Motion,The Motion,Drake
2026-04-10 14:04:48,1775840688,https://www.last.fm/music/Drake/_/Trust+Issues,Trust Issues,Drake
2026-04-09 11:00:10,1775743210,https://www.last.fm/music/Drake/_/Paris+Morton+Music,Paris Morton Music,Drake
2026-04-09 10:56:06,1775742966,https://www.last.fm/music/Drake/_/Company,Company,Drake
2026-04-09 10:52:57,1775742777,https://www.last.fm/music/Drake/_/Madonna,Madonna,Drake
2026-04-09 10:49:06,1775742546,https://www.last.fm/music/Drake/_/The+Motion,The Motion,Drake
2026-04-09 10:38:03,1775741883,https://www.last.fm/music/Drake/_/Club+Paradise,Club Paradise,Drake
2026-04-08 21:07:05,1775693225,https://www.last.fm/music/Drake/_/Now+&+Forever,Now & Forever,Drake
2026-04-08 20:41:57,1775691717,https://www.last.fm/music/Drake/_/The+Motion,The Motion,Drake
2026-04-08 14:27:46,1775669266,https://www.last.fm/music/Drake/_/Buried+Alive+Interlude,Buried Alive Interlude,Drake
2026-04-06 18:47:07,1775512027,https://www.last.fm/music/Drake/_/Race+My+Mind,Race My Mind,Drake
2026-04-06 18:20:56,1775510456,https://www.last.fm/music/Drake/_/Paris+Morton+Music,Paris Morton Music,Drake
2026-04-06 18:15:32,1775510132,https://www.last.fm/music/Drake/_/Redemption,Redemption,Drake
2026-04-06 18:04:19,1775509459,https://www.last.fm/music/Drake/_/Star67,Star67,Drake
2026-04-06 18:01:31,1775509291,https://www.last.fm/music/Drake/_/Madonna,Madonna,Drake
2026-04-06 17:56:58,1775509018,https://www.last.fm/music/Drake/_/Now+&+Forever,Now & Forever,Drake
2026-04-06 17:33:43,1775507623,https://www.last.fm/music/Drake/_/Jaded,Jaded,Drake
2026-04-06 17:29:52,1775507392,https://www.last.fm/music/Drake/_/The+Motion,The Motion,Drake
2026-04-06 11:59:21,1775487561,https://www.last.fm/music/Drake/_/Own+It,Own It,Drake
2026-04-06 11:26:48,1775485608,https://www.last.fm/music/Drake/_/Trust+Issues,Trust Issues,Drake
2026-04-05 17:08:11,1775419691,https://www.last.fm/music/Drake/_/Crew+Love,Crew Love,Drake
2026-04-05 11:50:18,1775400618,https://www.last.fm/music/Drake/_/Club+Paradise,Club Paradise,Drake
2026-04-05 11:39:58,1775399998,https://www.last.fm/music/Drake/_/U+With+Me%3F,U With Me?,Drake
2026-04-05 11:30:50,1775399450,https://www.last.fm/music/Drake/_/Madonna,Madonna,Drake
2026-04-05 11:16:56,1775398616,https://www.last.fm/music/Drake/_/Fire+&+Desire,Fire & Desire,Drake
2026-04-05 10:59:30,1775397570,https://www.last.fm/music/Drake/_/Jungle,Jungle,Drake
2026-04-05 10:49:47,1775396987,https://www.last.fm/music/Drake/_/The+Motion,The Motion,Drake
2026-04-04 15:50:22,1775328622,https://www.last.fm/music/Drake/_/Star67,Star67,Drake
2026-04-04 15:46:21,1775328381,https://www.last.fm/music/Drake/_/The+Motion,The Motion,Drake
2026-04-04 15:32:55,1775327575,https://www.last.fm/music/Drake/_/Feel+No+Ways,Feel No Ways,Drake
2026-04-04 15:09:25,1775326165,https://www.last.fm/music/Drake/_/The+Motion,The Motion,Drake
2026-04-01 00:35:08,1775014508,https://www.last.fm/music/Drake/_/U+With+Me%3F,U With Me?,Drake
2026-04-01 00:35:03,1775014503,https://www.last.fm/music/Drake/_/Star67,Star67,Drake
2026-03-31 23:10:43,1775009443,https://www.last.fm/music/Drake/_/Feel+No+Ways,Feel No Ways,Drake
2026-03-31 22:47:53,1775008073,https://www.last.fm/music/Drake/_/Madonna,Madonna,Drake
2026-03-31 22:44:02,1775007842,https://www.last.fm/music/Drake/_/The+Motion,The Motion,Drake
2026-03-31 19:17:17,1774995437,https://www.last.fm/music/Drake/_/The+Motion,The Motion,Drake
2026-03-31 02:45:21,1774935921,https://www.last.fm/music/Drake/_/Jaded,Jaded,Drake
2026-03-30 14:57:07,1774893427,https://www.last.fm/music/Drake/_/Jaded,Jaded,Drake
2026-03-30 14:44:44,1774892684,https://www.last.fm/music/James+Blake/_/Mile+High+(feat.+Travis+Scott+&+Metro+Boomin),Mile High (feat. Travis Scott & Metro Boomin),James Blake
2026-03-28 17:49:36,1774730976,https://www.last.fm/music/Drake/_/Fire+&+Desire,Fire & Desire,Drake
2026-03-28 17:42:59,1774730579,https://www.last.fm/music/Drake/_/Redemption,Redemption,Drake
2026-03-28 17:38:45,1774730325,https://www.last.fm/music/Drake/_/Weston+Road+Flows,Weston Road Flows,Drake
2026-03-28 17:33:11,1774729991,https://www.last.fm/music/Drake/_/Hype,Hype,Drake
2026-03-28 17:28:13,1774729693,https://www.last.fm/music/Drake/_/Feel+No+Ways,Feel No Ways,Drake
2026-03-28 17:19:17,1774729157,https://www.last.fm/music/Drake/_/U+With+Me%3F,U With Me?,Drake
2026-03-27 23:47:35,1774666055,https://www.last.fm/music/Drake/_/Madonna,Madonna,Drake
2026-03-27 23:37:31,1774665451,https://www.last.fm/music/Drake/_/The+Motion,The Motion,Drake
2026-03-27 17:32:36,1774643556,https://www.last.fm/music/Drake/_/With+You,With You,Drake
2026-03-27 13:33:01,1774629181,https://www.last.fm/music/Drake/_/Redemption,Redemption,Drake
2026-03-27 13:28:47,1774628927,https://www.last.fm/music/Drake/_/Weston+Road+Flows,Weston Road Flows,Drake
2026-03-27 13:25:18,1774628718,https://www.last.fm/music/Drake/_/Hype,Hype,Drake
2026-03-27 13:21:17,1774628477,https://www.last.fm/music/Drake/_/Feel+No+Ways,Feel No Ways,Drake
2026-03-27 13:16:20,1774628180,https://www.last.fm/music/Drake/_/U+With+Me%3F,U With Me?,Drake
2026-03-26 09:51:19,1774529479,https://www.last.fm/music/Drake/_/Fire+&+Desire,Fire & Desire,Drake
2026-03-24 13:25:47,1774369547,https://www.last.fm/music/Drake/_/The+Motion,The Motion,Drake
2026-03-17 16:47:27,1773776847,https://www.last.fm/music/Drake/_/Fair+Trade+(with+Travis+Scott),Fair Trade (with Travis Scott),Drake
2026-03-17 16:36:48,1773776208,https://www.last.fm/music/Drake/_/Passionfruit,Passionfruit,Drake
2026-03-17 16:21:02,1773775262,https://www.last.fm/music/Drake/_/Signs,Signs,Drake
2026-03-17 08:49:05,1773748145,https://www.last.fm/music/James+Blake/_/Mile+High+(feat.+Travis+Scott+&+Metro+Boomin),Mile High (feat. Travis Scott & Metro Boomin),James Blake
2026-03-17 05:33:23,1773736403,https://www.last.fm/music/Drake/_/Which+One+(feat.+Central+Cee),Which One (feat. Central Cee),Drake
2026-03-16 16:28:33,1773689313,https://www.last.fm/music/Drake/_/Fire+&+Desire,Fire & Desire,Drake
2026-03-16 16:13:38,1773688418,https://www.last.fm/music/Drake/_/Jungle,Jungle,Drake
2026-03-16 15:30:14,1773685814,https://www.last.fm/music/Drake/_/Passionfruit,Passionfruit,Drake
2026-03-16 13:04:29,1773677069,https://www.last.fm/music/Drake/_/Teenage+Fever,Teenage Fever,Drake
2026-03-16 12:46:01,1773675961,https://www.last.fm/music/Drake/_/Jaded,Jaded,Drake
2026-03-16 12:33:19,1773675199,https://www.last.fm/music/James+Blake/_/Mile+High+(feat.+Travis+Scott+&+Metro+Boomin),Mile High (feat. Travis Scott & Metro Boomin),James Blake
2026-03-05 13:23:34,1772727814,https://www.last.fm/music/Drake/_/Yebba%E2%80%99s+Heartbreak,Yebba’s Heartbreak,Drake
2026-03-05 12:41:48,1772725308,https://www.last.fm/music/Drake/_/One+Dance,One Dance,Drake
2026-03-01 12:11:55,1772377915,https://www.last.fm/music/Drake/_/One+Dance,One Dance,Drake
2026-03-01 11:58:46,1772377126,https://www.last.fm/music/Drake/_/Time+Flies,Time Flies,Drake
2026-02-21 12:17:50,1771687070,https://www.last.fm/music/Drake/_/Yebba%E2%80%99s+Heartbreak,Yebba’s Heartbreak,Drake
2026-02-21 12:15:33,1771686933,https://www.last.fm/music/Drake/_/Yebba%E2%80%99s+Heartbreak,Yebba’s Heartbreak,Drake
2026-02-21 12:00:49,1771686049,https://www.last.fm/music/Drake/_/Fire+&+Desire,Fire & Desire,Drake
2026-02-21 11:44:26,1771685066,https://www.last.fm/music/Drake/_/Jungle,Jungle,Drake
2026-02-21 11:14:29,1771683269,https://www.last.fm/music/Drake/_/Passionfruit,Passionfruit,Drake
2026-02-21 10:56:03,1771682163,https://www.last.fm/music/Drake/_/Teenage+Fever,Teenage Fever,Drake
2026-02-21 10:46:10,1771681570,https://www.last.fm/music/Drake/_/Jaded,Jaded,Drake
2026-02-21 10:32:09,1771680729,https://www.last.fm/music/James+Blake/_/Mile+High+(feat.+Travis+Scott+&+Metro+Boomin),Mile High (feat. Travis Scott & Metro Boomin),James Blake
2026-02-16 08:36:53,1771241813,https://www.last.fm/music/Drake/_/Fire+&+Desire,Fire & Desire,Drake
2026-02-16 08:33:10,1771241590,https://www.last.fm/music/Drake/_/Signs,Signs,Drake
2026-02-09 06:55:12,1770630912,https://www.last.fm/music/Drake/_/The+Motion,The Motion,Drake
2026-02-09 06:26:23,1770629183,https://www.last.fm/music/Drake/_/U+With+Me%3F,U With Me?,Drake
2026-02-09 06:21:01,1770628861,https://www.last.fm/music/Drake/_/Signs,Signs,Drake
2026-02-07 15:56:33,1770490593,https://www.last.fm/music/Drake/_/Signs,Signs,Drake
2026-02-06 06:56:18,1770371778,https://www.last.fm/music/Drake/_/Jaded,Jaded,Drake
2026-02-06 06:51:28,1770371488,https://www.last.fm/music/James+Blake/_/Mile+High+(feat.+Travis+Scott+&+Metro+Boomin),Mile High (feat. Travis Scott & Metro Boomin),James Blake
2026-02-04 10:46:18,1770212778,https://www.last.fm/music/Drake/_/Yebba%E2%80%99s+Heartbreak,Yebba’s Heartbreak,Drake
2026-02-04 10:21:39,1770211299,https://www.last.fm/music/Drake/_/Fire+&+Desire,Fire & Desire,Drake
2026-02-04 10:03:38,1770210218,https://www.last.fm/music/Drake/_/Jungle,Jungle,Drake
2026-02-03 05:34:58,1770107698,https://www.last.fm/music/Drake/_/Passionfruit,Passionfruit,Drake
2026-02-01 13:12:30,1769962350,https://www.last.fm/music/Drake/_/Teenage+Fever,Teenage Fever,Drake
2026-02-01 12:58:35,1769961515,https://www.last.fm/music/Drake/_/Jaded,Jaded,Drake
2026-02-01 11:19:44,1769955584,https://www.last.fm/music/James+Blake/_/Mile+High+(feat.+Travis+Scott+&+Metro+Boomin),Mile High (feat. Travis Scott & Metro Boomin),James Blake
2026-01-26 10:07:15,1769432835,https://www.last.fm/music/PARTYNEXTDOOR/_/GREEDY,GREEDY,PARTYNEXTDOOR
2026-01-21 06:47:03,1768988823,https://www.last.fm/music/Drake/_/Feel+No+Ways,Feel No Ways,Drake
2026-01-21 06:37:44,1768988264,https://www.last.fm/music/PARTYNEXTDOOR/_/GREEDY,GREEDY,PARTYNEXTDOOR
2026-01-21 06:24:34,1768987474,https://www.last.fm/music/Drake/_/The+Motion,The Motion,Drake
2026-01-21 06:20:49,1768987249,https://www.last.fm/music/Drake/_/Signs,Signs,Drake
2026-01-19 17:58:56,1768856336,https://www.last.fm/music/Drake/_/U+With+Me%3F,U With Me?,Drake
2026-01-19 17:45:32,1768855532,https://www.last.fm/music/Drake/_/Can+I,Can I,Drake
2026-01-19 17:38:29,1768855109,https://www.last.fm/music/Drake/_/Pound+Cake+%2F+Paris+Morton+Music+2,Pound Cake / Paris Morton Music 2,Drake
2026-01-16 16:00:31,1768590031,https://www.last.fm/music/Drake/_/7AM+on+Bridle+Path,7AM on Bridle Path,Drake
2026-01-16 12:08:15,1768576095,https://www.last.fm/music/Drake/_/U+With+Me%3F,U With Me?,Drake
2026-01-16 03:21:17,1768544477,https://www.last.fm/music/Drake/_/Jodeci+Freestyle+(feat.+J.+Cole),Jodeci Freestyle (feat. J. Cole),Drake
2026-01-05 16:18:54,1767640734,https://www.last.fm/music/Drake/_/Hype,Hype,Drake
2026-01-05 13:15:27,1767629727,https://www.last.fm/music/Drake/_/Feel+No+Ways,Feel No Ways,Drake
2026-01-05 13:10:30,1767629430,https://www.last.fm/music/Drake/_/U+With+Me%3F,U With Me?,Drake
2026-01-05 12:36:44,1767627404,https://www.last.fm/music/Drake/_/Can+I,Can I,Drake
2026-01-05 12:15:54,1767626154,https://www.last.fm/music/Drake/_/You+&+the+6,You & the 6,Drake
2026-01-05 11:56:20,1767624980,https://www.last.fm/music/Drake/_/The+Motion,The Motion,Drake
2026-01-05 11:51:27,1767624687,https://www.last.fm/music/Drake/_/Pound+Cake+%2F+Paris+Morton+Music+2,Pound Cake / Paris Morton Music 2,Drake
2026-01-04 11:38:20,1767537500,https://www.last.fm/music/Drake/_/Pound+Cake+%2F+Paris+Morton+Music+2,Pound Cake / Paris Morton Music 2,Drake
2026-01-02 10:32:27,1767360747,https://www.last.fm/music/Drake/_/Crew+Love,Crew Love,Drake
2026-01-02 10:25:23,1767360323,https://www.last.fm/music/Drake/_/Pound+Cake+%2F+Paris+Morton+Music+2,Pound Cake / Paris Morton Music 2,Drake
2026-01-01 18:14:38,1767302078,https://www.last.fm/music/Drake/_/Feel+No+Ways,Feel No Ways,Drake
2026-01-01 04:58:09,1767254289,https://www.last.fm/music/Drake/_/U+With+Me%3F,U With Me?,Drake
2026-01-01 03:58:36,1767250716,https://www.last.fm/music/Drake/_/U+With+Me%3F,U With Me?,Drake
2026-01-01 03:48:00,1767250080,https://www.last.fm/music/Drake/_/Pound+Cake+%2F+Paris+Morton+Music+2,Pound Cake / Paris Morton Music 2,Drake
2025-12-30 06:18:09,1767086289,https://www.last.fm/music/Drake/_/Pound+Cake+%2F+Paris+Morton+Music+2,Pound Cake / Paris Morton Music 2,Drake
2025-12-29 20:17:04,1767050224,https://www.last.fm/music/Drake/_/Connect,Connect,Drake
2025-12-29 19:54:27,1767048867,https://www.last.fm/music/Drake/_/Crew+Love,Crew Love,Drake
2025-12-29 19:42:31,1767048151,https://www.last.fm/music/Drake/_/Pound+Cake+%2F+Paris+Morton+Music+2,Pound Cake / Paris Morton Music 2,Drake
2025-12-28 09:05:34,1766923534,https://www.last.fm/music/Drake/_/Pound+Cake+%2F+Paris+Morton+Music+2,Pound Cake / Paris Morton Music 2,Drake
2025-12-28 05:15:47,1766909747,https://www.last.fm/music/Drake/_/Pound+Cake+%2F+Paris+Morton+Music+2,Pound Cake / Paris Morton Music 2,Drake
2025-12-28 05:15:39,1766909739,https://www.last.fm/music/Drake/_/The+Motion,The Motion,Drake
2025-12-28 04:28:26,1766906906,https://www.last.fm/music/Drake/_/Pound+Cake+%2F+Paris+Morton+Music+2,Pound Cake / Paris Morton Music 2,Drake
2025-12-24 14:21:59,1766596919,https://www.last.fm/music/Drake/_/Feel+No+Ways,Feel No Ways,Drake
2025-12-24 14:09:15,1766596155,https://www.last.fm/music/Drake/_/U+With+Me%3F,U With Me?,Drake
2025-12-24 14:01:48,1766595708,https://www.last.fm/music/Drake/_/Pound+Cake+%2F+Paris+Morton+Music+2,Pound Cake / Paris Morton Music 2,Drake
2025-12-19 19:23:49,1766183029,https://www.last.fm/music/Drake/_/Crew+Love,Crew Love,Drake
2025-12-17 06:51:49,1765965109,https://www.last.fm/music/Drake/_/Jaded,Jaded,Drake
2025-12-17 06:39:51,1765964391,https://www.last.fm/music/Drake/_/Jungle,Jungle,Drake
2025-12-17 05:16:51,1765959411,https://www.last.fm/music/Apparat/_/Goodbye+(feat.+Soap&Skin),Goodbye (feat. Soap&Skin),Apparat
2025-12-16 08:21:40,1765884100,https://www.last.fm/music/Drake/_/The+Resistance,The Resistance,Drake
2025-12-16 08:12:27,1765883547,https://www.last.fm/music/Drake/_/From+Time,From Time,Drake
2025-12-14 11:43:31,1765723411,https://www.last.fm/music/Drake/_/From+Time,From Time,Drake
2025-12-12 08:01:39,1765537299,https://www.last.fm/music/Drake/_/That%E2%80%99s+How+You+Feel,That’s How You Feel,Drake
2025-12-12 07:06:47,1765534007,https://www.last.fm/music/Drake/_/Say+What%27s+Real,Say What's Real,Drake
2025-12-12 07:03:32,1765533812,https://www.last.fm/music/Drake/_/Falling+Back+-+Extended+Version,Falling Back - Extended Version,Drake
2025-12-12 07:02:53,1765533773,https://www.last.fm/music/Drake/_/Falling+Back+-+Extended+Version,Falling Back - Extended Version,Drake
2025-12-12 07:02:08,1765533728,https://www.last.fm/music/Drake/_/We%27ll+Be+Fine,We'll Be Fine,Drake
2025-12-11 11:09:40,1765462180,https://www.last.fm/music/Drake/_/Keep+the+Family+Close,Keep the Family Close,Drake
2025-12-10 21:08:37,1765411717,https://www.last.fm/music/Drake/_/Connect,Connect,Drake
2025-12-10 21:08:37,1765411717,https://www.last.fm/music/Drake/_/You+&+the+6,You & the 6,Drake
2025-12-09 20:53:43,1765324423,https://www.last.fm/music/Drake/_/You+&+the+6,You & the 6,Drake
2025-12-09 19:41:40,1765320100,https://www.last.fm/music/Drake/_/The+Resistance,The Resistance,Drake
2025-12-09 19:22:15,1765318935,https://www.last.fm/music/Drake/_/Dreams+Money+Can+Buy,Dreams Money Can Buy,Drake
2025-12-09 18:39:50,1765316390,https://www.last.fm/music/Drake/_/From+Time,From Time,Drake
2025-12-09 03:40:46,1765262446,https://www.last.fm/music/Drake/_/The+Motion,The Motion,Drake
2025-12-09 03:18:51,1765261131,https://www.last.fm/music/Drake/_/Fire+&+Desire,Fire & Desire,Drake
2025-12-09 03:13:39,1765260819,https://www.last.fm/music/Drake/_/From+Time,From Time,Drake
2025-12-07 04:59:18,1765094358,https://www.last.fm/music/Drake/_/Furthest+Thing,Furthest Thing,Drake
2025-12-04 20:21:22,1764890482,https://www.last.fm/music/Drake/_/Furthest+Thing,Furthest Thing,Drake
2025-12-02 18:38:35,1764711515,https://www.last.fm/music/Drake/_/Nothings+Into+Somethings,Nothings Into Somethings,Drake
2025-12-02 18:17:19,1764710239,https://www.last.fm/music/Drake/_/Peak,Peak,Drake
2025-12-02 17:55:18,1764708918,https://www.last.fm/music/Drake/_/Teenage+Fever,Teenage Fever,Drake
2025-12-02 17:51:22,1764708682,https://www.last.fm/music/Drake/_/F*****g+Fans,F*****g Fans,Drake
2025-11-26 08:27:22,1764156442,https://www.last.fm/music/Drake/_/U+With+Me%3F,U With Me?,Drake
2025-11-26 08:27:11,1764156431,https://www.last.fm/music/Drake/_/Headlines,Headlines,Drake
2025-11-24 10:03:43,1763989423,https://www.last.fm/music/Drake/_/U+With+Me%3F,U With Me?,Drake
2025-11-24 09:53:48,1763988828,https://www.last.fm/music/Drake/_/The+Motion,The Motion,Drake
2025-11-24 09:51:03,1763988663,https://www.last.fm/music/Drake/_/Started+from+the+Bottom,Started from the Bottom,Drake
2025-11-24 09:47:25,1763988445,"https://www.last.fm/music/Drake/_/Hold+On,+We%27re+Going+Home","Hold On, We're Going Home",Drake
2025-11-24 09:43:06,1763988186,https://www.last.fm/music/Drake/_/Furthest+Thing,Furthest Thing,Drake
2025-11-23 16:34:30,1763926470,https://www.last.fm/music/Drake/_/U+With+Me%3F,U With Me?,Drake
2026-08-14 17:30:03,1786739403,https://www.last.fm/music/Drake/_/Janice+STFU,Janice STFU,Drake
2026-08-14 17:27:19,1786739239,https://www.last.fm/music/Drake/_/One+Dance,One Dance,Drake
2026-08-14 12:43:39,1786722219,https://www.last.fm/music/Drake/_/One+Dance,One Dance,Drake
2026-08-14 10:27:54,1786714074,https://www.last.fm/music/Drake/_/Don%E2%80%99t+Matter+To+Me+(with+Michael+Jackson),Don’t Matter To Me (with Michael Jackson),Drake
2026-08-13 13:23:48,1786638228,https://www.last.fm/music/Drake/_/F*****g+Fans,F*****g Fans,Drake
2026-08-12 18:09:53,1786568993,https://www.last.fm/music/Drake/_/Fire+&+Desire,Fire & Desire,Drake
2026-08-11 22:02:42,1786496562,https://www.last.fm/music/James+Blake/_/When+I%E2%80%99m+Home,When I’m Home,James Blake
2026-08-11 19:33:30,1786487610,https://www.last.fm/music/Drake/_/Jungle,Jungle,Drake
2026-08-11 19:28:23,1786487303,https://www.last.fm/music/Drake/_/Jungle,Jungle,Drake
2026-08-11 18:52:37,1786485157,https://www.last.fm/music/Drake/_/Lose+You,Lose You,Drake
2026-08-11 18:47:29,1786484849,https://www.last.fm/music/Drake/_/Redemption,Redemption,Drake
2026-08-10 21:55:02,1786409702,https://www.last.fm/music/James+Blake/_/Mile+High+(feat.+Travis+Scott+&+Metro+Boomin),Mile High (feat. Travis Scott & Metro Boomin),James Blake
2026-08-09 17:45:15,1786308315,https://www.last.fm/music/Drake/_/Passionfruit,Passionfruit,Drake
2026-07-23 19:44:18,1784846658,https://www.last.fm/music/Drake/_/Fire+&+Desire,Fire & Desire,Drake
2026-07-23 19:13:52,1784844832,https://www.last.fm/music/Drake/_/4422,4422,Drake
2026-07-20 19:34:02,1784586842,https://www.last.fm/music/MRK/_/What+i+need,What i need,MRK
2026-07-18 10:47:50,1784382470,https://www.last.fm/music/Drake/_/Passionfruit,Passionfruit,Drake
2026-07-15 15:44:51,1784141091,https://www.last.fm/music/Drake/_/Teenage+Fever,Teenage Fever,Drake
2026-07-15 15:18:25,1784139505,https://www.last.fm/music/James+Blake/_/Mile+High+(feat.+Travis+Scott+&+Metro+Boomin),Mile High (feat. Travis Scott & Metro Boomin),James Blake
2025-11-19 08:04:32,1763550272,https://www.last.fm/music/Drake/_/Final+Fantasy,Final Fantasy,Drake
2025-11-19 07:57:41,1763549861,https://www.last.fm/music/Drake/_/After+Dark+(feat.+Static+Major+&+Ty+Dolla+$ign),After Dark (feat. Static Major & Ty Dolla $ign),Drake
2025-11-19 07:53:37,1763549617,https://www.last.fm/music/Drake/_/Don%E2%80%99t+Matter+To+Me+(with+Michael+Jackson),Don’t Matter To Me (with Michael Jackson),Drake
2025-11-14 06:55:00,1763114100,https://www.last.fm/music/Drake/_/Too+Much,Too Much,Drake
2025-11-14 05:42:04,1763109724,https://www.last.fm/music/Drake/_/March+14,March 14,Drake
2025-11-14 05:38:24,1763109504,https://www.last.fm/music/Drake/_/Final+Fantasy,Final Fantasy,Drake
2025-11-14 05:33:35,1763109215,https://www.last.fm/music/Drake/_/After+Dark+(feat.+Static+Major+&+Ty+Dolla+$ign),After Dark (feat. Static Major & Ty Dolla $ign),Drake
2025-11-14 05:27:44,1763108864,https://www.last.fm/music/Drake/_/Don%E2%80%99t+Matter+To+Me+(with+Michael+Jackson),Don’t Matter To Me (with Michael Jackson),Drake
2025-11-14 05:27:32,1763108852,https://www.last.fm/music/Drake/_/After+Dark+(feat.+Static+Major+&+Ty+Dolla+$ign),After Dark (feat. Static Major & Ty Dolla $ign),Drake
2025-11-13 16:04:42,1763060682,https://www.last.fm/music/Drake/_/After+Dark+(feat.+Static+Major+&+Ty+Dolla+$ign),After Dark (feat. Static Major & Ty Dolla $ign),Drake
2025-11-13 16:00:37,1763060437,https://www.last.fm/music/Drake/_/Don%E2%80%99t+Matter+To+Me+(with+Michael+Jackson),Don’t Matter To Me (with Michael Jackson),Drake
2025-11-12 05:54:46,1762937686,"https://www.last.fm/music/Drake/_/Hold+On,+We%27re+Going+Home","Hold On, We're Going Home",Drake
2025-11-12 05:21:00,1762935660,https://www.last.fm/music/Drake/_/From+Time,From Time,Drake
2025-11-12 07:42:33,1762944153,https://www.last.fm/music/Drake/_/9,9,Drake
2025-11-12 06:28:49,1762939729,https://www.last.fm/music/Drake/_/Too+Much,Too Much,Drake
2025-11-11 19:01:50,1762898510,https://www.last.fm/music/Drake/_/Teenage+Fever,Teenage Fever,Drake
2025-11-10 12:10:35,1762787435,https://www.last.fm/music/Drake/_/Company,Company,Drake
2025-11-09 12:24:07,1762701847,https://www.last.fm/music/Drake/_/The+Motion,The Motion,Drake
2025-11-09 12:19:36,1762701576,https://www.last.fm/music/Drake/_/All+Me,All Me,Drake
2025-11-09 12:15:39,1762701339,https://www.last.fm/music/Drake/_/Come+Thru,Come Thru,Drake
2025-11-09 12:08:25,1762700905,https://www.last.fm/music/Drake/_/Pound+Cake+%2F+Paris+Morton+Music+2,Pound Cake / Paris Morton Music 2,Drake
2025-11-09 12:04:03,1762700643,https://www.last.fm/music/Drake/_/Too+Much,Too Much,Drake
2025-11-09 11:59:48,1762700388,https://www.last.fm/music/Drake/_/305+to+My+City,305 to My City,Drake
2025-11-09 11:56:04,1762700164,https://www.last.fm/music/Drake/_/The+Language,The Language,Drake
2025-11-09 11:51:07,1762699867,https://www.last.fm/music/Drake/_/Connect,Connect,Drake
2025-11-09 11:47:19,1762699639,"https://www.last.fm/music/Drake/_/Hold+On,+We%27re+Going+Home","Hold On, We're Going Home",Drake
2025-11-09 11:41:57,1762699317,https://www.last.fm/music/Drake/_/From+Time,From Time,Drake
2025-11-09 11:37:27,1762699047,https://www.last.fm/music/Drake/_/Worst+Behavior,Worst Behavior,Drake
2025-11-09 11:33:15,1762698795,https://www.last.fm/music/Drake/_/Own+It,Own It,Drake
2025-11-09 11:29:37,1762698577,https://www.last.fm/music/Drake/_/Wu-Tang+Forever,Wu-Tang Forever,Drake
2025-11-09 11:26:43,1762698403,https://www.last.fm/music/Drake/_/Started+from+the+Bottom,Started from the Bottom,Drake
2025-11-09 11:22:16,1762698136,https://www.last.fm/music/Drake/_/Furthest+Thing,Furthest Thing,Drake
2025-11-09 11:14:36,1762697676,https://www.last.fm/music/Drake/_/Tuscan+Leather,Tuscan Leather,Drake
2025-11-07 04:48:47,1762501727,https://www.last.fm/music/Drake/_/Too+Much,Too Much,Drake
2025-11-07 04:44:31,1762501471,https://www.last.fm/music/Drake/_/305+to+My+City,305 to My City,Drake
2025-11-07 04:40:47,1762501247,https://www.last.fm/music/Drake/_/The+Language,The Language,Drake
2025-11-07 04:35:51,1762500951,https://www.last.fm/music/Drake/_/Connect,Connect,Drake
2025-11-07 04:32:03,1762500723,"https://www.last.fm/music/Drake/_/Hold+On,+We%27re+Going+Home","Hold On, We're Going Home",Drake
2025-11-06 22:35:15,1762479315,https://www.last.fm/music/Drake/_/From+Time,From Time,Drake
2025-09-02 09:18:10,1756815490,https://www.last.fm/music/Drake/_/From+Time,From Time,Drake
2025-11-05 13:43:06,1762360986,https://www.last.fm/music/Drake/_/Not+You+Too+(feat.+Chris+Brown),Not You Too (feat. Chris Brown),Drake
2025-11-04 11:09:11,1762265351,https://www.last.fm/music/dnovaees/_/EU+SEI+QUE+N%C3%83O+%C3%89+VERDADE,EU SEI QUE NÃO É VERDADE,dnovaees
2025-11-04 09:52:48,1762260768,https://www.last.fm/music/Drake/_/Practice,Practice,Drake
2025-11-04 08:31:09,1762255869,https://www.last.fm/music/Drake/_/Headlines,Headlines,Drake
2025-11-04 08:27:16,1762255636,https://www.last.fm/music/Drake/_/Company,Company,Drake
2025-11-04 07:32:51,1762252371,https://www.last.fm/music/Drake/_/Company,Company,Drake
2025-11-04 07:01:53,1762250513,https://www.last.fm/music/Drake/_/Hours+In+Silence,Hours In Silence,Drake
2025-11-04 06:40:03,1762249203,https://www.last.fm/music/Drake/_/Jorja+Interlude,Jorja Interlude,Drake
2025-11-03 08:51:34,1762170694,https://www.last.fm/music/Drake/_/Too+Much,Too Much,Drake
2025-11-01 09:40:50,1762000850,https://www.last.fm/music/Drake/_/Headlines,Headlines,Drake
2025-10-31 12:07:32,1761923252,https://www.last.fm/music/Drake/_/Teenage+Fever,Teenage Fever,Drake
2025-10-31 10:09:59,1761916199,https://www.last.fm/music/Drake/_/Headlines,Headlines,Drake
2025-08-27 14:16:58,1756315018,https://www.last.fm/music/Drake/_/Take+Care,Take Care,Drake
2025-10-29 12:45:45,1761752745,https://www.last.fm/music/Drake/_/Headlines,Headlines,Drake
2025-10-29 12:35:47,1761752147,https://www.last.fm/music/dnovaees/_/EU+SEI+QUE+N%C3%83O+%C3%89+VERDADE,EU SEI QUE NÃO É VERDADE,dnovaees
2025-10-28 07:01:40,1761645700,https://www.last.fm/music/Drake/_/Teenage+Fever,Teenage Fever,Drake
2025-10-28 06:33:55,1761644035,https://www.last.fm/music/Drake/_/Finesse,Finesse,Drake
2025-10-25 11:56:00,1761404160,https://www.last.fm/music/Drake/_/Hours+In+Silence,Hours In Silence,Drake
2025-10-25 11:10:43,1761401443,https://www.last.fm/music/Drake/_/U+With+Me%3F,U With Me?,Drake
2025-10-25 11:03:02,1761400982,https://www.last.fm/music/Drake/_/9,9,Drake
2025-10-24 07:07:08,1761300428,https://www.last.fm/music/Drake/_/Not+You+Too+(feat.+Chris+Brown),Not You Too (feat. Chris Brown),Drake
2025-10-24 06:38:56,1761298736,https://www.last.fm/music/Drake/_/Overdrive,Overdrive,Drake
2025-10-23 02:31:42,1761197502,https://www.last.fm/music/Drake/_/Teenage+Fever,Teenage Fever,Drake
2025-10-20 13:48:18,1760978898,https://www.last.fm/music/Drake/_/Finesse,Finesse,Drake
2025-10-15 10:13:22,1760534002,https://www.last.fm/music/dnovaees/_/Minha+Vida+%C3%A9+Isso,Minha Vida é Isso,dnovaees
2025-10-15 10:06:09,1760533569,https://www.last.fm/music/dnovaees/_/Viv%C3%AAncia,Vivência,dnovaees
2025-10-15 09:54:35,1760532875,https://www.last.fm/music/dnovaees/_/EU+SEI+QUE+N%C3%83O+%C3%89+VERDADE,EU SEI QUE NÃO É VERDADE,dnovaees
2025-10-15 09:43:33,1760532213,https://www.last.fm/music/dnovaees/_/Falta+de+Amor,Falta de Amor,dnovaees
2025-10-13 12:51:38,1760370698,https://www.last.fm/music/Drake/_/Yebba%E2%80%99s+Heartbreak,Yebba’s Heartbreak,Drake
2025-10-13 11:02:53,1760364173,https://www.last.fm/music/Drake/_/Jorja+Interlude,Jorja Interlude,Drake
2025-10-13 09:46:36,1760359596,https://www.last.fm/music/Drake/_/Not+You+Too+(feat.+Chris+Brown),Not You Too (feat. Chris Brown),Drake
2025-10-08 11:47:39,1759934859,https://www.last.fm/music/Drake/_/4422,4422,Drake
2025-10-07 12:07:24,1759849644,https://www.last.fm/music/Drake/_/Bahamas+Promises,Bahamas Promises,Drake
2025-10-07 11:10:51,1759846251,https://www.last.fm/music/Drake/_/Own+It,Own It,Drake
2025-10-07 11:07:16,1759846036,https://www.last.fm/music/Drake/_/Started+from+the+Bottom,Started from the Bottom,Drake
2025-10-07 11:07:11,1759846031,https://www.last.fm/music/Drake/_/Wu-Tang+Forever,Wu-Tang Forever,Drake
2025-10-07 10:59:52,1759845592,https://www.last.fm/music/Drake/_/Furthest+Thing,Furthest Thing,Drake
2025-10-07 10:53:45,1759845225,https://www.last.fm/music/Drake/_/Tuscan+Leather,Tuscan Leather,Drake
2025-10-07 10:48:53,1759844933,https://www.last.fm/music/Drake/_/Pound+Cake+%2F+Paris+Morton+Music+2,Pound Cake / Paris Morton Music 2,Drake
2025-10-07 10:25:38,1759843538,https://www.last.fm/music/Drake/_/Too+Much,Too Much,Drake
2025-10-05 10:48:33,1759672113,https://www.last.fm/music/Drake/_/Too+Much,Too Much,Drake
2025-10-05 10:47:59,1759672079,https://www.last.fm/music/Drake/_/Pound+Cake+%2F+Paris+Morton+Music+2,Pound Cake / Paris Morton Music 2,Drake
2025-10-05 08:32:45,1759663965,https://www.last.fm/music/Drake/_/Too+Much,Too Much,Drake
2025-10-04 18:38:38,1759613918,https://www.last.fm/music/Drake/_/Furthest+Thing,Furthest Thing,Drake
2025-10-04 13:57:52,1759597072,"https://www.last.fm/music/Drake/_/Hold+On,+We%27re+Going+Home","Hold On, We're Going Home",Drake
2025-10-04 13:23:06,1759594986,https://www.last.fm/music/Drake/_/Too+Much,Too Much,Drake
2025-10-03 16:05:08,1759518308,https://www.last.fm/music/Drake/_/9,9,Drake
2025-10-03 15:58:22,1759517902,https://www.last.fm/music/Drake/_/U+With+Me%3F,U With Me?,Drake
2025-10-03 06:38:42,1759484322,https://www.last.fm/music/Drake/_/Cece%27s+Interlude,Cece's Interlude,Drake
2025-10-03 06:11:34,1759482694,https://www.last.fm/music/Drake/_/U+With+Me%3F,U With Me?,Drake
2025-10-01 09:25:53,1759321553,https://www.last.fm/music/Drake/_/Over+My+Dead+Body,Over My Dead Body,Drake
2025-10-01 08:45:09,1759319109,https://www.last.fm/music/Drake/_/Club+Paradise,Club Paradise,Drake
2025-10-01 04:20:10,1759303210,https://www.last.fm/music/Drake/_/Shot+for+Me,Shot for Me,Drake
2025-09-27 04:09:00,1758956940,https://www.last.fm/music/Drake/_/Shot+for+Me,Shot for Me,Drake
2025-09-25 12:55:52,1758815752,https://www.last.fm/music/Drake/_/Not+You+Too+(feat.+Chris+Brown),Not You Too (feat. Chris Brown),Drake
2025-09-25 12:55:49,1758815749,https://www.last.fm/music/Drake/_/Yebba%E2%80%99s+Heartbreak,Yebba’s Heartbreak,Drake
2026-06-03 18:17:10,1780521430,https://www.last.fm/music/Drake/_/Jaded,Jaded,Drake
2025-09-24 19:16:20,1758752180,https://www.last.fm/music/Drake/_/Under+Ground+Kings,Under Ground Kings,Drake
2025-09-24 13:18:53,1758730733,https://www.last.fm/music/Drake/_/Cece%27s+Interlude,Cece's Interlude,Drake
2025-09-23 09:57:23,1758632243,https://www.last.fm/music/Drake/_/Cece%27s+Interlude,Cece's Interlude,Drake
2025-09-22 22:09:36,1758589776,https://www.last.fm/music/Drake/_/Summers+Over+Interlude,Summers Over Interlude,Drake
2025-09-19 12:41:37,1758296497,https://www.last.fm/music/Drake/_/U+With+Me%3F,U With Me?,Drake
2025-09-19 11:39:16,1758292756,https://www.last.fm/music/Drake/_/Over+My+Dead+Body,Over My Dead Body,Drake
2026-07-13 09:45:20,1783946720,https://www.last.fm/music/MRK/_/What+i+need,What i need,MRK
2026-07-09 21:31:06,1783643466,https://www.last.fm/music/Drake/_/Redemption,Redemption,Drake
2026-07-09 21:24:38,1783643078,https://www.last.fm/music/Drake/_/From+Time,From Time,Drake
2026-07-09 21:05:08,1783641908,https://www.last.fm/music/James+Blake/_/Mile+High+(feat.+Travis+Scott+&+Metro+Boomin),Mile High (feat. Travis Scott & Metro Boomin),James Blake
2026-07-08 18:25:09,1783545909,https://www.last.fm/music/Drake/_/Sandra%E2%80%99s+Rose,Sandra’s Rose,Drake
2026-07-08 18:07:28,1783544848,https://www.last.fm/music/Drake/_/That%E2%80%99s+How+You+Feel,That’s How You Feel,Drake
2026-07-08 17:25:30,1783542330,https://www.last.fm/music/Drake/_/4422,4422,Drake
2026-07-07 20:26:13,1783466773,https://www.last.fm/music/Drake/_/Fire+&+Desire,Fire & Desire,Drake
2026-07-03 17:18:22,1783109902,https://www.last.fm/music/Krobak/_/It%27s+Snowing+Like+It%27s+the+End+of+the+World,It's Snowing Like It's the End of the World,Krobak
2026-07-01 21:02:28,1782950548,https://www.last.fm/music/Drake/_/4422,4422,Drake
2026-07-01 20:53:06,1782949986,https://www.last.fm/music/Drake/_/Jungle,Jungle,Drake
2026-07-01 20:31:48,1782948708,https://www.last.fm/music/Drake/_/The+Motion,The Motion,Drake
2026-07-01 20:26:24,1782948384,https://www.last.fm/music/Drake/_/Redemption,Redemption,Drake
2025-09-19 11:20:32,1758291632,https://www.last.fm/music/Drake/_/Paris+Morton+Music,Paris Morton Music,Drake
2025-09-19 11:00:19,1758290419,https://www.last.fm/music/Drake/_/The+Motion,The Motion,Drake
2025-09-19 10:54:57,1758290097,https://www.last.fm/music/Drake/_/From+Time,From Time,Drake
2025-09-17 21:10:55,1758154255,https://www.last.fm/music/Drake/_/Summers+Over+Interlude,Summers Over Interlude,Drake
2025-09-16 17:26:05,1758054365,https://www.last.fm/music/Drake/_/Not+You+Too+(feat.+Chris+Brown),Not You Too (feat. Chris Brown),Drake
2025-09-14 21:53:29,1757897609,https://www.last.fm/music/Drake/_/4422,4422,Drake
2025-09-14 21:30:25,1757896225,https://www.last.fm/music/Drake/_/Summers+Over+Interlude,Summers Over Interlude,Drake
2025-09-13 12:41:39,1757778099,https://www.last.fm/music/Drake/_/Take+Care,Take Care,Drake
2025-09-13 12:22:15,1757776935,https://www.last.fm/music/Drake/_/Paris+Morton+Music,Paris Morton Music,Drake
2025-09-13 12:16:53,1757776613,https://www.last.fm/music/Drake/_/From+Time,From Time,Drake
2025-09-12 20:42:36,1757720556,https://www.last.fm/music/Drake/_/Shot+for+Me,Shot for Me,Drake
2025-09-12 18:47:31,1757713651,"https://www.last.fm/music/Drake/_/Hold+On,+We%27re+Going+Home","Hold On, We're Going Home",Drake
2025-09-12 16:49:09,1757706549,https://www.last.fm/music/Drake/_/Connect,Connect,Drake
2025-09-12 11:24:36,1757687076,https://www.last.fm/music/Drake/_/From+Time,From Time,Drake
2025-09-12 10:29:34,1757683774,https://www.last.fm/music/Drake/_/From+Time,From Time,Drake
2025-09-10 18:29:55,1757539795,https://www.last.fm/music/Drake/_/Summers+Over+Interlude,Summers Over Interlude,Drake
2025-09-10 14:35:12,1757525712,https://www.last.fm/music/Drake/_/The+Motion,The Motion,Drake
2025-09-10 14:13:33,1757524413,https://www.last.fm/music/Drake/_/Marvins+Room,Marvins Room,Drake
2025-09-10 13:54:20,1757523260,https://www.last.fm/music/Drake/_/Shot+for+Me,Shot for Me,Drake
2025-09-10 13:46:20,1757522780,https://www.last.fm/music/Drake/_/From+Time,From Time,Drake
2025-09-10 13:20:57,1757521257,https://www.last.fm/music/Drake/_/9,9,Drake
2025-09-10 08:14:56,1757502896,https://www.last.fm/music/Drake/_/4422,4422,Drake
2025-09-09 19:42:10,1757457730,https://www.last.fm/music/Drake/_/Under+Ground+Kings,Under Ground Kings,Drake
2025-09-09 17:36:04,1757450164,https://www.last.fm/music/Drake/_/Paris+Morton+Music,Paris Morton Music,Drake
2025-09-09 17:08:12,1757448492,https://www.last.fm/music/Drake/_/Over+My+Dead+Body,Over My Dead Body,Drake
2025-09-09 16:39:52,1757446792,https://www.last.fm/music/Drake/_/4422,4422,Drake
2025-09-09 15:49:43,1757443783,https://www.last.fm/music/Drake/_/Feel+No+Ways,Feel No Ways,Drake
2025-09-09 15:25:40,1757442340,https://www.last.fm/music/PARTYNEXTDOOR/_/DIE+TRYING,DIE TRYING,PARTYNEXTDOOR
2025-09-09 14:40:20,1757439620,https://www.last.fm/music/Drake/_/Under+Ground+Kings,Under Ground Kings,Drake
2025-09-09 13:43:34,1757436214,https://www.last.fm/music/Drake/_/The+Motion,The Motion,Drake
2025-09-09 13:23:50,1757435030,https://www.last.fm/music/Drake/_/Shot+for+Me,Shot for Me,Drake
2025-09-09 10:43:47,1757425427,https://www.last.fm/music/Drake/_/Star67,Star67,Drake
2025-09-09 10:03:38,1757423018,https://www.last.fm/music/Drake/_/Yebba%E2%80%99s+Heartbreak,Yebba’s Heartbreak,Drake
2025-08-31 23:12:35,1756692755,https://www.last.fm/music/Drake/_/Shot+for+Me,Shot for Me,Drake
2025-09-07 19:32:34,1757284354,https://www.last.fm/music/Drake/_/Not+You+Too+(feat.+Chris+Brown),Not You Too (feat. Chris Brown),Drake
2025-09-07 18:23:51,1757280231,https://www.last.fm/music/Drake/_/Crew+Love,Crew Love,Drake
2025-09-07 17:13:15,1757275995,https://www.last.fm/music/Drake/_/9,9,Drake
2025-09-04 16:27:59,1757014079,https://www.last.fm/music/Drake/_/Not+You+Too+(feat.+Chris+Brown),Not You Too (feat. Chris Brown),Drake
2025-09-04 16:14:04,1757013244,https://www.last.fm/music/Drake/_/9,9,Drake
2025-09-04 09:04:07,1756987447,https://www.last.fm/music/Drake/_/Lord+Knows,Lord Knows,Drake
2025-09-04 08:12:59,1756984379,https://www.last.fm/music/Drake/_/The+Motion,The Motion,Drake
2025-09-04 08:02:56,1756983776,https://www.last.fm/music/Drake/_/From+Time,From Time,Drake
2025-09-02 16:35:19,1756841719,https://www.last.fm/music/Drake/_/Crew+Love,Crew Love,Drake
2025-09-01 21:51:07,1756774267,https://www.last.fm/music/Drake/_/Shot+for+Me,Shot for Me,Drake
2025-09-01 17:51:24,1756759884,https://www.last.fm/music/PARTYNEXTDOOR/_/DIE+TRYING,DIE TRYING,PARTYNEXTDOOR
2025-09-01 09:50:03,1756731003,https://www.last.fm/music/Drake/_/From+Time,From Time,Drake
2025-09-01 08:29:01,1756726141,https://www.last.fm/music/Drake/_/From+Time,From Time,Drake
2025-08-31 23:56:56,1756695416,https://www.last.fm/music/Drake/_/Connect,Connect,Drake
2025-08-31 23:37:32,1756694252,https://www.last.fm/music/Drake/_/Under+Ground+Kings,Under Ground Kings,Drake
2025-08-31 23:16:20,1756692980,https://www.last.fm/music/Drake/_/The+Motion,The Motion,Drake
2025-08-31 21:57:10,1756688230,https://www.last.fm/music/Drake/_/Take+Care,Take Care,Drake
2025-08-31 21:43:10,1756687390,https://www.last.fm/music/Drake/_/Shot+for+Me,Shot for Me,Drake
2025-08-31 21:28:51,1756686531,https://www.last.fm/music/Drake/_/From+Time,From Time,Drake
2025-08-30 22:03:38,1756602218,https://www.last.fm/music/Drake/_/Marvins+Room,Marvins Room,Drake
2025-08-30 18:47:36,1756590456,https://www.last.fm/music/Drake/_/Wu-Tang+Forever,Wu-Tang Forever,Drake
2025-08-30 18:12:08,1756588328,https://www.last.fm/music/Drake/_/The+Motion,The Motion,Drake
2025-08-30 17:43:30,1756586610,https://www.last.fm/music/Drake/_/Shot+for+Me,Shot for Me,Drake
2025-08-30 15:20:44,1756578044,https://www.last.fm/music/Drake/_/Yebba%E2%80%99s+Heartbreak,Yebba’s Heartbreak,Drake
2025-08-30 14:35:40,1756575340,https://www.last.fm/music/Drake/_/Shot+for+Me,Shot for Me,Drake
2025-08-29 07:22:57,1756462977,https://www.last.fm/music/Drake/_/Shot+for+Me,Shot for Me,Drake
2025-08-28 09:43:15,1756384995,https://www.last.fm/music/Drake/_/Shot+for+Me,Shot for Me,Drake
2025-08-28 08:27:46,1756380466,https://www.last.fm/music/Drake/_/Shot+for+Me,Shot for Me,Drake
2025-08-27 14:47:21,1756316841,https://www.last.fm/music/Drake/_/Lord+Knows,Lord Knows,Drake
2025-08-27 14:43:45,1756316625,https://www.last.fm/music/Drake/_/Shot+for+Me,Shot for Me,Drake
2025-08-27 14:40:15,1756316415,https://www.last.fm/music/Drake/_/Make+Me+Proud,Make Me Proud,Drake
2025-08-27 14:36:07,1756316167,https://www.last.fm/music/Drake/_/We%27ll+Be+Fine,We'll Be Fine,Drake
2025-08-27 14:32:34,1756315954,https://www.last.fm/music/Drake/_/Under+Ground+Kings,Under Ground Kings,Drake
2025-08-27 14:30:03,1756315803,https://www.last.fm/music/Drake/_/Buried+Alive+Interlude,Buried Alive Interlude,Drake
2025-08-27 14:24:16,1756315456,https://www.last.fm/music/Drake/_/Marvins+Room,Marvins Room,Drake
2025-08-27 14:09:54,1756314594,https://www.last.fm/music/Drake/_/Furthest+Thing,Furthest Thing,Drake
2025-08-27 14:06:16,1756314376,https://www.last.fm/music/Drake/_/Take+Care,Take Care,Drake
2025-08-27 14:06:10,1756314370,https://www.last.fm/music/Drake/_/Shot+for+Me,Shot for Me,Drake
2025-08-27 11:23:24,1756304604,https://www.last.fm/music/Drake/_/Crew+Love,Crew Love,Drake
2025-08-27 11:19:28,1756304368,https://www.last.fm/music/Drake/_/Headlines,Headlines,Drake
2025-08-27 11:15:43,1756304143,https://www.last.fm/music/Drake/_/Shot+for+Me,Shot for Me,Drake
2025-08-27 11:11:12,1756303872,https://www.last.fm/music/Drake/_/Over+My+Dead+Body,Over My Dead Body,Drake
2025-08-27 11:02:56,1756303376,https://www.last.fm/music/Drake/_/Shot+for+Me,Shot for Me,Drake
2025-08-26 20:05:03,1756249503,https://www.last.fm/music/Drake/_/Not+You+Too+(feat.+Chris+Brown),Not You Too (feat. Chris Brown),Drake
2025-08-23 16:58:15,1755979095,https://www.last.fm/music/PARTYNEXTDOOR/_/DIE+TRYING,DIE TRYING,PARTYNEXTDOOR
2026-06-30 09:58:37,1782824317,https://www.last.fm/music/MRK/_/What+i+need,What i need,MRK
2026-06-24 18:56:11,1782338171,https://www.last.fm/music/Drake/_/Marvins+Room,Marvins Room,Drake
2026-06-22 18:39:16,1782164356,https://www.last.fm/music/Drake/_/Teenage+Fever,Teenage Fever,Drake
2026-06-22 18:30:30,1782163830,https://www.last.fm/music/Drake/_/U+With+Me%3F,U With Me?,Drake
2026-06-22 18:06:37,1782162397,https://www.last.fm/music/Drake/_/Lose+You,Lose You,Drake
2026-06-20 16:42:59,1781984579,https://www.last.fm/music/Drake/_/Madonna,Madonna,Drake
2026-06-20 16:31:40,1781983900,https://www.last.fm/music/Drake/_/6+Man,6 Man,Drake
2026-06-20 16:28:45,1781983725,https://www.last.fm/music/Drake/_/Nothings+Into+Somethings,Nothings Into Somethings,Drake
2026-06-20 16:23:02,1781983382,https://www.last.fm/music/Drake/_/Lose+You,Lose You,Drake
2026-06-19 19:10:33,1781907033,https://www.last.fm/music/Drake/_/Nothings+Into+Somethings,Nothings Into Somethings,Drake
2026-06-19 19:10:32,1781907032,https://www.last.fm/music/Drake/_/Teenage+Fever,Teenage Fever,Drake
2026-06-19 19:07:55,1781906875,https://www.last.fm/music/Drake/_/Nothings+Into+Somethings,Nothings Into Somethings,Drake
2026-06-19 19:02:21,1781906541,https://www.last.fm/music/Drake/_/Lose+You,Lose You,Drake
2026-06-18 09:17:19,1781785039,https://www.last.fm/music/Drake/_/Yebba%E2%80%99s+Heartbreak,Yebba’s Heartbreak,Drake
2026-06-16 08:56:30,1781610990,https://www.last.fm/music/James+Blake/_/Mile+High+(feat.+Travis+Scott+&+Metro+Boomin),Mile High (feat. Travis Scott & Metro Boomin),James Blake
2026-06-10 10:17:53,1781097473,https://www.last.fm/music/Drake/_/The+Motion,The Motion,Drake
2026-06-10 10:12:30,1781097150,https://www.last.fm/music/Drake/_/Redemption,Redemption,Drake
2026-06-09 09:02:38,1781006558,https://www.last.fm/music/Drake/_/Redemption,Redemption,Drake
2026-06-08 19:31:46,1780957906,https://www.last.fm/music/Drake/_/F*****g+Fans,F*****g Fans,Drake
2026-06-08 19:27:40,1780957660,https://www.last.fm/music/Drake/_/F*****g+Fans,F*****g Fans,Drake
2026-06-08 19:25:44,1780957544,https://www.last.fm/music/Drake/_/Can+I,Can I,Drake
2026-06-06 18:09:49,1780780189,https://www.last.fm/music/Drake/_/Cameras+%2F+Good+Ones+Go+Interlude+-+Medley,Cameras / Good Ones Go Interlude - Medley,Drake
2026-06-06 16:34:39,1780774479,https://www.last.fm/music/Drake/_/Club+Paradise,Club Paradise,Drake
2026-06-06 00:00:40,1780714840,https://www.last.fm/music/Drake/_/U+With+Me%3F,U With Me?,Drake
2026-06-05 21:03:36,1780704216,https://www.last.fm/music/Drake/_/U+With+Me%3F,U With Me?,Drake
2026-06-05 20:30:58,1780702258,https://www.last.fm/music/Drake/_/4422,4422,Drake
2026-06-05 20:25:26,1780701926,https://www.last.fm/music/Drake/_/Redemption,Redemption,Drake
2026-06-05 19:46:28,1780699588,https://www.last.fm/music/Drake/_/Finesse,Finesse,Drake
2026-06-05 19:31:51,1780698711,https://www.last.fm/music/Drake/_/Lose+You,Lose You,Drake
2026-06-05 19:26:45,1780698405,https://www.last.fm/music/Drake/_/Lose+You,Lose You,Drake
2026-06-05 11:48:29,1780670909,https://www.last.fm/music/Drake/_/Lose+You,Lose You,Drake
2026-06-04 22:04:11,1780621451,https://www.last.fm/music/Drake/_/Lose+You,Lose You,Drake
2026-06-04 21:58:47,1780621127,https://www.last.fm/music/Drake/_/Redemption,Redemption,Drake
2026-06-03 18:38:37,1780522717,https://www.last.fm/music/Drake/_/Ran+To+Atlanta+(feat.+Future+&+Molly+Santana),Ran To Atlanta (feat. Future & Molly Santana),Drake
2026-06-03 18:34:41,1780522481,https://www.last.fm/music/Drake/_/Janice+STFU,Janice STFU,Drake
2026-06-02 09:31:43,1780403503,https://www.last.fm/music/Drake/_/Madonna,Madonna,Drake
2026-06-02 09:29:06,1780403346,https://www.last.fm/music/Drake/_/6+Man,6 Man,Drake
2026-05-28 19:47:53,1780008473,https://www.last.fm/music/Drake/_/Crew+Love,Crew Love,Drake
2026-05-28 18:57:58,1780005478,https://www.last.fm/music/Drake/_/6+Man,6 Man,Drake
2026-05-28 18:40:20,1780004420,https://www.last.fm/music/Drake/_/Madonna,Madonna,Drake
2026-05-28 18:09:50,1780002590,https://www.last.fm/music/Drake/_/Race+My+Mind,Race My Mind,Drake
2026-05-28 18:09:49,1780002589,https://www.last.fm/music/Drake/_/Redemption,Redemption,Drake
2026-05-28 17:39:29,1780000769,https://www.last.fm/music/Drake/_/Redemption,Redemption,Drake
2026-05-28 17:27:36,1780000056,https://www.last.fm/music/Drake/_/4422,4422,Drake
2026-05-27 11:00:06,1779890406,https://www.last.fm/music/Drake/_/Feel+No+Ways,Feel No Ways,Drake
2026-05-27 08:58:27,1779883107,https://www.last.fm/music/Drake/_/Shot+for+Me,Shot for Me,Drake
2026-05-27 08:48:52,1779882532,https://www.last.fm/music/Drake/_/U+With+Me%3F,U With Me?,Drake
2026-05-27 08:35:39,1779881739,https://www.last.fm/music/Drake/_/Redemption,Redemption,Drake
2026-05-27 07:56:21,1779879381,https://www.last.fm/music/Drake/_/Jaded,Jaded,Drake
2026-05-26 18:24:04,1779830644,https://www.last.fm/music/Drake/_/Redemption,Redemption,Drake
2026-05-26 09:44:44,1779799484,https://www.last.fm/music/Drake/_/Fire+&+Desire,Fire & Desire,Drake
2026-05-26 09:41:40,1779799300,https://www.last.fm/music/James+Blake/_/Mile+High+(feat.+Travis+Scott+&+Metro+Boomin),Mile High (feat. Travis Scott & Metro Boomin),James Blake
2026-05-26 08:48:36,1779796116,https://www.last.fm/music/Drake/_/Passionfruit,Passionfruit,Drake
2026-05-25 18:05:12,1779743112,https://www.last.fm/music/PARTYNEXTDOOR/_/DIE+TRYING,DIE TRYING,PARTYNEXTDOOR
2026-05-25 17:56:24,1779742584,https://www.last.fm/music/Drake/_/Virginia+Beach,Virginia Beach,Drake
2026-05-25 17:47:22,1779742042,https://www.last.fm/music/Drake/_/Redemption,Redemption,Drake
2026-05-25 17:47:12,1779742032,https://www.last.fm/music/Drake/_/The+Motion,The Motion,Drake
2026-05-25 17:41:48,1779741708,https://www.last.fm/music/Drake/_/Redemption,Redemption,Drake
2026-05-23 12:45:16,1779551116,https://www.last.fm/music/Drake/_/Look+What+You%27ve+Done,Look What You've Done,Drake
2026-05-23 12:26:31,1779549991,https://www.last.fm/music/Drake/_/Lose+You,Lose You,Drake
2026-05-23 12:22:51,1779549771,https://www.last.fm/music/Drake/_/Redemption,Redemption,Drake
2026-05-23 11:58:22,1779548302,https://www.last.fm/music/Drake/_/Madonna,Madonna,Drake
2026-05-23 11:55:44,1779548144,https://www.last.fm/music/Drake/_/6+Man,6 Man,Drake
2026-05-22 18:26:30,1779485190,https://www.last.fm/music/Drake/_/Redemption,Redemption,Drake
2026-05-22 18:26:20,1779485180,https://www.last.fm/music/Drake/_/Jungle,Jungle,Drake
2026-05-22 18:20:56,1779484856,https://www.last.fm/music/Drake/_/Redemption,Redemption,Drake
2026-05-22 10:51:19,1779457879,https://www.last.fm/music/Drake/_/Redemption,Redemption,Drake
2026-05-21 09:17:49,1779365869,https://www.last.fm/music/Drake/_/National+Treasures,National Treasures,Drake
2026-05-21 09:14:02,1779365642,https://www.last.fm/music/Drake/_/Janice+STFU,Janice STFU,Drake
2026-05-21 09:03:05,1779364985,https://www.last.fm/music/Drake/_/Can+I,Can I,Drake
2026-05-20 09:22:59,1779279779,https://www.last.fm/music/Drake/_/Can+I,Can I,Drake
2026-05-19 18:42:37,1779226957,https://www.last.fm/music/Drake/_/Janice+STFU,Janice STFU,Drake
2026-05-18 19:32:15,1779143535,https://www.last.fm/music/Drake/_/6+Man,6 Man,Drake
2026-05-18 19:30:20,1779143420,https://www.last.fm/music/PARTYNEXTDOOR/_/DIE+TRYING,DIE TRYING,PARTYNEXTDOOR
2026-05-18 19:26:37,1779143197,https://www.last.fm/music/Drake/_/Can+I,Can I,Drake
2026-05-18 19:09:44,1779142184,https://www.last.fm/music/Drake/_/Passionfruit,Passionfruit,Drake
2026-05-18 19:08:59,1779142139,https://www.last.fm/music/Drake/_/2+Hard+4+The+Radio,2 Hard 4 The Radio,Drake
2026-05-18 18:58:26,1779141506,https://www.last.fm/music/Drake/_/Janice+STFU,Janice STFU,Drake
2026-05-18 18:55:21,1779141321,https://www.last.fm/music/PARTYNEXTDOOR/_/DIE+TRYING,DIE TRYING,PARTYNEXTDOOR
2026-05-18 10:26:24,1779110784,https://www.last.fm/music/Drake/_/Make+Them+Pay,Make Them Pay,Drake
2026-05-18 10:23:15,1779110595,https://www.last.fm/music/Drake/_/Shabang,Shabang,Drake
2026-05-18 10:19:07,1779110347,https://www.last.fm/music/Drake/_/Ran+To+Atlanta+(feat.+Future+&+Molly+Santana),Ran To Atlanta (feat. Future & Molly Santana),Drake
2026-05-18 10:15:10,1779110110,https://www.last.fm/music/Drake/_/Janice+STFU,Janice STFU,Drake
2026-05-18 10:11:26,1779109886,https://www.last.fm/music/Drake/_/Whisper+My+Name,Whisper My Name,Drake
2026-05-18 10:05:31,1779109531,https://www.last.fm/music/Drake/_/Make+Them+Cry,Make Them Cry,Drake
2026-05-18 01:09:19,1779077359,https://www.last.fm/music/PARTYNEXTDOOR/_/DIE+TRYING,DIE TRYING,PARTYNEXTDOOR
2026-05-17 16:39:51,1779046791,https://www.last.fm/music/PARTYNEXTDOOR/_/DIE+TRYING,DIE TRYING,PARTYNEXTDOOR
2026-05-16 16:17:41,1778959061,https://www.last.fm/music/Drake/_/Trust+Issues,Trust Issues,Drake
2026-05-15 20:06:27,1778886387,https://www.last.fm/music/Drake/_/Can+I,Can I,Drake
2026-05-15 19:37:20,1778884640,https://www.last.fm/music/Drake/_/Lose+You,Lose You,Drake
2026-05-15 19:16:17,1778883377,https://www.last.fm/music/Drake/_/Fire+&+Desire,Fire & Desire,Drake
2026-05-15 19:13:18,1778883198,https://www.last.fm/music/Drake/_/Can+I,Can I,Drake
2026-05-15 16:55:41,1778874941,https://www.last.fm/music/Drake/_/Slap+The+City+(feat.+Qendresa),Slap The City (feat. Qendresa),Drake
2026-05-15 16:52:43,1778874763,https://www.last.fm/music/Drake/_/WNBA,WNBA,Drake
2026-05-15 16:51:41,1778874701,https://www.last.fm/music/Drake/_/Rusty+Intro,Rusty Intro,Drake
2026-05-15 16:47:20,1778874440,https://www.last.fm/music/Drake/_/National+Treasures,National Treasures,Drake
2026-05-15 16:43:34,1778874214,https://www.last.fm/music/Drake/_/Burning+Bridges,Burning Bridges,Drake
2026-05-15 16:38:32,1778873912,https://www.last.fm/music/Drake/_/Make+Them+Pay,Make Them Pay,Drake
2026-05-15 16:35:25,1778873725,https://www.last.fm/music/Drake/_/Shabang,Shabang,Drake
2026-05-15 16:33:01,1778873581,https://www.last.fm/music/Drake/_/Ran+To+Atlanta+(feat.+Future+&+Molly+Santana),Ran To Atlanta (feat. Future & Molly Santana),Drake
2026-05-15 16:29:04,1778873344,https://www.last.fm/music/Drake/_/Janice+STFU,Janice STFU,Drake
2026-05-15 16:25:22,1778873122,https://www.last.fm/music/Drake/_/Whisper+My+Name,Whisper My Name,Drake
2026-05-15 11:50:57,1778856657,https://www.last.fm/music/Drake/_/Ran+To+Atlanta+(feat.+Future+&+Molly+Santana),Ran To Atlanta (feat. Future & Molly Santana),Drake
2026-05-15 09:16:42,1778847402,https://www.last.fm/music/Drake/_/Janice+STFU,Janice STFU,Drake
2026-05-15 09:12:59,1778847179,https://www.last.fm/music/Drake/_/Whisper+My+Name,Whisper My Name,Drake
2026-05-15 09:09:50,1778846990,https://www.last.fm/music/Drake/_/Dust,Dust,Drake
2026-05-15 09:04:48,1778846688,https://www.last.fm/music/Drake/_/National+Treasures,National Treasures,Drake
2026-05-15 09:04:43,1778846683,https://www.last.fm/music/Drake/_/Make+Them+Cry,Make Them Cry,Drake
2026-05-14 18:33:36,1778794416,https://www.last.fm/music/Drake/_/Can+I,Can I,Drake
2026-05-14 18:16:20,1778793380,https://www.last.fm/music/Drake/_/Jaded,Jaded,Drake
2026-05-14 18:11:10,1778793070,https://www.last.fm/music/Drake/_/Jungle,Jungle,Drake
2026-05-14 18:02:56,1778792576,https://www.last.fm/music/Drake/_/U+With+Me%3F,U With Me?,Drake
2026-05-14 17:25:30,1778790330,https://www.last.fm/music/Drake/_/Can+I,Can I,Drake
2026-05-13 18:33:48,1778708028,https://www.last.fm/music/Drake/_/6+Man,6 Man,Drake
2026-05-13 18:31:01,1778707861,https://www.last.fm/music/Drake/_/6+Man,6 Man,Drake
2026-05-13 18:18:06,1778707086,https://www.last.fm/music/Drake/_/Days+in+the+East,Days in the East,Drake
2026-05-13 18:15:07,1778706907,https://www.last.fm/music/Drake/_/Can+I,Can I,Drake
2026-05-12 19:46:05,1778625965,https://www.last.fm/music/Drake/_/Star67,Star67,Drake
2026-05-12 19:43:27,1778625807,https://www.last.fm/music/Drake/_/6+Man,6 Man,Drake
2026-05-12 19:40:17,1778625617,https://www.last.fm/music/Drake/_/Can+I,Can I,Drake
2026-05-12 00:55:11,1778558111,https://www.last.fm/music/Drake/_/The+Motion,The Motion,Drake
2026-05-11 19:02:08,1778536928,https://www.last.fm/music/Drake/_/6+Man,6 Man,Drake
2026-05-11 18:36:25,1778535385,https://www.last.fm/music/Drake/_/4422,4422,Drake
2026-05-11 18:20:41,1778534441,https://www.last.fm/music/Drake/_/Practice,Practice,Drake
2026-05-11 07:35:59,1778495759,https://www.last.fm/music/Drake/_/Practice,Practice,Drake
2026-05-11 07:31:55,1778495515,https://www.last.fm/music/Drake/_/Trust+Issues,Trust Issues,Drake
2026-05-11 07:27:17,1778495237,https://www.last.fm/music/Drake/_/Trust+Issues,Trust Issues,Drake
2026-05-10 17:59:24,1778446764,https://www.last.fm/music/Drake/_/Doing+It+Wrong,Doing It Wrong,Drake
2026-05-10 17:42:00,1778445720,https://www.last.fm/music/Drake/_/Paris+Morton+Music,Paris Morton Music,Drake
2026-05-10 17:25:47,1778444747,https://www.last.fm/music/Drake/_/Finesse,Finesse,Drake
2026-05-10 17:20:34,1778444434,https://www.last.fm/music/Drake/_/From+Time,From Time,Drake
2026-05-09 14:41:54,1778348514,https://www.last.fm/music/Drake/_/Lose+You,Lose You,Drake
2026-05-09 14:22:42,1778347362,https://www.last.fm/music/Drake/_/Jaded,Jaded,Drake
2026-05-09 14:05:05,1778346305,https://www.last.fm/music/Drake/_/U+With+Me%3F,U With Me?,Drake
2026-05-09 12:42:52,1778341372,https://www.last.fm/music/Drake/_/Jungle,Jungle,Drake
2026-05-09 11:45:11,1778337911,https://www.last.fm/music/Drake/_/Gyalchester,Gyalchester,Drake
2026-05-09 11:42:44,1778337764,https://www.last.fm/music/Drake/_/6+Man,6 Man,Drake
2026-05-08 19:25:18,1778279118,https://www.last.fm/music/Drake/_/Can%27t+Have+Everything,Can't Have Everything,Drake
2026-05-08 19:22:40,1778278960,https://www.last.fm/music/Drake/_/6+Man,6 Man,Drake
2026-05-06 09:05:20,1778069120,https://www.last.fm/music/Drake/_/6+Man,6 Man,Drake
2026-05-06 08:27:47,1778066867,https://www.last.fm/music/Drake/_/Jungle,Jungle,Drake
2026-05-05 18:58:34,1778018314,https://www.last.fm/music/Drake/_/0+To+100+%2F+The+Catch+Up,0 To 100 / The Catch Up,Drake
2026-05-05 18:34:55,1778016895,https://www.last.fm/music/Drake/_/6+Man,6 Man,Drake
2026-05-05 18:34:42,1778016882,https://www.last.fm/music/Drake/_/Know+Yourself,Know Yourself,Drake
2026-05-05 00:47:36,1777952856,https://www.last.fm/music/Drake/_/305+to+My+City,305 to My City,Drake
2026-05-05 00:21:24,1777951284,https://www.last.fm/music/Drake/_/The+Language,The Language,Drake
2026-05-04 17:57:16,1777928236,https://www.last.fm/music/Drake/_/Star67,Star67,Drake
2026-05-04 17:54:39,1777928079,https://www.last.fm/music/Drake/_/6+Man,6 Man,Drake
2026-05-04 17:54:06,1777928046,https://www.last.fm/music/Drake/_/Madonna,Madonna,Drake
2026-05-04 17:49:10,1777927750,https://www.last.fm/music/Drake/_/6+Man,6 Man,Drake
2026-05-04 17:37:21,1777927041,https://www.last.fm/music/Drake/_/Energy,Energy,Drake
2026-05-03 22:37:28,1777858648,https://www.last.fm/music/Drake/_/6+Man,6 Man,Drake
2026-04-26 23:39:15,1777257555,https://www.last.fm/music/Drake/_/From+Time,From Time,Drake
2026-04-24 20:18:38,1777072718,https://www.last.fm/music/Drake/_/4422,4422,Drake
2026-04-24 17:41:37,1777063297,https://www.last.fm/music/Drake/_/Madonna,Madonna,Drake
2026-04-24 17:26:30,1777062390,https://www.last.fm/music/Drake/_/Take+Care,Take Care,Drake
2026-04-24 15:10:15,1777054215,https://www.last.fm/music/Drake/_/Jungle,Jungle,Drake
2026-04-23 08:57:31,1776945451,https://www.last.fm/music/Drake/_/Madonna,Madonna,Drake
2026-04-23 08:55:04,1776945304,https://www.last.fm/music/Drake/_/Company,Company,Drake
2026-04-23 07:24:01,1776939841,https://www.last.fm/music/Drake/_/Now+&+Forever,Now & Forever,Drake
2026-04-23 07:18:50,1776939530,https://www.last.fm/music/Drake/_/Jungle,Jungle,Drake
2026-04-23 00:15:36,1776914136,https://www.last.fm/music/Drake/_/Passionfruit,Passionfruit,Drake
2026-04-22 17:47:52,1776890872,https://www.last.fm/music/Drake/_/Madonna,Madonna,Drake
2026-04-21 12:12:01,1776784321,https://www.last.fm/music/Drake/_/Madonna,Madonna,Drake
2026-04-21 11:39:55,1776782395,https://www.last.fm/music/Drake/_/Jaded,Jaded,Drake
2026-04-21 11:33:26,1776782006,https://www.last.fm/music/Drake/_/Jungle,Jungle,Drake
2026-04-20 20:16:31,1776726991,https://www.last.fm/music/James+Blake/_/Mile+High+(feat.+Travis+Scott+&+Metro+Boomin),Mile High (feat. Travis Scott & Metro Boomin),James Blake
2026-04-20 17:01:45,1776715305,https://www.last.fm/music/Drake/_/Madonna,Madonna,Drake
2026-04-20 16:47:12,1776714432,https://www.last.fm/music/Drake/_/Company,Company,Drake
2026-04-19 18:01:20,1776632480,https://www.last.fm/music/Drake/_/Marvins+Room,Marvins Room,Drake
2026-04-19 17:50:31,1776631831,https://www.last.fm/music/Drake/_/Fire+&+Desire,Fire & Desire,Drake
2026-04-18 21:06:01,1776557161,https://www.last.fm/music/Drake/_/Know+Yourself,Know Yourself,Drake
2026-04-18 19:44:23,1776552263,https://www.last.fm/music/Drake/_/Know+Yourself,Know Yourself,Drake
2026-04-18 19:29:54,1776551394,https://www.last.fm/music/Drake/_/Paris+Morton+Music,Paris Morton Music,Drake
2026-04-18 19:08:56,1776550136,https://www.last.fm/music/Drake/_/Pipe+Down,Pipe Down,Drake
2026-04-18 19:05:06,1776549906,https://www.last.fm/music/Drake/_/The+Motion,The Motion,Drake
2026-08-29 14:10:54,1788023454,https://www.last.fm/music/James+Blake/_/When+I%E2%80%99m+Home,When I’m Home,James Blake
2026-08-29 13:23:49,1788020629,https://www.last.fm/music/Drake/_/We%27ll+Be+Fine,We'll Be Fine,Drake
2026-08-27 18:14:00,1787865240,https://www.last.fm/music/Drake/_/Now+&+Forever,Now & Forever,Drake
2026-08-27 17:52:12,1787863932,https://www.last.fm/music/Drake/_/Don%E2%80%99t+Matter+To+Me+(with+Michael+Jackson),Don’t Matter To Me (with Michael Jackson),Drake
2026-08-27 17:31:32,1787862692,https://www.last.fm/music/Drake/_/Up+All+Night,Up All Night,Drake
2026-08-27 17:15:50,1787861750,https://www.last.fm/music/Drake/_/6+Man,6 Man,Drake
2026-08-27 17:10:57,1787861457,https://www.last.fm/music/Drake/_/We%27ll+Be+Fine,We'll Be Fine,Drake
